-1192.3,-1366.5,-327.27,-119.06,-207.95,220.63,20.292,-68.745,-38.931,32.49,19.928,-50.319,-19.971,-74.91,38.456,53.849,44.051,127.56,117.58,74.981,2.6027,22.89,12.871,-4.9093,34.834,-31.495,27.771,-1.7425,20.488,-22.33,0.65108,-10.102,4.1968,-5.6646,6.2276,-6.7641,0.38708,3.7554,7.8981,-10.239,-2.3707,11.684,-11.855,10.595,-3.3017,-4.8904,35.298,38.742,-14.474,23.236,-1
273.42,-1029.7,116.19,579.01,-14.182,-96.542,-53.513,-217.27,-6.6589,76.178,-152.51,-40.442,45.48,36.658,-139.63,62.935,143.12,33.955,-60.677,-87.895,-37.081,70.107,-198.12,-147.36,-70.39,-26.238,102.99,-96.028,36.72,-57.014,0.19882,32.828,13.279,-37.728,-63.922,-119.24,-37.904,24.681,50.09,-13.144,-17.618,-15.952,29.976,13.789,49.889,-2.1772,-25.616,-14.799,42.155,30.568,-1
-376.9,-1250.3,-40.553,377.41,-96.278,-63.097,38.69,-155.47,-53.129,0.12507,38.679,57.469,-56.901,-33.003,-73.378,124.31,18.386,18.743,27.54,-51.747,-25.751,42.577,-177.15,-74.487,-46.13,23.111,12.928,-41.222,9.1681,-115.62,-4.0471,9.5424,-0.46011,-8.0223,-36.913,-63.186,-35.685,29.871,-10.456,42.323,-19.451,-8.8641,18.213,20.988,-25.122,1.2665,7.0881,-29.578,17.804,14.967,-1
-453.79,-1308.9,22.082,345.68,-137.66,107.42,-46.554,361.04,-21.407,-35.814,-42.426,61.41,-23.985,-25.506,31.15,29.013,-29.442,35.629,-33.6,1.6192,-17.853,-30.626,-39.971,27.272,5.8723,-16.857,-34.27,27.568,-48.658,45.029,-16.198,-57.52,-3.4387,-20.09,69.915,49.311,-29.495,-34.27,11.036,20.437,37.091,-60.191,-6.3797,-41.838,14.883,-2.0221,-20.916,21.587,-22.461,4.8711,-1
-602.79,-1281.8,-170.4,184.59,-166.56,-46.777,-94.796,27.341,-74.352,-15.992,64.784,-73.533,-49.514,23.371,4.7391,-10.474,14.45,41.776,-19.58,-21.955,-7.1198,-35.647,-24.181,38.437,-10.472,10.013,-38.335,2.0128,9.9811,36.275,-20.821,-24.895,-7.8746,-7.8592,21.317,-1.0836,49.31,-9.0412,30.166,-6.179,-58.703,14.658,9.3955,13.469,-3.3093,-1.8464,14.797,-1.3702,4.1867,-5.4676,-1
-484.93,-1271.4,-146.42,312.64,12.011,81.816,-90.252,142.35,63.067,-18.029,-167.8,35.627,-61.595,-37.496,-31.137,7.7429,-73.239,22.524,-11.585,0.63706,-43.966,-40.645,-57.776,45.493,26.25,-25.548,-9.2614,5.4551,-27.966,47.999,-0.19447,-60.105,-5.7006,-14.532,32.485,20.055,10.559,-24.608,-12.998,46.656,-2.496,-14.343,6.1199,-19.677,-9.6809,10.211,18.638,12.24,-14.278,-0.49262,-1
-364.62,-1311.7,-10.584,351.67,-96.873,-22.544,-32.299,376.51,99.598,-114.64,56.048,30.968,-91.502,-63.064,-27.706,9.0107,-86.849,29.834,40.998,-21.63,-20.772,-11.683,-41.969,14.423,-10.505,53.961,-50.688,13.753,20.068,36.78,-63.109,-30.159,-36.517,21.74,66.328,-9.7556,113.58,-2.0957,12.527,10.154,-23.13,20.053,34.972,36.016,0.081538,48.302,38.791,-55.158,23.7,4.649,-1
-560.89,-1324.3,-31.189,356.73,-101.21,240.36,-105.95,-28.299,5.9023,33.999,-18.689,-31.078,-84.931,-44.13,-8.9837,24.69,83.726,-53.996,6.3429,-65.236,-53.117,-2.2526,-94.546,-26.454,-15.58,-14.254,-53.738,-53.822,-18.896,-6.8209,-98.499,-55.325,-63.833,-12.413,40.879,-60.913,49.4,-10.618,57.885,18.166,-59.449,12.114,13.534,32.27,8.4342,4.2522,22.938,9.9165,18.609,-14.821,-1
-403.06,-1212,-226.86,167.6,134.54,-107.6,28.4,525.36,78.504,-107.91,-175.71,195.9,-26.997,-86.617,-145.82,22.446,-74.765,8.7165,35.984,-22.936,-26.463,-4.1372,0.043281,-25.532,-29.857,38.432,-30.294,42.546,8.6525,16.318,-6.5525,-21.827,-30.395,18.38,21.508,-19.92,49.425,35.96,51.22,-0.14244,44.745,23.119,53.656,54.45,34.503,31.865,9.447,-33.397,2.3132,-21.739,-1
-583.15,-1276.9,-139.1,173.71,25.221,63.106,-95.671,195.6,57.96,-27.654,-48.111,-10.395,-101.91,77.662,-57.94,101.21,-211.58,16.494,53.568,1.9548,-23.527,-53.299,-54.901,15.306,10.851,-5.7704,-24.887,-18.333,-8.7153,36.567,-35.525,-40.977,19.099,-29.923,32.289,14.124,11.882,-14.732,1.9107,1.0641,5.4285,-3.2566,-2.1502,-12.956,17.213,7.7109,18.319,-1.2406,-2.3232,20.848,-1
-118.45,-1262.2,-8.5222,411.21,-17.285,-12.35,-28.21,344.54,112.94,-43.859,-151.17,153.48,-98.685,-189.3,-118.64,5.2272,-83.464,31.331,-39.595,-21.323,-34.06,-33.168,-30.114,21.97,-22.748,30.187,-35.159,11.012,-51.971,63.31,-52.836,-92.015,-5.3146,24.366,77.324,-31.619,66.66,-33.53,41.81,23.524,-56.08,25.741,19.988,25.832,-11.368,2.1637,37.564,-15.993,0.15956,-10.31,-1
-463.48,-1274.4,-178.28,206.84,-56.42,41.095,-114.98,229.18,4.6666,0.43368,-6.6976,97.113,-75.056,-35.539,-103.98,6.299,-77.463,10.47,4.3856,-2.8291,-17.005,-44.653,-21.277,19.541,-3.2118,1.1682,-30.884,1.3746,-23.588,45.175,-17.931,-54.412,-38.227,34.951,11.17,-32.781,53.343,-25.645,28.879,24.45,-39.323,13.803,15.926,4.8354,-27.195,-6.2268,8.6495,-9.9448,3.973,-24.864,-1
-468.12,-1341.8,-242.14,169.94,-89.78,-94.57,83.505,321.46,-119.94,-129.9,-11.648,222.37,-71.115,-118.03,-68.007,1.8287,-38.947,11.396,-13.247,-4.9548,-20.809,2.3914,16.62,-2.3307,-19.424,35.17,-20.226,21.016,15.09,17.318,-5.5315,-28.776,-50.992,53.92,6.0998,-39.422,55.594,-21.666,29.655,-0.55222,-24.589,23.574,7.3118,14.697,-3.5484,28.614,35.419,0.46611,29.102,24.272,-1
-1489.4,-1403,-544.78,-51.783,-348.66,-105.8,-206.06,-23.608,-60.713,-110.91,21.935,-39.253,-123.06,-61.258,-49.679,-6.3612,-107.38,-77.101,41.94,-66.929,-16.309,4.5227,20.605,-114.5,-11.619,-78.883,-14.469,-9.864,-20.37,-19.379,19.916,-15.335,-42.279,-27.947,12.107,-0.26645,9.0304,-29.141,10.712,-15.914,-7.1302,-9.1696,-15.084,9.7706,-0.48047,-9.9133,-15.649,-0.75887,8.906,-0.33558,-1
-1691.2,-690.23,-363.93,64.079,-361.75,-140.03,-63.518,333.87,-215.2,193.79,24.653,-19.506,154.03,-59.179,-39.156,-91.168,-23.298,-64.133,36.759,-57.662,2.1752,-24.498,-18.379,-49.51,9.7562,23.432,76.713,3.2204,-7.5573,-8.0404,-14.551,50.849,15.471,-46.936,-44.954,87.58,28.322,-95.873,-11.788,63.44,49.161,-35.986,-52.483,-37.259,-6.1533,12.577,-35.671,3.3293,4.5491,-23.378,-1
-2574.1,1631.6,65.278,63.133,-417.39,-80.041,-140.25,-415.4,-103.58,304.37,10.666,19.252,-87.106,-84.744,-328.77,-89.933,114.77,-22.237,40.015,-6.6378,0.63306,-65.099,-167.27,37.421,-1.4464,13.481,33.333,-25.968,-62.03,-111.04,21.484,-223.11,26.293,-52.439,38.137,59.276,93.097,-46.202,-11.583,58.307,-106.51,12.258,-55.664,-18.437,-12.868,18.946,17.045,92.03,16.674,-75.727,-1
-3048.4,2792.7,408.43,160.39,-495.2,-74.138,-75.785,137.54,-180.62,346.02,15.789,37.485,-435.19,2.6849,-125.62,-78.483,80.833,10.75,2.673,6.0251,-19.278,-51.309,-114.85,19.485,2.57,10.02,14.539,-40.647,-56.443,-77.622,45.649,-35.42,15.97,-74.923,-71.32,66.204,115.95,-19.036,-75.939,129.17,-116.54,-139.26,-100.14,-39.445,70.901,92.957,71.473,176.76,-41.542,-81.65,-1
-2575.6,1481.7,89.178,-112.66,102.06,16.726,-275.41,-166.65,-195.33,503.6,48.994,25.015,-187.21,-57.206,-213.33,-56.605,64.101,34.735,-10.11,21.786,19.156,55.528,74.6,37.208,-2.835,49.955,-7.9001,-12.214,-25.318,-89.818,-2.4013,-126.34,37.442,-54.686,-2.9121,60.633,99.748,-60.088,-13.935,17.472,0.56812,-37.192,-19.924,-66.62,-5.8725,25.98,-1.5047,-38.216,-28.479,28.34,-1
-2463.9,1190.9,-34.446,-148.61,290.58,49.839,-189.35,115.53,-142.56,309.35,31.388,19.607,-87.304,-85.23,-238.05,-65.894,47.478,13.767,-1.9195,-23.456,10.3,0.038035,-32.114,64.766,5.5701,28.126,-80.266,-8.949,-28.188,-85.204,17.575,-111.58,18.435,-36.821,9.0597,47.277,96.127,-43.746,-3.592,25.256,51.345,-11.461,9.9743,-27.475,20.035,28.631,-3.9487,-45.187,5.1624,-15.338,-1
-3256.1,3246.1,463.71,37.31,-185.87,-8.3194,-209.19,-127.3,-166.39,426.66,41.036,42.213,-444.86,-22.85,-225.61,-71.365,111.87,60.358,-17.723,34.031,24.669,45.835,27.167,69.672,-2.9336,17.962,-125.78,-7.3793,-14.813,-90.745,32.632,-154.99,-26.639,-7.6708,88.088,-0.91374,63.786,-13.439,8.3765,16.077,5.5602,23.532,-7.253,-26.245,-36.715,-28.944,-32.108,-125.28,-16.733,-101.74,-1
-3332.1,3444.6,427.9,56.272,-87.766,12.658,-71.91,200.08,-45.271,32.633,1.4029,28.492,-69.031,-129.51,-364.89,-101.3,74.739,21.394,13.096,-35.006,23.031,-14.9,-90.187,78.519,22.131,17.931,-117.36,-1.7788,-47.057,-113.5,90.902,-164.38,-67.77,-3.4051,166.16,-63.096,-50.335,64.167,-4.4778,65.856,18.257,25.36,15.001,5.225,43.641,12.789,3.1103,-97.596,22.889,-33.25,-1
-3380.6,3561.7,475.83,42.664,-97.633,21.304,-140.5,76.103,-130.11,306.51,35.592,46.207,-615.27,80.002,-2.3859,5.986,84.767,80.774,-26.137,25.971,35.076,69.112,8.8569,118.88,0.041037,-16.137,-234.05,-45.863,-97.595,-104.86,137.4,-12.717,-97.55,12.963,86.556,-21.391,9.7885,45.93,25.412,44.038,70.523,45.173,28.784,30.22,33.322,16.25,17.404,-3.7692,-5.427,106.67,-1
-2721.7,1858.8,169.78,-92.429,56.356,12.28,-268.24,-204.73,-171.53,462.03,51.751,31.704,-281.2,-55.49,-259.21,-73.966,107.27,51.615,-7.6617,45.916,24.025,39.35,51.045,13.24,-0.40472,-3.2197,-52.277,0.67234,2.5737,-33.483,31.743,-113.29,-23.186,-27.506,83.838,-63.014,-53.441,95.169,-7.8879,4.8582,26.011,26.17,-25.225,30.371,-29.864,-49.225,-4.1771,-34.788,-15.759,13.386,-1
-2401.4,1005.3,-109.04,-265.85,448.16,99.918,-253.38,-333.28,-32.932,167.09,37.339,22.113,-76.059,-51.859,-141.38,-1.2141,24.882,37.895,-9.9303,17.556,19.965,51.71,63.34,30.921,1.636,53.253,-0.24562,17.175,24.388,-73.355,-8.3996,-227.91,-26.244,21.611,131.22,-63.166,27.139,40.91,-28.39,35.253,-65.323,-62.612,-71.713,-63.595,-49.95,-48.854,3.2989,9.1758,-46.109,80.237,-1
-2085.9,230.95,-86.629,-103.01,-133.11,-57.848,-257.78,-301.28,-64.282,76.988,38.776,-26.875,137.7,-34.07,23.456,38.274,-90.765,-34.989,2.9516,-63.961,-13.692,8.7005,43.955,-54.357,5.3426,40.432,75.765,26.28,64.827,-10.931,-56.477,-74.726,15.66,-14.983,-6.1025,19.427,96.732,-1.1144,-59.422,65.392,-3.2262,-34.847,-31.046,-142.78,-19.767,14.901,-38.698,-235.92,-30.576,-39.096,-1
-255.28,397.43,117.99,-443.49,-281.5,-11.891,19.45,447.66,-44.737,53.443,-182.51,-13.334,42.393,-25.807,42.438,-19.018,-20.337,-72.034,-103.42,-76.67,-57.578,-71.25,-32.385,-22.873,-5.4387,-33.111,59.334,60.137,27.468,-19.147,54.117,30.238,-12.02,35.64,-90.343,148.76,-55.359,-52.205,-12.921,39.829,51.305,29.787,-11.123,-29.364,-39.604,-19.633,-40.923,41.232,-72.705,-1.6607,-1
-691.58,173.13,364.06,-145.85,-307.62,-231.38,301.49,518.1,-59.394,26.935,78.948,0.049463,200.07,-32.312,36.752,18.065,-65.907,107.23,22.396,-6.3899,-53.418,-91.166,-24.482,-33.622,-73.545,28.739,-10.258,33.086,-7.0734,3.3903,-32.213,40.999,-127.26,-10.22,41.108,-136.82,93.694,112.36,5.0084,-34.91,-25.186,-57.717,9.4024,29.153,17.39,-8.9034,-0.062275,9.9078,-36.231,-19.028,-1
-432.69,147.27,137.83,223.68,-339.93,-309.67,314,341.44,-3.5841,165.92,26.867,14.801,117.07,8.9299,-67.204,54.041,-137.27,-16.886,44.614,-49.676,-96.502,-73.019,-7.3301,-62.615,-61.078,-0.58414,-65.991,-8.6979,-28.677,-14.657,-68.568,11.422,-62.168,-20.824,5.0433,-17.427,88.882,23.403,5.8779,7.4194,-54.674,-38.483,-1.7357,-6.5203,52.202,-25.611,2.2115,24.267,-13.855,10.023,-1
-482,299.63,416.42,220.21,-338.83,-374.82,510.07,531.57,-46.54,-4.857,-105.74,108.69,-8.0666,71.754,-61.425,-103.1,38.379,-42.805,39.133,1.8951,-45.591,-45.676,-51.872,-42.305,-49.478,46.239,-96.662,-85.348,-34.491,72.102,53.54,93.684,-14.034,-72.778,227.25,-158.83,-44.659,-4.0325,-8.9264,16.595,66.557,-52.007,-48.064,2.649,25.441,16.488,3.4476,-28.374,-8.8797,2.8067,-1
-370.1,107.3,525.96,325.38,-411.6,-404.55,660.1,470.72,120.44,137,-16.998,31.092,130.1,-1.1105,35.066,45.862,-23.221,49.192,27.083,-32.027,-152.28,-14.576,-35.233,41.392,5.5095,2.654,-17.91,-36.424,26.935,27.309,107.35,69.759,20.904,112.54,-55.025,-37.808,106.86,-55.092,89.582,-51.941,35.28,-36.884,50.423,2.9191,37.269,-43.844,-31.957,20.871,53.123,36.547,-1
-498.01,338.8,297.33,133.27,-324.87,-278.2,369.73,447.68,-21.577,123.95,35.572,45.284,50.55,63.328,1.1612,69.613,-56.709,-73.797,57.779,-94.444,-170.64,23.154,-19.005,15.101,-18.29,-67.128,28.673,25.197,-28.108,-43.029,-91.2,-56.258,-41.093,40.949,-113.63,90.598,115.48,9.0158,10.524,-32.977,-72.485,-1.0931,43.546,-7.7042,37.914,-20.615,-4.3987,-24.049,-43.767,9.7242,-1
-98.838,250.7,616.26,10.718,-429.48,-306.38,802.01,473.85,-158.12,-1.2871,-157.7,49.516,-3.1206,1.9747,-10.088,83.988,-93.806,-61.13,-16.816,3.449,-90.924,44.696,-24.583,31.11,-61.632,-44.59,-18.682,86.916,46.492,-12.136,-58.006,105.17,-118.66,11.706,-95.214,92.327,-9.6119,-39.245,-63.505,-38.647,-56.692,4.9449,8.908,41.794,16.233,-14.298,-2.6635,43.562,3.1991,28.215,-1
-635.94,365.31,367.42,59.701,-348.59,-372.7,592.86,505.24,-86.138,64.523,-29.022,79.877,-87.744,96.36,-60.604,24.624,4.4254,-50.108,0.43508,-4.3177,-137.9,-17.249,26.313,20.577,-43.633,11.918,6.4731,92.993,19.531,27.978,136.96,65.656,20.151,-39.105,135.37,63.729,-66.852,-5.9291,11.701,38.444,40.718,32.665,13.808,4.295,-6.2522,-25.498,-8.0456,-29.268,-43.512,-15.062,-1
-758.4,201.66,313.96,92.063,-188.85,-268.75,361.58,457.27,-138.37,22.856,-54.111,10.046,49.934,40.738,-22.942,119.42,-113.99,-50.361,17.017,-12.116,-132.39,19.098,-7.2659,48.865,34.988,23.046,-22.961,66.925,68.06,-42.116,86.15,69.876,0.0045795,14.125,-41.356,135.78,8.4219,-26.834,-19.114,-3.1152,-15.545,24.007,28.81,-16.934,40.626,-27.923,-15.937,-16.004,9.094,9.0154,-1
-871.81,136.01,114,60.772,-144.26,-272.4,319.96,182.75,14.981,91.929,-64.653,34.602,82.15,-15.537,84.189,70.66,17.964,3.0343,20.805,-8.8552,-92.231,-77.799,67.773,-4.6938,-56.469,15.596,-17.373,73.471,-21.371,-28.136,-42.698,-1.2465,-64.286,13.401,16.832,-28.053,49.136,-48.718,74.047,-30.731,40.001,-19.447,53.487,-41.256,60.932,-1.8147,13.844,27.619,37.522,-2.7245,-1
-827.69,295.17,799.42,84.49,-228.49,-445.58,695.96,813.73,-112.98,-98.816,-23.534,113.5,-19.254,160.04,-60.403,36.309,59.16,-81.098,124.89,-54.233,-226.24,44.394,97.288,105.99,-30.291,-146.14,181.25,326.21,137.21,-2.9905,108.24,-72.047,51.377,71.988,-347.14,357.85,41.168,-103.13,-22.559,-70.589,-7.6712,55.842,83.795,13.745,60.062,-25.438,8.2022,26.973,118.81,42.431,-1
-245.52,627.31,119.76,94.74,-278.17,-263.73,171.05,197.52,74.145,234.67,-88.533,55.297,56.55,105.58,-132.42,-83.368,-37.57,-111.78,-14.473,-65.988,-120.98,48.744,-28.544,-21.017,-112.25,10.543,-72.44,89.826,39.824,-16.096,74.617,78.173,-49.567,-69.38,119.99,132.54,-67.038,25.133,-46.495,14.366,-50.376,24.935,-8.6204,1.6266,17.127,-29.428,-26.581,-13.728,6.2548,11.323,-1
-784.96,-970.58,-406.38,-61.307,237.67,-138.39,61.7,-159.24,-192.82,-228.16,164.59,30.37,32.536,4.0137,-118.91,-73.181,-13.004,-124.11,19.241,18.814,-19.758,8.7508,14.259,-5.9797,14.259,-22.622,12.722,-21.933,25.383,-36.859,-20.438,-3.5796,11.421,1.8933,-3.651,-21.07,-6.359,-7.469,-8.5401,18.015,11.879,0.30771,7.504,-27.474,-10.932,-4.1776,-14.569,-3.5749,11.462,-6.8566,-1
-1816.3,2088,10.426,-178.93,22.923,-292.39,160.9,-130.59,-205.49,467.75,373.52,-29.113,117.33,-129.76,99.262,-18.921,-13.885,37.618,255.96,-37.724,-59.521,-192.22,26.122,-3.3897,-63.493,20.047,-34.712,86.6,59.785,25.205,91.424,-7.1055,14.672,-3.5614,64.951,100.73,-6.9722,-70.778,52.669,89.798,153.28,-8.9303,-61.313,87.152,-44.193,-38.616,-94.148,-37.797,-75.882,-96.945,-1
-1533.2,1673.2,159.69,205.35,209.23,-366.84,14.604,-181.87,-112.5,341.7,434.72,-52.666,-119.85,-30.676,21.869,44.308,64.174,-43.434,-143.29,-1.8615,0.78035,120.53,-22.241,2.2171,42.661,21.414,-30.147,23.283,71.667,-30.662,-113.92,1.9309,107.18,39.825,-69.38,82.941,-52.845,67.031,48.535,8.9583,64.075,40.522,-23.184,96.553,3.4811,-34.011,-12.513,-56.157,25.32,-44.333,-1
-1880.3,2295.6,370.98,410.85,-27.715,-299.63,66.422,-102.41,-283.03,278.26,-87.928,10.979,424.56,-171.64,56.741,40.031,116.46,-47.345,-88.319,11.971,31.556,121.4,11.003,57.111,5.4774,56.035,32.944,-38.495,28.286,20.469,-46.79,-29.216,6.0163,-60.313,-27.875,24.396,28.955,0.86435,-42.73,26.022,-61.697,-19.729,65.61,-85.822,36.984,-22.054,-25.624,93.9,-57.739,37.522,-1
-1452.1,1113.1,199.37,487.52,130.77,177.6,47.55,-34.191,-97.883,134.67,-48.754,-20.491,104.24,15.903,55.996,102.89,112.91,-41.051,421.48,9.2929,102.71,-79.064,-35.478,94.88,-37.708,128.69,-31.679,-24.25,30.215,64.782,-18.482,-13.279,-19.946,-77.947,-13.49,-51.096,-71.964,144.03,99.836,132.99,1.8736,-15.37,-32.133,76.846,-32.678,-1.13,-153.41,28.142,73.814,32.421,-1
-1941,2463.2,401.77,394.5,-79.964,-529.91,168.27,-141.3,-253.84,237.32,-3.1503,-3.0434,320.29,-129.39,80.325,42.98,123.3,-48.241,-66.767,-67.779,4.7614,184.86,45.571,-17.496,44.599,26.971,-8.4543,6.0499,56.039,-25.761,-59.093,6.8887,39.66,-58.887,1.8976,57.928,-5.6894,-37.61,-3.4305,20.111,6.8457,-3.254,38.75,-74.937,71.963,-28.914,15.433,46.326,-35.791,37.197,-1
-2392.8,3709.1,557.16,327.13,-161.24,-622.88,240.24,-67.92,-50.119,54.892,-4.8118,-4.5466,286.27,-114.64,29.682,-14.424,-10.186,76.869,-91.962,-1.8983,27.482,125.53,18.568,65.696,17.966,28.736,35.736,6.55,75.06,1.1245,-69.686,17.079,80.983,-117.39,48.688,113.61,88.717,-12.781,3.7765,41.736,41.183,15.747,-14.201,-100.6,17.375,58.516,62.134,30.766,-16.004,76.843,-1
-1754.4,1923.8,302.2,422.12,-0.12395,-343.69,317.2,-115.8,-239.26,391.83,25.843,-17.428,106.05,-23.5,13.355,4.8303,-1.9358,59.736,-39.783,-7.9023,49.23,137.89,1.3754,55.965,14.437,42.874,35.09,3.1923,43.037,19.616,-46.55,2.4841,42.107,-60.641,4.5742,81.678,108.97,10.549,-50.389,-23.001,16.657,-4.2481,31.704,3.129,32.471,32.348,-26.845,72.191,51.469,-7.5752,-1
-1632.6,1604.7,247.68,420.68,1.7086,-332.28,347.88,-17.243,-127.8,153.81,-137.64,-2.3304,174.48,-37.908,-4.2444,-20.723,-78.398,118.53,123.97,14.185,74.462,15.604,-23.114,101.33,-7.7527,22.609,39.722,21.618,14.716,46.79,15.199,29.247,22.47,-88,82.991,38.499,93.352,-61.497,-28.821,10.584,8.5898,-10.379,-35.128,-22.836,-37.98,109.35,110.37,-42.757,94.582,-91.656,-1
-1689.8,1773.8,309.07,445.84,52.736,-202.14,-0.041741,-199.44,-361.78,436.55,179.3,6.5572,211.16,-90.809,4.3341,37.375,7.6926,14.332,-8.9376,37.67,43.311,57.836,-20.363,80.739,-6.9972,39.357,26.718,30.523,10.934,94.015,-5.1395,4.8886,-17.478,-113.31,9.466,31.828,53.49,24.688,-7.3744,104.87,-29.93,-14.017,2.327,-53.719,-17.471,43.431,-29.405,17.861,129.95,-44.078,-1
-1411.6,922.6,202.92,600.94,335.64,1030.2,-687.72,-242.17,-350.35,340.89,-87.066,58.173,46.518,96.841,-92.68,66.552,-14.872,-53.157,-22.775,41.474,80.726,-2.0299,115.32,57.532,47.535,24.127,-99.544,105.15,63.347,-25.338,-22.624,-21.699,66.134,60.554,-24.891,100.74,-71.431,-91.143,10.594,-138.66,-65.944,41.495,44.905,-13.714,53.458,-15.742,122.3,-2.3311,-72.451,72.3,-1
-1740.6,1893.6,333,482,66.091,-113.62,-14.082,-310.44,-278.06,404.85,304.76,-16.296,-391.59,192.43,-44.702,-54.353,-182.49,178.96,418.39,-15.694,86.899,-68.304,-66.727,117.08,-82.14,144.26,68.155,-141.61,8.4585,4.7863,-47.323,-49.357,75.127,-25.202,32.545,-16.838,-5.5572,17.575,-8.1047,15.35,-39.214,19.076,6.1389,-58.669,-7.8141,23.607,16.28,-11.075,53.968,56.172,-1
-996.51,-734.93,-463.32,-94.515,-43.135,-262.33,1.7515,-68.559,-214.88,-100.39,-67.463,23.695,-164.61,41.058,32.86,2.5643,8.4598,-27.526,-4.8745,14.191,-38.329,-95.071,-0.071609,19.369,-7.8973,-42.415,-22.701,8.2804,-12.503,-40.552,-34.193,-12.282,-10.648,-1.6458,10.999,1.6196,-7.6128,-8.1278,3.6338,-0.43583,10.717,2.3626,-10.647,-6.9529,1.8799,-5.6992,4.5475,5.7586,-3.6234,0.13066,1
-971.42,184.56,161.99,-57.705,522.07,-288.48,262.75,100.55,-13.363,153.38,-13.398,22.837,47.259,1.557,13.446,33.51,-27.163,-4.3276,48.145,10.42,-8.7557,8.2226,4.2911,11.929,-19.682,44.196,47.592,-32.828,-67.043,-61.808,18.743,-42.62,22.993,-35.106,34.572,30.394,-29.768,-23.64,46.349,12.881,34.272,6.2553,-26.266,-30.144,38.652,34.289,42.176,49.544,37.224,-25.032,1
-957.29,-37.383,158.42,-117.72,492.08,-169.9,456.12,-145.28,28.951,-103.82,-16.096,-2.1347,82.744,-25.655,13.271,-28.589,-34.915,-24.514,62.562,-3.0898,9.2309,-51.819,-12.145,15.45,23.561,-24.5,38.006,-46.782,-73.963,-51.858,-45.5,-87.876,10.341,-33.143,29.92,-10.01,-0.70888,10.482,-42.553,11.105,26.779,19.577,7.2883,-4.7074,0.4492,-2.6002,2.1598,-10.958,-14.115,-37.967,1
-979.87,241.3,177.15,44.562,538.01,-301.33,164.29,192.72,-27.716,254.55,-25.674,10.056,24.548,-2.3442,26.405,-40.273,9.7637,-63.413,38.58,-30.093,-48.477,-4.1485,5.2635,16.736,-32.81,-20.972,72.292,-23.417,-97.959,-84.609,23.563,-79.002,14.57,-2.8904,9.9265,16.864,-24.056,-7.2376,-0.88949,6.8171,25.555,20.958,-17.433,-0.41856,2.8551,-6.6872,14.349,3.0719,1.6504,-9.3694,1
-955.58,-102.33,140.2,-24.188,520.15,-236.88,325.79,34.073,-2.1792,71.925,-22.91,19.014,44.461,0.99946,23.34,-0.3606,-46.786,-9.6282,63.631,123.2,-27.042,34.037,-0.33178,26.831,-9.5865,-52.377,36.239,-22.188,-59.08,-32.689,4.6654,-71.914,2.5976,-14.448,36.265,12.545,-15.915,-2.1862,-3.4649,3.8244,17.447,14.767,-24.085,-4.6646,-0.7547,-5.728,7.1567,-13.501,-18.467,-28.657,1
-979.35,365.14,187.31,-60.171,513.61,-292.29,187.17,75.564,-40.394,72.679,-12.147,15.523,15.374,16.449,30.72,83.517,-70.364,41.085,60.52,94.268,-19.991,22.789,-7.2303,22.735,-4.0355,-13.097,105.04,6.0113,-106.32,-12.877,4.2951,-87.853,13.14,-43.762,56.14,-9.8076,5.8656,3.4021,-73.733,10.924,40.539,20.912,-24.902,-26.58,7.8421,20.658,10.425,-39.27,-35.254,-43.671,1
-958.34,-152.4,136.65,28.21,529.52,-147.11,268.03,-58.833,-116.08,192.45,-30.457,83.179,11.359,20.001,23.439,77.69,-67.985,21.152,67.561,-71.437,56.983,-11.273,-4.5916,-3.8951,3.6355,32.983,-26.665,-9.9587,-14.206,33.744,-46.791,-56.111,40.114,17.377,-53.849,-5.9003,12.015,-6.7564,20.862,-17.915,-17.66,-9.1183,41.876,27.342,-13.38,1.7843,-19.564,19.468,0.59904,13.175,1
-937.46,-319.79,116.58,11.588,518.13,-193.27,187.1,-51.03,-142.04,136.47,-22.69,43.102,31.461,2.6168,18.647,6.3711,-50.325,3.985,86.986,-0.69117,31.108,-29.948,10.973,27.65,-9.8429,18.745,-29.302,39.401,16.889,-4.6366,-13.96,-21.659,43.216,-29.134,-6.5518,22.507,-0.72413,-38.524,-31.905,26.061,22.176,4.992,11.165,-33.58,4.1733,2.3365,8.5641,28.541,10.431,-42.111,1
-962.77,86.397,164.5,39.157,522.09,-237.86,23.281,32.571,-200.58,256.85,-26.695,34.232,-2.4731,9.053,36.219,-36.283,-63.308,-1.3619,97.45,80.982,-9.9885,6.8732,36.564,71.591,-18.847,44.04,21.982,74.842,-40.41,-11.703,-10.358,-71.013,44.467,-20.796,-3.9224,4.6522,-14.144,-9.3817,-20.472,6.1027,13.013,-28.532,64.744,6.9209,-19.619,-16.157,-38.84,18.417,3.8643,-38.969,1
-957.41,-33.128,116.69,-73.883,548.19,-314.83,125.62,116.06,-158.38,360.66,-14.075,89.461,5.1283,27.223,21.341,102.91,-101.49,54.963,74.372,80.169,11.638,66.591,47.73,50.237,-34.211,131.11,11.016,57.861,-27.204,26.286,1.4825,-73.362,52.774,3.5597,-13.21,26.882,-21.469,-22.844,-6.2906,16.588,25.725,-7.4533,26.739,-12.565,27.619,52.249,0.52396,53.944,31.048,-48.949,1
-993.24,414.83,195.1,19.27,519.2,-245.83,266.9,151.69,-32.583,288.77,-23.916,62.524,0.7282,44.524,23.95,238.48,-81.35,79.202,46.03,82.65,-2.3017,40.461,40.773,36.888,-17.715,107.14,23.693,41.282,-36.22,72.719,-35.739,-134.46,37.92,20.642,6.137,-26.179,8.5448,2.9319,-53.12,-10.992,-7.8782,25.173,-21.63,0.53229,-14.778,-1.2244,-13.796,-9.9811,-16.887,2.9873,1
-938.75,-270.56,107.14,-38.983,523.33,-254.2,221.31,6.181,-98.91,84.561,-17.822,43.381,36.148,-4.1958,16.977,-32.136,-83.177,12.384,117.82,-20.474,78.61,-61.802,19.321,35.958,18.184,98.424,-44.307,47.157,43.835,42.663,-44.741,-39.761,55.469,-53.175,14.885,22.557,-2.6439,-34.479,-10.979,12.822,34.365,-19.945,35.221,-15.713,-34.919,-35.208,-23.421,-63.256,-56.4,-42.859,1
-2489,-361.38,-499.86,-420.2,-276.98,372.85,-298.47,173.21,19.794,8.9115,-17.265,-51.95,105.96,-17.761,37.355,8.7785,63.997,19.635,42.442,-41.807,7.8586,-7.8868,-114.86,-9.2042,-0.85556,9.8831,-63.316,62.518,-25.185,10.586,-65.372,-13.437,-30.247,-37.74,27.937,-31.044,11.057,-30.176,-12.619,-17.113,8.7222,-5.3146,-12.703,6.1526,-2.6077,-18.171,6.0188,-2.6625,-7.2744,-8.6112,-1
-1466.2,844.21,39.181,-126.86,186.28,449.13,237.47,-162.83,27.151,229.52,354.78,144.64,-147.88,-112.79,-9.5765,64.884,64.259,119.36,65.194,1.8069,-7.8934,-19.336,-44.78,-99.377,91.253,46.308,-198.86,-47.614,77.485,129.26,-52.399,83.171,-33.296,41.835,6.7945,-27.752,-43.418,19.059,24.421,30.604,-89.268,-62.518,-51.074,4.29,78.874,132,95.562,-11.042,-10.882,15.23,-1
-1279.7,605.67,-329.73,-298.58,316.34,12.666,160.14,-121.21,71.85,186.22,289.97,137.61,-129.31,-30.445,-62.992,111.44,52.227,-99.86,56.241,40.217,-103.52,-8.9471,-38.497,-54.141,-6.8081,-39.231,-49.956,-53.663,-2.9966,-19.133,-27.458,-65.729,-48.76,-48.241,38.074,77.413,44.521,-21.757,-24.412,28.569,-10.458,-56.808,-54.217,35.805,-19.704,-1.7513,-32.201,120.78,-39.325,66.341,-1
-1233.9,667.07,-361.25,-333.97,185.31,126.28,105.15,-152.47,123.48,332.55,281.48,148.29,-74.45,-29.882,-56.322,68.924,22.818,-76.709,81.354,127.65,27.1,25.36,40.306,-49.858,32.848,-58.406,14.516,28.175,-68.225,12.853,44.678,36.688,-12.777,1.0438,44.256,-100.84,55.252,111.5,-33.752,64.325,-37.687,111.8,56.691,-29.397,8.0744,-36.805,15.228,-61.941,-14.567,-59.702,-1
-1146.7,741.68,-166.57,-301.28,326.83,22.192,216.23,111.51,-111.41,291.99,159.58,68.6,16.937,127.56,-92.053,190.41,79.998,-142.48,-18.555,124.31,-116.48,26.334,-7.9588,14.294,-5.0462,-66.304,-16.369,-4.6883,-16.87,-7.2356,-13.163,-0.29804,-65.123,-44.998,36.209,40.853,50.552,79.436,-21.813,-45.997,48.488,127.76,78.106,-22.799,-38.17,-100.89,30.64,66.44,63.274,26.364,-1
-1308.2,673.39,-234.1,-337.66,-61.711,-61.391,133.24,-67.313,-90.604,225.04,115.39,-10.519,-116.24,-1.6705,-35.236,-37.432,-115.8,-95.346,120.72,153.34,-99.212,-10.654,53.027,-1.134,9.585,-41.344,-41.947,44.614,-44.469,80.942,-9.987,39.838,-36.551,13.364,24.261,-66.727,80.282,35.794,8.3285,20.647,-4.2093,2.5417,-2.3844,20.02,9.9925,-0.58095,-49.074,-8.8706,6.1082,132.46,-1
-1305.5,314.59,-266.65,-279.94,-20.259,-122.3,283.84,142.23,-114.87,-63.356,33.172,39.151,115.89,-43.377,-140.42,132.72,-87.259,25.691,-24.316,127.86,-74.064,-32.917,31.295,5.8485,41.031,-68.353,23.87,64.21,-41.354,65.527,3.0604,42.587,2.181,-8.9198,32.039,-82.189,17.355,19.833,-6.1319,22.732,-9.2153,-25.436,-76.926,18.555,79.639,41.903,-7.0365,26.98,-19.403,77.073,-1
-1694.7,361.32,-154.09,-384.43,-392.2,-87.726,95.187,140.58,-202.23,-25.394,56.918,136.99,-28.548,10.707,15.597,20.35,-33.856,4.7157,-95.455,113.59,0.68021,-77.085,43.993,-24.933,51.052,14.081,64.673,-8.1461,-6.191,-0.89665,-3.0188,-30.261,-24.479,17.517,-15.88,-17.466,-23.154,-35.116,21.758,-15.905,-16.392,13.953,9.0596,-5.5197,35.807,43.817,18.025,-42.842,-47.826,23.891,-1
-1329.9,566.67,-105.72,-400.11,-88.765,-137.83,154.56,260.07,-150.15,62.509,236.16,172.4,22.936,83.382,-79.966,108.59,-77.663,-80.98,72.603,98.71,-17.325,-39.906,65.835,-72.224,98.584,-84.287,54.868,15.181,-7.0183,1.2884,38.309,25.626,-17.276,12.043,14.64,-71.56,-11.479,-1.2176,-10.918,-29.888,-47.661,-14.818,-9.6401,-30.631,70.905,39.967,-65.307,-71.313,-35.496,37.564,-1
-1214.2,627.59,-24.293,-378.7,-30.195,-145.64,164.1,184.21,-228.75,11.215,187.61,222.43,-25.114,78.99,-33.065,108.4,16.824,-9.7572,-12.508,95.73,43.633,-111.64,34.375,-145.17,69.8,-44.926,53.915,-17.299,21.648,-52.135,17.392,-2.4568,-56.892,-10.954,19.314,15.547,-5.8139,-23.711,19.528,-24.82,2.4935,-53.674,-55.287,-60.861,14.956,4.2971,16.914,12.587,-87.711,-64.53,-1
-1268.8,419.85,7.593,-309.71,-24.37,-156.18,150.82,182.97,-322.69,-161.1,234.08,273.17,-42.141,82.516,17.124,80.676,-57.741,17.532,-111.81,80.416,-3.7989,-64.951,-4.8132,-103.28,95.892,-42.002,60.948,-38.512,0.49274,-57.335,14.343,-47.879,-46.479,-28.302,27.839,15.971,-25.764,13.366,21.815,-17.328,26.211,63.114,93.628,-128.55,27.636,22.756,250.64,-6.5099,29.446,-84.748,-1
-1149.8,909.44,-182.11,-319.66,12.997,-107.12,125.96,265.26,-260.93,-41.439,89.57,149.77,-88.596,-43.731,17.855,-64.775,-125.68,4.442,-72.965,121.06,24.703,-61.057,44.308,-126.24,84.537,0.43672,94.117,7.8689,-7.3662,-1.9756,-28.397,-83.296,-67.286,-9.4568,12.814,8.9083,-24.177,-4.8483,1.242,-37.722,35.513,29.425,1.987,-75.619,-21.458,-17.606,-8.4555,46.461,-62.543,-13.224,-1
-833.92,-1035.4,-321.08,-157.66,-217.56,-24.431,-327.58,-43.982,-55.781,-157.78,-14.046,-91.825,-89.235,-137.72,-99.499,-66.704,-24.379,-15.096,5.7727,-26.42,-58.361,9.4857,27.247,-7.4682,-34.453,24.333,-6.9682,-2.8489,-15.904,-20.621,4.4706,2.1039,0.45123,11.996,3.2134,-7.1371,5.6561,-5.7975,0.69512,5.8807,12.273,2.9272,-5.6148,-9.8111,-8.6099,3.848,6.4328,5.3917,-3.0634,1.4342,-1
-1044.5,4.9543,-263.03,-168.91,195.64,28.604,165.5,-295.68,-270.38,-157.61,69.109,52.653,-18.986,-27.855,-19.347,11.845,-19.83,-4.7698,61.784,-62.054,-9.7384,-16.239,59.128,-88.156,-21.772,-25.699,-3.4105,-66.525,12.406,55.632,53.47,-95.531,-40.853,-39.919,-21.573,66.549,39.684,-1.9919,82.267,-17.082,10.148,-9.6957,-32.508,35.745,-66.737,-6.597,-65.497,-59.451,-9.3615,2.4593,-1
-1190.3,323.01,-285.86,-170.89,273.05,70.373,111.94,-204.02,-182.98,-47.563,-67.801,238.07,-42.995,-56.266,23.42,-151.93,108.54,-101.55,27.109,-32.245,-21.063,20.91,20.034,-38,-27.115,-12.337,-2.2071,-81.322,5.922,74.949,77.417,-102.93,-36.061,-65.78,-24.223,112.92,66.306,47.203,52.403,-24.303,4.6652,-19.249,-20.197,94.623,-15.565,-68.153,-54.962,-41.159,-20.196,11.372,-1
-1424,626.4,-260.12,-105.68,144.29,105.66,-20.563,-87.586,-32.353,-26.02,208.51,199.08,-58.2,-90.025,-81.076,91.608,-109.04,-34.944,5.2443,55.413,13.352,21.586,11.174,-40.242,-16.524,-37.64,-52.688,-119.34,-70.566,51.124,135.86,-58.456,33.044,11.214,1.4181,-15.584,23.821,27.189,72.892,19.014,-36.135,-97.268,-99.451,-40.785,-27.624,-38.216,1.697,-19.608,-13.574,-7.4231,-1
-1284.8,200.56,-312.01,-216.97,287.8,138.79,27.635,-235.33,-144.36,-32.689,229.83,-25.133,-17.753,-54.325,-39.306,126.63,-125.58,-24.782,-9.8732,-5.2467,-20.507,49.949,-56.706,-0.24026,-31.279,-28.745,-23.749,-73.661,-44.365,-35.646,87.607,-69.922,14.4,5.383,-42.218,16.121,-15.901,1.4116,14.129,8.2728,-25.214,-47.528,-76.102,-36.744,-103.12,-39.246,24.002,10.418,6.7884,-37.207,-1
-1120.4,-236.45,-290.38,-183.43,112.57,4.3299,-40.916,-6.2783,381.8,-86.177,121,341.43,-93.119,-45.968,8.5943,-125.04,70.445,-125.93,5.2019,0.5728,-12.016,-2.7159,2.2197,-32.922,-52.708,12.303,-45.323,-24.856,-37.618,-66.106,37.068,-22.037,12.245,-42.177,-54.873,37.9,7.1164,24.877,27.3,24.676,-105.29,-6.3323,-21.336,5.3527,17.542,6.2452,23.348,-15.108,1.3903,16.812,-1
-1118.3,-268.56,-321.65,-233.95,219.71,82.291,-31.382,-114.99,98.165,-72.071,17.51,33.011,-12.989,-19.329,-20.06,1.834,-31.449,-14.217,0.19244,44.689,41.567,-18.818,-10.134,6.9085,-56.879,-11.789,-22.818,-29.737,-22.891,-69.016,62.248,-23.111,161.2,-46.06,-9.0498,35.006,-20.096,19.687,-7.05,-8.4038,-25.307,16.972,14.539,34.531,-9.9944,-60.741,25.848,-12.302,3.0245,3.5371,-1
-1202.7,-44.084,-324.86,-256.37,315.61,116.93,21.728,-231.93,-1.1831,-52.538,-15.301,167.15,-41.349,-45.522,0.44984,16.995,-48.387,-51.528,-16.114,-44.65,-71.056,61.913,-57.995,13.205,-26.947,-0.50759,-18.103,-29.205,-20,-20.146,29.468,-82.79,-70.266,-23.085,6.0709,-2.4717,-18.764,-47.825,100.77,-9.8346,-40.596,13.964,5.5421,8.6954,-21.533,12.942,10.136,2.013,12.05,-19.951,-1
-1188.7,-66.907,-305.21,-220.6,230.54,77.883,-7.3937,-126.79,124.9,-62.276,97.196,109.99,-27.239,-58.255,-54.747,97.205,-131.19,-1.3701,-1.6961,24.014,-9.7788,19.167,-9.3821,-10.809,-23.717,-14.01,-33.86,-75.487,-53.241,9.9932,81.483,-21.655,-40.967,-4.3742,-31.899,28.039,26.915,35.545,4.6138,31.331,-132.32,-37.381,-51.051,77.165,-54.05,-40.073,-33.049,-28.493,-40.879,8.453,-1
-1297.4,247.8,-291.09,-182.08,213.89,120.55,-34.966,-269.97,-239.04,-34.984,125.94,260.83,-61.411,-77.205,-66.902,100.83,-123.63,18.383,8.6901,47.682,-7.6799,35.612,-67.674,0.84903,-43.941,6.7041,-2.6116,19.976,37.898,15.118,13.42,-29.574,19.727,-90.821,-79.28,139.13,112.57,131.86,120.04,-60.717,39.568,11.776,17.698,10.151,11.723,-7.5569,-23.329,-55.345,-12.42,26.925,-1
-1186.3,-47.305,-304.68,-157.83,107.67,63.228,-42.949,21.264,83.062,-47.261,292.4,110.76,-46.814,-19.185,28.227,-71.969,66.021,-117.61,1.6875,-46.729,-18.606,-3.3752,11.967,-40.608,-57.743,4.9118,-33.886,-26.14,-20.14,-81.16,30.584,-66.998,26.542,-47.403,-53.518,62.735,17.614,23.483,46.163,-27.491,22.908,23.981,7.0531,5.3424,-49.302,12.741,20.718,5.7563,29.696,-1.9954,-1
-1125.1,-249.43,-320.21,-234.41,221.02,67.577,-17.745,-69.962,191.96,-71.055,27.83,122.32,-21.513,-26.526,-8.7035,9.6443,-43.417,-39.295,-0.86749,-24.219,-26.59,-11.686,44.302,-27.472,-37.458,7.4404,-36.938,-45.562,-36.818,-32.308,38.651,-61.422,-63.733,-45.522,-16.93,54.778,19.979,20.387,73.403,-5.8808,-86.769,38.281,10.924,25.485,60.892,-47.498,9.1593,-13.98,-1.7086,-2.5499,-1
-1398.6,1273.1,-156.5,-74.208,-151.13,-327.73,412.77,51.006,65.435,-333.54,294.49,-98.594,-103.55,3.4488,-122.55,-32.588,-68.829,-7.5275,157.32,-39.072,0.052636,10.494,-32.116,-13.135,-6.0186,130.5,42.154,-201.32,-149.3,-76.798,43.927,23.163,-10.454,17.582,15.616,-48.912,-76.791,-6.3157,9.6092,-5.3617,-2.3836,29.952,65.666,-70.671,40.512,-1.5881,-0.47893,-15.162,30.223,15.591,-1
-1385.8,1235.5,-107.37,24.876,-236.62,-245.36,150.49,72.747,-100.04,206.61,151.51,-145.37,194.94,-108.15,-36.723,1.7212,117.65,-9.9907,-241.81,143.9,16.917,-55.502,-0.25736,1.3202,9.8828,-18.177,18.852,146.47,-124.39,162.82,139.41,-12.739,-11.889,7.1044,46.679,-154.32,-62.502,-45.65,-106.79,-65.783,-35.71,-73.096,-145.37,-5.2031,19.865,64.495,-17.032,48.632,-42.763,-126.02,-1
-1470.5,1680,-33.873,-128.49,-73.626,-206.96,313.41,39.307,50.543,-253.03,257.59,-129.92,14.826,-57.651,-116.07,-16.498,47.629,-12.255,-111.6,99.547,29.299,-10.986,-30.061,-10.227,178,-125.52,50.726,-138.71,-89.266,69.868,68.937,101.2,120.71,-32.758,172.7,-146.06,-32.541,-29.223,-79.447,-5.5709,-3.0117,-57.293,-113.71,74.892,110.72,46.679,-37.749,-3.8483,-164.72,6.8778,-1
-1364.8,1077,-221.93,-78.5,-185.06,-311.65,425.21,76.988,156.91,-394.01,62.181,-104.76,119.21,-97.345,-58.146,1.5823,54.333,-19.224,-133.05,85.006,5.5242,-61.179,8.7615,11.298,143.87,-195.72,59.313,-128.97,-67.641,178.27,141.32,37.962,37.626,-23.833,123.03,-92.235,-37.686,6.7814,-96.483,65.008,37.338,-9.1519,-58.681,58.418,125.77,-2.4128,-33.279,-26.073,-65.124,92.122,-1
-1539.8,2108.9,176.28,-97.954,-244.04,-175.91,340.92,73.522,121.45,-477.51,255.6,-87.234,-114.49,-2.2436,-130.5,-29.531,-59.976,-11.827,117.62,-15.282,11.041,17.884,-31.824,-37.034,184.91,-101.71,17.544,-66.404,-160.24,23.034,14.699,118.43,141.15,-30.724,189.18,-160.66,-62.364,-34.022,-35.513,14.331,-3.3859,-14.775,-59.615,109.36,155.04,-7.0736,-39.941,-41.567,-125.49,58.622,-1
-1441.4,1523.1,-67.706,-70.669,-122.08,-381.59,515.63,54.22,198.74,-407.88,-43.492,-58.873,33.652,-49.113,-48.393,-0.54097,24.291,-18.126,-67.057,57.2,-1.584,-47.924,-13.951,-11.065,95.042,-110.92,49.841,-11.301,-289.64,41.182,60.65,33.591,2.2228,5.7473,88.447,-59.33,-85.614,-43.71,-35.706,-15.913,-5.1723,30.006,5.2946,77.879,124.22,-24.825,-31.046,-44.235,-81.839,105.29,-1
-1506.6,1940.7,156.31,-7.0013,-341.8,-392.77,549.63,58.744,191.05,-535.6,177.34,-96.671,16.417,-53.685,-88.665,-21.511,-41.878,-13.033,97.542,-29.026,-5.0526,-20.082,17.946,28.485,-157.16,84.057,69.433,-105.66,-98.242,-101.16,-74.565,27.379,32.156,51.779,-37.667,71.422,-127.14,-18.072,73.875,-51.641,-28.982,43.767,59.158,-75.924,8.316,2.0293,5.7432,-0.62439,25.726,-110.87,-1
-1474.3,1739.6,52.023,-16.76,-223.68,-409.25,512.25,44.327,153.27,-335.56,72.321,-110.11,128.93,-99.442,-57.69,-6.662,51.528,-13.868,-116.37,80.2,4.0984,-61.758,11.682,49.277,-82.807,-18.709,119.07,-235.89,-178.91,-5.0745,55.813,44.359,4.7912,-13.937,54.79,-87.557,-56.546,-27.761,-18.706,0.93475,2.594,45.408,75.219,-12.169,26.135,-30.467,-0.91834,-18.275,-1.3495,39.56,-1
-1468.1,1707,-17.65,122.88,144.95,-1010.2,904.5,-103.05,53.615,217.61,-66.227,-71.64,-87.162,21.782,-46.139,-15.123,-30.927,18.528,52.555,-14.53,27.138,74.016,-27.289,24.423,-154.57,37.237,15.846,-8.5885,90.549,-113,-94.425,-63.288,3.4484,4.9073,-33.151,-22.227,5.6975,65.121,-94.994,160.27,68.717,-6.9365,-40.537,3.4739,26.025,-43.633,-2.0591,-10.887,78.691,-5.6969,-1
-1587.1,2326.5,72.189,-85.639,490.18,-846.2,897.49,-157.81,124.26,64.408,-88.027,-34.673,-167.32,55.899,-59.539,-18.159,-23.459,7.338,41.609,12.311,34.09,69.316,-66.896,-35.009,-42.05,75.336,-7.8191,188.9,-140.28,3.7378,40.762,-77.163,30.447,117.9,-27.402,117.4,-144.67,50.847,-5.5361,121.31,61.552,18.994,-42.846,-34.045,61.302,-4.3423,-8.3301,-6.4142,67.366,-49.937,-1
-1547.8,2158.2,123.82,72.3,233.86,-951.46,918.34,-116.19,153.05,135.11,-295.67,-27.068,10.579,-6.1697,15.69,-15.256,-35.487,-5.249,41.565,-0.2614,5.9042,17.255,-45.931,-38.184,9.1716,154.21,-69.623,-50.616,-97.337,-64.313,80.582,-85.148,-34.071,-8.4431,38.238,-190.1,-47.07,39.804,-70.362,117.5,68.404,29.399,49.607,-80.588,130.04,35.039,-20.161,-19.462,-152.44,1.7192,-1
-1555.1,2078.4,-140.09,-225.02,877.66,-797.12,883.83,-215.54,155.12,148.77,-302.09,29.903,-117.28,62.248,-13.493,-13.045,49.306,-2.943,-138.38,116.72,25.353,28.773,-137.46,-81.696,61.608,385.65,-141.99,-233.1,8.7435,-279.36,16.481,-102.22,52.624,-26.067,3.8101,-83.875,134.3,82.897,15.138,166.62,88.678,-57.633,-49.423,63.257,-44.365,-47.155,10.422,-3.378,103.67,-46.506,-1
-1024.1,-1751.6,-395.67,-338.49,-298.26,-269.64,-191.8,-39.634,154.73,8.0134,-5.7281,-131.35,-68.944,45.61,-80.993,-123.2,-38.026,-100.89,-113.66,-33.592,-37.681,5.9413,52.486,-45.431,-30.478,-3.6946,-3.709,-73.072,6.9775,-18.327,-60.091,1.7688,-1.8599,5.3913,13.926,0.38962,4.172,8.5523,-6.7974,4.3286,-10.598,2.9828,6.2629,4.0973,0.16338,-3.1723,-3.8607,5.9466,-1.1754,-2.8341,-1
4143.5,521.02,66.817,-550.36,527.67,5.4637,-4.1315,52.52,132.48,-13.675,-115.38,-29.424,2.6561,-75.854,-14.841,131.66,-14.761,-155.35,32.51,-97.332,-16.635,384.14,-163.41,-74.223,147.33,-23.034,244.91,130.52,62.449,64.584,-99.507,-56.356,-14.808,11.252,-27.342,46.849,35.225,-169.04,12.798,7.9451,-73.526,53.374,-29.297,32.663,-22.978,57.893,30.153,-32.102,25.219,48.933,-1
1433.4,-864.52,1515.6,166.65,-53.397,-95.625,18.62,-58.533,33.459,-4.4053,-103.21,-45.524,-67.819,-36.808,-53.237,31.193,65.696,-68.324,-77.707,3.9666,-91.299,-146.03,38.838,27.403,-1.3323,-0.26081,-38.824,50.294,13.359,26.29,77.544,21.338,2.8629,5.4229,7.3449,23.76,36.593,-61.985,49.11,-39.193,-56.427,-22.299,9.2672,0.51049,-37.831,-11.943,-12.205,-26.739,-43.664,21.322,-1
2392.5,-463.63,1780.9,223.89,52.645,-68.899,-166.07,239.59,255.54,98.732,-133.72,-52.903,-58.743,-50.967,4.3722,-25.995,-51.639,-59.286,-41.915,82.196,-5.8992,-160.93,76.208,61.017,-19.851,11.016,-74.561,18.582,-11.034,15.171,88.033,53.26,18.15,32.627,-7.2375,20.612,43.768,-64.797,-2.9694,-30.254,7.4031,-16.233,-26.764,17.403,-3.9848,17.22,0.4899,26.708,-4.5419,39.52,-1
2604.3,-338.28,1507.9,107.72,111.93,-55.062,-155.75,212.2,234.93,71.527,-215.03,-41.547,-53.816,33.24,-19.254,4.449,-36.498,-27.232,-14.107,-12.987,24.203,-165.48,63.576,74.005,-6.6467,-1.1887,-58.642,22.142,-12.28,21.202,70.579,47.643,12.952,61.496,-28.166,30.772,25.349,-62.528,56.941,-72.017,-43.547,-21.729,9.0403,-5.9,-6.6074,-16.838,-24.942,15.259,-15.211,28.276,-1
2953.1,-13.385,224.23,-154.51,22.262,-71.44,113.67,-89.991,33.935,-44.151,239.39,7.27,177.54,189.9,246.16,-358.54,-358.04,31.95,5.5303,140.49,-93.878,-338.91,-6.0376,-1.0322,-87.087,195.28,393.82,-86.797,72.908,-7.9391,-73.344,-24.486,-11.294,39.439,-37.461,15.465,37.645,-16.635,37.852,-25.692,-2.3998,15.918,-29.7,27.874,47.091,91.902,46.845,-92.917,-45.659,41.243,-1
2520.4,-361.36,1445.8,134.79,52.936,-89.764,-0.096585,130.92,43.29,36.3,256.83,-38.045,-19.531,-177.57,93.821,-121.91,-83.288,-96.848,-106.85,132,11.817,-205.89,148.14,-86.634,-50.1,59.125,-87.679,33.268,24.888,31.328,100.59,65.987,48.914,58.53,4.3791,25.115,44.002,-137.64,-82.895,34.957,77.301,23.384,-111.64,28.283,12.989,33.758,-3.4548,6.6258,-23.62,36.963,-1
2673.6,-344.74,1914.9,408.02,-99.231,-65.021,-73.182,72.17,175.01,42.522,-298.66,-52.42,-84.215,-11.332,-5.4213,16.912,-32.842,-102.92,-61.965,-50.85,-70.166,-132.21,46.679,-21.563,38.702,-35.68,-44.791,48.745,22.381,30.307,101.43,23.066,0.76293,-4.2536,9.177,25.042,50.533,-29.841,11.06,-48.46,-7.792,-10.305,-10.474,34.383,-26.031,72.735,11.246,-45.589,-47.171,-3.6172,-1
2513.1,-413.02,1807.6,258.13,-26.683,-137.44,-74.492,284.8,-72.343,-12.638,45.619,-49.544,-46.002,84.661,-81.36,49.889,95.379,-22.491,-38.799,28.298,-72.753,4.4237,-2.9998,5.9997,36.019,-4.5774,65.56,80.221,22.321,40.144,-6.624,-17.306,-26.687,-50.549,11.679,11.106,27.982,1.9541,79.943,-44.946,-71.394,-40.043,42.35,-11.056,-2.5213,-52.899,-3.0469,49.062,12.596,14.967,-1
2258.9,-502.2,1624,241.34,-94.71,-144.84,73.112,81.441,-214.13,-78.114,128.71,-38.273,-24.364,147.6,-85.922,34.082,133.32,15.199,-24.42,-110.26,-114.58,91.103,-80.385,-95.873,35.721,1.1219,146.16,80.007,57.581,30.947,-8.8207,-45.872,-17.722,-59.457,35.578,0.56543,9.8945,31.937,-38.074,85.04,106.98,28.618,-48.832,-24.736,88.735,-36.497,30.574,-28.002,-39.523,-11.428,-1
1848.9,-680.73,1610.4,348.06,-217.32,-164.24,-103.33,156.45,141.85,77.806,73.065,-53.791,-42.39,50.571,-69.085,10.213,82.359,52.728,33.195,-113.94,23.8,186.46,-82.773,-200,-274.27,238.43,100.95,23.851,10.896,-60.063,-27.739,52.837,25.147,-11.783,1.2248,-3.1895,-43.211,21.715,97.072,40.122,0.87134,-57.047,51.017,-23.574,-35.116,-43.91,-29.392,-20.206,-33.611,-68.833,-1
2515.2,-413,1870.7,327.97,-40.414,-64.755,-49.42,71.648,135.98,26.148,-241.79,-48.582,-58.989,-54.772,26.6,-35.173,-45.942,-77.137,-39.737,-9.3578,-176.94,67.441,-99.527,0.088346,7.1567,-2.8206,46.257,64.089,2.5293,-0.71741,65.535,-22.849,-7.2037,-102.93,54.998,11.332,42.298,-17.634,-8.5088,55.694,31.853,4.1568,-17.861,-2.7773,51.352,-19.514,14.956,-16.036,-44.593,13.1,-1
-1904,-993.5,-536.39,-167.4,-106.78,-205.39,-158.53,-334.96,295.1,-188.77,-69.57,43.086,-27.741,-129.43,-123.88,-58.462,-48.219,30.138,-60.718,27.278,-34.891,-48.961,-58.435,-51.683,-46.893,-23.522,35.978,-32.786,0.71084,-15.293,3.7038,-9.959,-17.828,-8.6469,11.169,-2.3335,-2.5545,-27.557,-18.022,6.8026,0.48108,-0.73761,-5.2926,6.2724,-0.081261,2.0898,-5.7512,-1.0261,-0.016681,-4.2155,-1
-1972.5,555.7,-10.932,1386.5,753.74,-64.838,-331.63,-106.96,-208.35,167.04,-191.58,117.24,14.456,-198.83,18.862,219.01,67.921,21.826,-242.04,26.245,79.567,20.283,-118.82,4.6296,25.849,-6.1408,-16.875,-8.353,60.544,-79.07,6.2639,-55.086,17.233,-52.918,29.435,-1.8018,-25.922,-21.452,-46.553,-15.061,39.113,120.09,-10.575,-25.203,-12.044,-0.74478,6.4672,-1.5074,19.622,12.796,-1
-1902.3,4414.1,299.1,784.18,-326.85,-164.09,314.62,20.863,206.93,-74.164,129.05,-54.232,-26.299,109.92,62.312,117.85,79.111,108.26,-80.12,26.495,111.28,-90.781,-353.04,370.43,207.06,-0.24461,135.13,-98.82,62.772,-43.661,-152.5,-2.2836,-163.82,-106.44,34.777,-44.773,81.696,-56.489,28.453,-9.8659,-52.063,80.321,-16.065,-6.0197,-18.462,-15.758,34.376,27.821,121.28,66.589,-1
-1885.4,4882.1,244.41,237.03,-1250,-356.28,495.42,138.33,-11.78,9.5238,83.252,38.077,128.45,-366.17,162.28,334.22,38.239,4.8998,-250.06,-185.75,236.25,-40.641,-136.44,-48.323,19.761,-69.725,67.198,-5.1265,94.395,18.058,-25.413,30.588,13.684,102.86,-38.408,94.648,-90.998,-14.694,-12.596,1.9377,73.137,25.496,20.748,-9.0151,1.3933,6.9355,-12.896,4.0019,-55.348,-25.753,-1
-1912.4,4227,273.79,761.7,-861.83,-360.51,561.82,82.431,145.67,-54.675,2.9655,15.975,61.158,-264.22,120.27,275.25,45.732,13.859,-222.04,-322.87,280.68,-52.348,-149.33,-79.166,10.49,-67.789,30.662,52.671,31.08,-36.684,-44.722,47.703,-70.673,114.21,-30.517,172.88,-281.29,55.679,52.491,-5.6942,-48.225,78.519,-25.651,-14.849,7.3527,2.1198,-4.5068,10.782,-24.017,-2.651,-1
-2003.6,2175.9,340.48,2212.2,845.1,-93.807,-99.823,30.292,-221.93,221.65,-179.33,81.315,-31.321,-81.033,7.7559,-0.46321,43.969,91.362,63.219,194.37,-167.19,30.436,50.563,167.74,-103.61,-13.874,38.175,-11.943,85.97,-60.655,-60.726,11.151,-31.867,53.581,-22.553,28.386,-55.647,5.7849,-63.111,16.537,-49.519,19.337,-28.871,-9.6718,-1.6146,-82.417,37.942,10.708,31.571,24.657,-1
-2005.9,2245.2,395.55,2468.5,1280.7,23.664,-162.28,-10.247,-104.73,180.59,-129.2,60.243,-58.737,-48.089,-3.2778,9.4912,52.948,51.092,-20.606,214.65,-146.15,-0.32534,-10.238,202.42,15.852,35.609,81.206,6.2761,58.259,-167.44,-87.789,98.697,-79.85,124.1,-8.847,-19.437,-16.191,3.3636,-41.9,-0.54536,23.631,-123.08,15.088,16.304,4.2494,-4.9563,17.205,-19.719,77.405,36.033,-1
-1914.4,4260.1,224.24,473.66,-1102.2,-369.39,269.56,174.68,-321.84,187.3,-17.947,85.958,86.767,-240.13,61.587,202.61,81.6,54.97,-203.39,-231,163.93,-21.866,-74.4,-25.248,46.677,-20.315,126.16,-43.208,-96.336,-6.6074,-10.825,83.139,-55.668,190.24,-49.742,63.127,-73.987,-29.691,-11.469,20.729,-13.358,32.856,-17.494,10.093,-6.1496,18.895,5.9442,-11.949,11.806,35.684,-1
-1881,6109.8,403.95,325.07,-1165.3,-220.56,324.52,249.52,-281.15,190.25,-142.75,107.73,158.3,-458.61,136.98,422.31,101.83,84.588,-352.21,-235.55,275.48,-57.189,-201.2,-83.498,44.182,-84.894,-2.6894,-35.772,23.167,-46.519,34.964,43.424,33.995,99.309,-21.303,53.834,-73.728,-22.038,-10.772,22.981,80.445,14.086,34.465,20.096,-2.5568,13.232,-19.564,17.621,-145.48,-64.069,-1
-1892.7,4817.5,272.22,400.96,-1146.5,-335.08,530.69,123.32,80.895,-18.984,-226.02,5.8634,51.4,-61.579,25.912,79.5,36.212,80.075,-23.714,-155.35,76.99,-30.612,-71.345,-102.26,85.154,-31.681,32.85,49.604,79.937,58.6,8.125,23.466,50.185,162.38,-53.023,59.256,-36.043,-6.3282,-55.33,25.317,62.961,-18.678,13.408,-11.512,17.23,-39.839,25.423,-5.9362,52.78,34.582,-1
-1856.5,5983.7,356.69,191.15,-1027,-200.5,581.96,91.991,350.02,-162.08,104.38,-87.193,27.325,57.793,59.638,32.918,22.121,43.229,-64.587,-126.36,125.05,12.469,20.129,34.479,20.284,-3.9292,134.11,-59.186,-49.499,71.071,38.304,36.789,60.412,119.76,-29.299,7.0899,35.649,-10.715,-100.98,18.071,86.374,-98.119,19.592,-1.3727,7.0792,-67.303,35.214,-2.8775,74.47,53.711,-1
-1853.8,6890.2,494.53,345,-1023.2,-159.51,666.69,133.78,383.93,-161.84,-57.922,-81.58,34.496,73.514,25.777,-26.095,-8.3159,-8.8675,-21.756,35.344,78.179,36.104,69.361,108.23,-76.023,-1.2718,-118.52,-40.916,-91.961,-115.75,168.54,21.2,93.44,-96.34,96.323,-172.67,120.11,36.875,-39.771,32.906,69.145,-92.521,43.795,23.914,5.9949,-57.296,22.026,24.667,-16.443,-15.599,-1
