-1222.9,-1381.5,-427.54,-89.682,-315.79,181.14,136.32,-116.54,-116.17,16.219,9.4587,50.787,-107.45,112.37,-74.414,-77.424,-37.336,-123.82,-52.427,-95.707,5.3318,-71.685,-37.661,46.516,-25.981,0.78165,-0.0019302,31.078,29.389,19.431,11.492,11.361,12.108,18.156,-9.3435,-4.4853,-16.717,-18.623,-2.8188,0.060904,-9.9452,0.20429,-3.4033,-3.1487,-4.6373,0.71759,7.0653,-8.0357,-4.2258,9.8676,1
-1180.4,-1341.9,-369.45,-118.13,-190.36,128.99,75.284,-80.06,-106.49,18.942,17.734,4.7335,-5.1884,-77.789,-23.534,3.4544,-0.090447,-23.68,6.7544,111.66,1.7562,65.751,35.729,-66.762,42.476,-7.7641,11.01,-42.036,-8.455,-24.136,-15.825,10.897,-24.463,-10.096,5.6696,-6.5587,7.5934,2.0613,-17.696,-10.054,-16.311,-2.9696,-20.27,-17.036,-7.5037,-3.5142,6.1425,-10.487,-10.423,0.78525,1
246.13,1375.4,-188.09,-258.06,-256.43,-276.43,-43.661,187.55,265.35,-215.07,-44.974,-509.33,-230.57,-91.952,-325.16,65.251,205.47,-102,-117.16,2.2598,152.24,6.9872,239.09,161.99,33.16,-16.22,6.8954,-29.709,-85.786,-76.945,-7.8162,-46.872,-26.06,-6.7892,-27.003,36.018,-40.75,-6.8441,9.2869,31.581,28.577,-54.152,20.884,35.489,18.19,14.475,35.396,20.919,30.219,59.102,1
168.03,-1013.4,-274.96,95.157,-33.002,-66.704,13.98,46.513,-152,98.377,224.74,10.09,-78.721,-37.148,-44.63,55.342,-144.02,-78.046,80.892,151.28,18.635,-16.854,120.16,-31.189,47.544,-3.2311,-2.3532,-90.224,-14.773,7.982,-54.486,33.342,61.219,-22.677,5.2597,-69.743,-0.56571,-64.151,-18.204,2.7697,10.894,-84.639,-21.886,85.87,34.042,-40.82,20.931,17.128,39.276,22.015,1
496.16,928.82,313.38,1054.3,443.76,386.61,215.95,83.16,468.26,418.35,38.596,-488.82,-142.31,35.212,-109.74,197,187.32,-89.75,-104.39,20.061,91.227,-98.161,235.78,-8.3301,257.18,124.83,-193.21,38.312,43.589,61.972,83.605,-54.891,-35.767,-40.167,-66.514,-17.902,-41.89,77.613,75.431,13.362,49.709,-22.444,-1.7398,-74.779,-13.885,-26.828,59.806,19.298,5.7319,-8.2719,1
2100.2,481.7,-290.14,247.17,249.97,-89.699,172.11,-180.28,-13.845,-94.925,389.57,-336.16,-216.91,-270.17,47.728,-373.78,21.082,61.976,-26.371,147.17,121.84,-257.78,145.88,140.96,73.187,82.949,-5.1135,-120.01,26.478,0.57294,24.587,-119.67,-123.68,134.09,82.077,-68.658,38.361,-72.684,122.09,-89.167,-11.383,10.355,-39.192,-12.506,-38.032,-6.5145,-72.815,20.703,-35.134,-18.681,1
723.76,4.8474,-119,359.46,-95.752,-0.14756,-231.3,89.945,143.28,197.68,87.129,77.665,15.572,-256.93,57.427,-146.52,-247.27,-4.5067,-27.489,38.459,-93.841,132.24,-123.44,-203.12,-108.55,109.42,138.65,-35.706,37.581,25.45,78.513,-4.4539,20.272,51.941,-35.571,-202.36,34.43,92.601,-22.65,92.912,59.788,33.608,-47.318,-18.248,-121.51,-67.782,78.161,-41.591,20.049,-55.919,1
-70.289,471.55,-61.834,452.83,194.97,-91.317,-144.82,58.979,252.73,619.66,102.89,-176.32,-153.19,41.243,-6.974,-26.799,-13.671,-90.583,-109.07,151,51.227,23.836,137.53,6.4578,-24.797,10.619,-137.4,42.969,-1.5569,-29.21,30.265,133.24,15.647,1.762,-80.021,-44.768,-2.0792,4.2469,-16.373,-64.824,-23.673,54.961,13.195,40.647,-4.2079,4.0303,37.157,-21.006,3.2572,38.236,1
179.45,1601.5,-430.72,229.11,714.65,24.825,611.81,298.58,194.26,-61.767,41.348,-207.58,-288.33,-101.65,144.82,-37.669,-95.181,-164.77,-28.212,225.03,135.85,64.175,-189.92,44.394,144.87,106.11,80.837,-2.3315,-29.454,-0.50713,45.705,8.6929,-6.0537,-41.895,-60.308,128.28,-48.646,22.932,-28.036,15.095,-13.134,10.462,-6.8542,6.8594,-30.554,-51.474,-3.3305,58.29,-30.654,3.331,1
-866.62,-336.48,-404.03,-89.82,198.17,-97.536,21.849,93.331,-134.79,292.55,-74.779,29.744,-54.003,70.703,-103.56,201,93.74,-104.07,-8.4078,123.01,32.309,-117.33,259.22,63.13,102.05,19.138,-59.226,-26.724,-138.21,50.301,-15.597,-40.076,-22.789,-94.988,-90.362,-4.4348,-18.261,-2.1092,4.9679,41.14,-7.4002,-21.047,18.003,11.744,45.431,49.552,14.048,18.305,48.735,12.332,1
-66.521,925.4,27.179,292.72,262.24,289.85,272.65,-39.315,114.76,180.24,-73.006,-194.1,14.276,17.305,119.78,-278,-142.1,112.39,118.26,-62.903,167.58,67.063,185.63,-78.202,133.1,-24.598,-24.271,-45.287,47.767,55.096,101.41,6.6567,85.71,93.902,48.786,-29.796,37.639,-44.515,-17.284,-58.549,-17.524,44.964,-43.201,-38.104,-45.759,-45.18,-58.818,-0.95621,-84.896,-40.895,1
-1145.7,-1313.1,-367.92,-115.34,-130.33,106.34,11.545,-77.256,-90.471,-14.529,-34.422,-76.873,7.0295,-47.845,15.439,-61.46,-35.597,-7.3343,23.56,100.3,10.647,20.212,96.982,-12.898,55.661,-4.1956,27.847,-12.387,1.2102,-21.753,11.065,3.1614,-5.6655,8.0526,17.386,0.57205,19.263,11.116,-12.391,-21.392,6.8048,1.6299,-12.004,-11.896,-1.4241,5.9956,24.811,8.3708,-10.741,18.611,1
-1025.8,-1033.1,216.42,-150.28,-176.61,158.51,-71.226,-54.429,-67.147,-10.329,43.801,-46.618,-71.972,18.066,21.039,69.156,22.157,36.962,-109.92,92.301,81.99,30.754,7.9439,4.3251,-19.68,34.565,49.531,-92.628,-89.509,16.375,-43.997,36.788,-32.465,0.7075,12.339,15.902,17.216,6.8658,-21.135,-42.94,35.843,15.25,-13.527,-16.033,-17.339,18.027,17.038,-16.502,-4.5276,-8.1177,1
-757.1,530.73,-27.578,-127.16,258.72,86.03,123.27,-72.424,-108.11,-1.895,-151.82,44.879,52.667,20.216,307.65,-582.48,-357.69,275.95,9.5694,126.44,-85.348,287.46,-327.02,-167,-158.74,34.248,85.737,-17.338,78.48,-46.512,16.158,54.777,6.6285,63.846,76.141,-15.294,-4.6228,27.934,-16.233,-16.359,-22.003,-0.72239,-6.2587,-5.2082,0.57503,11.867,-0.44154,-22.508,-9.5997,2.3115,1
-816.33,27.933,24.255,-160.18,89.119,37.015,27.271,74.393,-147.34,-13.579,-101.48,73.499,37.611,-6.2756,340.5,-479.65,-324.99,222.93,-1.3297,144.1,-24.96,150.42,-102.7,-40.866,-95.863,59.501,78.296,-3.7386,18.608,-9.3006,24.1,32.701,0.046582,42.264,33.53,6.6245,0.18116,23.145,-18.047,-20.974,-9.3872,-10.59,-1.9664,3.0948,21.336,45.862,31.213,-12.778,25.401,14.816,1
-227.88,1457.4,67.497,-385.57,333.49,210.97,326.48,344.32,-51.119,-261.79,66.155,155.36,-124.05,-39.946,257.48,-331.17,-317.49,290.06,-13.316,144.13,36.634,-3.4922,115.14,100.6,-24.331,107.43,50.378,2.677,-70.138,37.582,-16.139,-1.0396,-15.989,-45.795,-40.631,23.437,-23.926,18.573,-8.7522,12.073,-26.694,-41.537,22.67,26.761,75.542,99.294,35.269,8.222,51.193,53.208,1
-1048.9,-1172.8,-157.47,-186.39,-67.442,56.663,58.203,34.464,-121.32,-8.8006,101.72,-62.266,-94.478,-28.034,-69.563,158.12,112.79,-57.019,-16.401,98.853,-12.219,59.158,11.363,-63.188,32.967,-3.0111,-9.348,-66.528,-49.778,-4.4926,-34.167,18.667,-29.187,-28.704,-15.713,0.83245,-4.3814,-0.12409,-3.6988,-9.2622,11.422,14.206,-26.156,-14.699,-35.181,-21.684,5.2557,-1.9227,-24.685,-3.373,1
1407.5,1009.1,-742.76,165.74,-474.79,-528.68,604.61,-112.68,502.74,31.612,122.49,-452.74,204.64,-197.23,62.638,-238.79,507.07,-316.49,155.48,-145.12,110.74,85.852,-81.084,-103.59,-8.0812,90.272,102.55,78.098,35.878,-8.8926,-65.875,-32.65,96.192,6.8605,1.7244,-21.695,34.061,94.836,210.18,85.012,-0.89682,-62.923,-13.688,18.847,-66.904,91.675,-56.085,-84.798,-73.589,-12.361,-1
-1442.6,-1379,-473.2,21.351,-297.33,-109.74,-143.83,-24.876,21.303,-74.095,31.843,-1.5204,-25.948,-4.3263,-19.717,-4.0875,20.174,15.207,-4.4932,31.52,13.045,-4.5385,-0.19462,92.564,-6.9466,78.499,10.837,4.794,20.109,16.823,-26.886,15.729,28.88,47.208,-27.575,-10.638,-18.946,36.727,15,-11.041,4.374,24.502,11.632,-12.641,-8.6607,-8.4678,19.25,-2.198,-11.076,-5.6027,-1
-1467.2,-1332.6,-504.46,-59.717,-85.702,-13.885,-121.59,-38.2,27.721,-131.09,3.6877,13.858,-71.17,-4.5361,-44.632,32.173,22.157,32.323,-22.008,50.817,18.228,0.81187,-15.202,139.72,10.844,66.431,-3.6959,20.419,17.078,16.717,-20.943,33.261,40.162,35.366,-5.8144,-24.04,-12.917,12.769,2.6522,-35.529,-11.58,-35.499,-21.791,4.4446,6.1773,-26.018,-17.742,-13.321,-24.621,-4.8442,-1
131.26,-865.41,473.65,-526.54,15.93,297.55,15.081,8.8452,72.967,-152.81,-42.127,95.63,-44.247,-145.78,121.56,-162.1,182.71,-147.12,65.488,-47.36,28.797,-1.037,75.3,160.43,-110.55,15.255,31.094,-22.396,28.085,58.113,42.556,8.7614,-106.28,-42.977,-21.269,-125.36,53.599,-71.036,-72.662,-58.332,-3.9859,32.293,-91.839,3.4691,69.016,5.5668,-2.1716,-12.448,5.545,-1.8393,-1
-1457.1,-1324.1,-541.03,-16.125,-79.308,-37.09,-129.72,-39.849,66.729,-116.85,-9.0769,59.763,-64.949,13.903,-45.016,22.841,24.387,45.476,-23.47,29.266,17.873,0.72323,-11.748,144.28,-13.888,52.768,10.376,5.7606,44.266,20.654,6.1421,29.528,26.803,30.739,-11.339,-18.674,-5.9506,13.341,23.012,-37.422,-10.82,-29.265,-32.858,3.0594,2.1627,-19.705,-12.52,-14.959,-17.425,-5.6522,-1
-1460.3,-1333.9,-461.78,-84.027,-68.873,-52.173,-160.02,-30.095,28.339,-142.23,-0.99942,32.261,-73.987,-13.156,-28.846,-3.8597,33.943,-3.1146,4.8687,28.352,4.7948,-10.048,1.886,96.602,-8.0392,84.365,-12.503,-11.928,-0.47339,5.2396,-22.059,16.758,26.382,73.272,-35.182,-22.345,-20.09,17.306,20.506,-28.146,-6.4123,-37.272,-21.059,4.5381,-7.9956,-23.198,10.423,-17.683,-1.8944,-4.1006,-1
-1474.7,-1334.4,-516.17,-25.851,-79.444,-3.1537,-143.49,-38.962,30.435,-134.28,0.57077,17.079,-78.578,-3.154,-42.255,11.855,16.538,33.869,-14.042,26.92,6.0416,-4.396,-4.9867,111.24,44.17,40.7,0.63324,36.661,-24.589,-13.764,-44.991,23.128,44.995,76.014,-29.809,-43.864,-16.512,6.9654,-2.551,-34.908,-2.3096,-29.535,-23.719,4.2655,-2.2182,-21.816,-5.6766,-13.411,-13.243,-4.6406,-1
-1465.4,-1333.7,-504.36,-24.427,-76.157,-4.3407,-132.27,-42.046,31.254,-134.87,-2.559,30.178,-78.136,2.5076,-42.363,4.4207,13.686,35.563,-12.423,25.79,9.528,6.766,-11.486,125.33,39.269,43.782,0.51766,35.295,-5.654,-0.4003,-34.288,34.459,49.673,49.98,-7.6638,-36.191,-12.159,5.6418,6.1987,-38.707,-7.069,-34.089,-32.427,0.51721,0.77858,-23.369,11.621,-14.797,4.3365,-3.24,-1
-1477.6,-1334.1,-528.44,-15.357,-78.42,2.8719,-142.33,-44.777,22.817,-141.01,0.70995,16.751,-78.424,4.5682,-34.732,-18.919,42.206,60.648,-28.524,-24.855,38.707,-16.461,3.2762,113.42,21.621,53.78,9.6304,21.87,10.484,-11.449,-24.388,31.448,30.743,56.109,-21.343,-22.416,-12.988,12.37,5.5479,-37.172,-8.5391,-26.95,-28.411,5.8248,2.6062,-21.407,-16.18,-14.219,-25.79,-5.1951,-1
-1481.8,-1336.6,-516.29,-25.634,-76.59,-13.344,-156.8,-37.489,24.233,-142.08,20.504,-4.2262,-76.031,-16.767,-33.309,5.3556,28.989,25.716,-6.6801,45.492,24.602,6.6937,-14.283,134.76,4.1956,66.269,-1.2977,23.208,19.458,19.125,-7.5312,29.644,37.584,44.531,-14.216,-19.103,-12.709,13.852,9.4978,-37.561,-10.87,-33.815,-30.242,2.7418,5.4619,-24.058,-2.7932,-14.866,-10.286,-4.2428,-1
-1468.4,-1335.8,-496.48,-22.319,-71.141,-3.555,-144.02,-41.701,37.755,-139.37,8.7536,4.5144,-78.869,-2.1158,-34.167,-11.481,42.37,58.82,-34.322,-15.914,53.297,-17.29,-0.23535,124.06,2.7445,58.411,3.2544,40.115,6.0372,12.196,-20.367,42.421,40.595,25.384,7.8819,-19.182,-6.0014,8.5939,-0.9848,-36.713,-16.514,-28.01,-28.12,3.2858,14.23,-24.787,-25.128,-13.071,-30.016,-4.4029,-1
-1463.4,-1330.4,-509.45,-41.544,-72.499,-48.817,-135.78,-37.559,65.78,-125.74,10.532,10.029,-83.133,-5.6431,-40.703,-2.6527,23.673,25.537,-11.554,2.8286,29.555,2.6485,-4.2221,117.14,27.322,57.577,4.0937,-6.5635,26.98,-1.9032,-19.749,26.345,20.981,38.924,-14.431,-14.171,-14.891,13.817,9.1134,-35.922,-13.226,-36.582,-22.554,10.836,4.9583,-20.633,-35.374,-12.047,-34.472,-5.0042,-1
-1426.6,-1347.4,-431.91,340.82,24.911,149.97,-159.47,-87.235,-8.8385,-170.71,-2.2228,31.2,-85.307,-7.2344,-29.639,-12.669,18.204,27.993,-14.382,57.334,27.112,12.746,-35.59,131.58,30.331,103.27,-34.744,25.492,13.759,40.738,-39.858,68.707,71.465,-29.109,62.874,-15.887,-7.3555,0.49416,11.395,-43.938,-24.687,-54.994,-39.899,-4.4833,4.9996,-33.986,50.716,-15.379,49.933,1.0204,-1
-1557.6,42.237,-378.91,-123.43,306.34,-103.34,43.295,-6.885,9.9478,-46.55,35.003,18.621,-23.978,-10.112,-73.543,-12.026,80.386,70.849,-8.4264,-26.267,17.807,66.232,50.245,-40.197,-2.2929,-9.8695,-37.752,-22.89,29.023,5.8936,-12.113,-5.3393,19.255,21.105,-18.007,22.985,-0.69162,-17.593,-7.7407,6.1659,4.639,15.533,-21.647,8.1347,-9.4923,-1.496,7.6319,-14.492,-19.809,-24.884,-1
-1596.7,27.709,-392.46,-107.85,370.35,-131.93,27.895,7.8714,41.205,-5.8384,3.1922,11.74,-29.341,22.885,-19.9,-15.343,14.89,69.666,21.111,-28.235,19.541,62.589,78.213,-49.964,-5.9185,-27.806,-22.119,-38.074,19.343,15.507,1.0331,-3.3217,-1.2053,17.238,-14.872,30.554,6.4408,-11.126,-1.0595,4.3956,5.9127,18.375,-3.0916,6.5991,-1.4522,3.6659,30.407,-0.59925,-25.775,-25.321,-1
-1590.6,17.141,-374.01,-112.34,370.03,-128.92,24.545,13.392,45.086,-1.7208,-1.8051,5.639,-46.43,23.339,-16.07,-8.5463,14.91,66.269,49.585,-17.377,23.714,78.507,70.435,-36.926,-11.791,-21.356,-30.905,-50.226,15.872,9.8777,-2.0497,8.4125,2.847,24.173,-13.963,21.642,19.818,1.0652,17.543,-9.241,-9.3049,23.026,-0.60628,10.181,10.383,13.722,28.696,3.2053,-8.389,-26.636,-1
-1004.6,-112.56,-284.82,425.72,76.769,401,-45.823,120.35,21.379,-31.214,97.884,42.01,-110.41,-15.978,-39.963,-56.34,-29.938,26.045,3.815,-36.463,80.445,17.222,49.982,-21.218,50.3,-84.158,1.1501,25.487,-0.46733,-18.496,11.563,19.741,17.68,8.3786,-32.101,-13.6,69.038,-50.512,-128.53,-37.873,50.058,125.76,-12.738,-42.114,-16.152,-73.446,44.583,-9.6791,-25.315,-22.196,-1
-1577.5,28.116,-380.04,-140.8,341.21,-113.38,31.152,10.393,29.812,3.2853,4.9767,2.589,-40.51,-30.356,-28.11,43.921,47.482,93.26,-30.173,-13.649,-3.6721,53.847,61.444,-36.918,11.111,-39.616,-9.8428,-21.825,37.233,7.6526,-12.955,13.821,0.72097,29.809,-18.643,6.3988,9.1875,-14.088,-2.0579,11.32,-1.3899,10.025,-12.01,9.5925,-9.1334,-0.79685,5.8376,-9.8778,-20.206,-19.799,-1
25820,4985.4,-1404.5,-234.35,3430.4,-789.65,1017.9,-957.93,127.21,-113.42,-106.52,196.44,-545.65,50.823,-184.17,377.8,-198.36,442.15,22.015,-233.38,122.85,-75.88,-167.44,-91.008,-63.308,46.574,80.712,27.939,28.503,67.777,161.33,-51.252,39.66,-172.42,-53.511,-63.062,144.48,-45.819,-161.37,-104.82,-21.638,25.067,-25.724,-159.71,-25.784,62.922,34.915,45.084,-30.127,-16.565,-1
-1563.2,26.89,-303.1,-134.93,308.39,-139.36,51.13,44.18,70.011,11.712,-21.849,22.798,-20.667,53.776,2.3117,-16.168,17.881,107.93,-1.2465,-12.708,13.859,81.599,59.644,11.932,-4.9429,-42.355,9.1141,21.33,44.624,43.405,-0.83328,-12.537,-44.996,-2.4693,37.93,-11.093,8.4882,27.661,6.9236,-7.5917,-24.571,-2.2811,-4.8304,6.2121,-20.475,-7.0358,6.4247,-12.216,-28.442,-19.953,-1
-1574.7,47.666,-341,-66.79,346.92,-110.91,67.119,36.334,1.4161,17.041,-9.876,16.178,-32.574,20.724,-46.131,-6.1243,85.809,79.887,5.2402,-10.436,-0.22434,60.612,51.257,-46.072,4.1278,-23.703,-3.2482,-25.237,40.025,14.514,-28.75,7.4327,21.463,13.24,11.699,36.508,18.454,14.555,5.3421,-21.309,-16.184,42.362,-16.641,13.861,11.904,8.1033,20.843,-1.4438,6.0831,-23.647,-1
-1592.2,26.779,-333.93,-113.35,370.13,-97.742,59.304,34.977,40.573,-5.3688,-9.3173,26.893,-35.046,39.896,-32.8,28.643,17.919,65.853,-2.637,-35.517,17.697,73.387,75.263,-21.011,-14.29,-19.046,-13.889,8.1986,27.562,22.319,-8.6755,-30.606,-7.5209,-0.16247,-10.118,22.266,13.024,-0.53976,5.4159,-3.7158,6.0193,22.362,-5.6641,13.037,1.2572,9.1982,24.212,-0.83372,1.1295,-20.65,-1
-1562,2.0293,-326.77,-142.95,301.37,-99.48,38.622,11.448,41.59,15.658,-8.6664,9.2203,-35.685,47.321,-78.182,27.211,3.324,57.366,45.838,-30.777,9.9807,59.451,76.739,1.3122,-5.2246,-42.991,29.052,-25.637,35.954,31.953,18.635,-2.3838,0.73963,2.3363,9.9095,-6.9381,-19.692,-20.669,-0.12833,25.41,32.679,-4.6635,-20.919,-1.0394,-20.637,-0.6277,3.4722,-18.779,-45.836,-29.661,-1
-1594,22.487,-358.81,-102.59,372.94,-103.5,64.986,34.274,49.327,-4.4723,-0.58227,23.924,-28.412,24.482,-24.481,8.5151,21.745,99.127,13.36,4.1648,5.4061,62.424,70.015,-44.031,8.9684,-16.83,-18.248,-21.68,28.174,28.329,23.788,-2.0112,10.999,6.8251,9.3102,26.158,-5.6363,-9.9356,-7.6171,9.1134,1.4239,17.246,-0.23484,3.7937,-7.1964,0.14652,27.966,-10.094,-20.327,-21.375,-1
-1568.7,35.399,-373.27,-105.48,320.08,-129.47,48.321,-0.018924,35.915,14.216,-20.055,21.552,-9.8125,33.135,-35.583,-13.463,45.404,83.182,-23.456,-20.616,-0.80649,60.997,54.482,-49.944,-16.051,-50.104,-18.531,-22.086,9.6523,23.945,2.4891,8.9631,-9.759,12.306,-9.4124,2.3117,6.6693,-17.89,-7.9196,5.1301,-1.4699,0.49033,15.029,1.6961,-2.6892,4.2804,32.351,-1.0709,-6.1758,-17.033,-1
-1595.1,28.95,-378.9,-120.83,369.61,-117.98,46.297,33.751,31.138,11.287,-18.59,18.743,-28.032,35.964,-33.132,-2.7069,9.1101,93.621,-3.8154,-1.3381,7.4402,73.011,55.447,-42.752,-9.3383,-31.726,-33.191,-15.091,8.6619,24.806,5.798,-14.784,-3.1282,7.7196,-3.5308,16.08,-1.5779,-11.909,-16.579,14.948,-9.8458,3.5332,5.8578,4.2121,-12.167,-3.4098,20.156,-13.555,-29.436,-20.222,-1
-1586.9,20.167,-367.13,-109.81,359.99,-101.85,34.47,17.204,44.442,9.3641,-15.787,15.631,-8.7436,37.754,-21.223,17.412,0.31495,87.963,35.541,-16.103,5.2357,84.968,35.27,-18.464,-16.431,-62.34,-25.547,-25.822,24.988,16.324,-14.056,-2.6513,-8.5383,-13.442,5.0316,22.487,-6.9943,-15.454,1.3282,11.027,23.477,21.121,-27.232,5.2872,-6.4225,-2.2467,18.11,-5.6007,-34.974,-29.452,-1
-784.8,-970.78,-406.23,-61.405,237.48,-138.68,61.201,-159.32,-192.56,-228.08,164.93,30.323,32.867,3.8446,-118.9,-73.052,-13.122,-124.03,19.017,18.808,-19.718,8.5891,14.575,-5.9148,13.982,-22.274,12.59,-21.694,25.116,-36.34,-20.184,-3.6622,11.15,1.6335,-3.983,-20.48,-6.7825,-8.2062,-8.7643,18.059,11.374,0.13943,7.4281,-27.758,-10.398,-4.5848,-14.88,-3.7484,11.355,-6.1995,-1
-428.15,-715.05,-305.85,-83.855,-150.46,-71.057,-40.061,-179.25,103.64,17.044,-63.057,-127.23,-62.302,-196.73,27.297,-39.769,99.292,109.2,30.772,74.118,-78.218,-69.078,-81.281,6.8503,-18.724,53.214,-34.627,-10.253,-14.175,15.061,8.4689,-0.40293,9.8217,-7.6972,4.7423,14.43,-12.31,-3.3385,14.559,1.2263,-38.438,-23.142,-23.004,9.2689,15.019,4.7398,-16.201,12.418,-11.748,-5.7397,-1
-769.51,-894.65,-300.64,-43.75,150.93,-160.23,8.7343,-129.72,-49.368,-113.06,25.095,-22.598,-107.91,48.19,109.97,77.931,48.177,124.99,-39.066,2.01,-1.6793,-26.673,-34.534,12.576,-40.304,36.415,-12.595,13.747,-32.166,52.882,4.893,-15.834,-19.272,-16.895,-17.707,17.723,-22.667,-19.792,8.2031,-0.42669,-39.359,2.241,4.2995,18.433,6.8656,-3.7108,8.0081,0.591,4.3324,12.885,-1
-64.083,-720.19,-267,-0.91245,-270.67,-76.056,-37.475,79.374,-58.026,-86.216,110.37,-138.81,-168.24,-129.54,184.03,-136.25,53.478,-9.599,-7.0161,108.56,-108.98,9.9487,-36.98,-36.398,-35.142,77.034,-95.568,-30.087,-6.154,-17.192,86.073,60.756,23.591,-3.7662,-40.868,53.169,8.5632,4.832,1.6526,7.6264,-54.915,-67.755,-63.21,-1.4224,75.339,47.986,-11.867,-13.32,-11.762,-1.82,-1
-413.95,-899.91,-196.5,-168.52,-151.84,-109.13,-46.295,-150.7,23.86,-60.112,142.77,-167.5,47.975,17.726,4.9842,157.91,-8.1805,89.915,-29.756,-65.464,-19.271,-22.948,-7.4655,43.537,21.759,0.65947,27.634,11.552,-8.5391,52.957,-58.934,28.706,-34.427,-1.3274,7.7593,-8.6728,-17.873,-17.084,6.8583,-10.245,2.7352,32.017,35.174,9.9616,-26.845,-25.337,-0.531,9.6705,3.3506,10.672,-1
-171.6,-812.15,-102.97,151.65,-139.42,-195.44,-96.226,-14.763,117.83,56.672,124.94,222.44,92.918,154.03,-5.8057,285.94,-101.44,28.032,19.886,-42.792,70.434,76.77,-126.62,50.172,24.06,2.9197,46.751,67.485,-8.8271,58.175,-111.39,-36.539,2.4676,-12.483,16.521,-23.581,-31.71,-61.087,15.778,-8.1491,5.8003,50.961,39.118,30.233,-45.107,-68.838,21.31,9.7589,-0.25287,23.735,-1
-480.86,-557,919.3,2261.1,3.303,-50.06,301.01,15.961,-4.9323,-168.2,-162.93,-71.468,-176,-48.767,52.228,18.972,15.398,-83.237,-116.27,-76.564,-69.851,-3.0765,-22.972,-26.095,1.3953,-82.485,20.189,58.213,-0.57435,19.906,59.062,8.9044,-37.3,19.772,-33.446,14.732,12.365,18.189,-5.96,6.4439,10.712,-0.70925,4.3944,13.234,-15.763,-16.793,29.81,-15.219,18.877,-1.4236,-1
-517.79,-452.6,925.44,2274.2,55.889,172.78,171.26,3.6816,-71.815,-29.695,-129.9,-73.444,-101.87,-91.747,69.928,38.755,66.695,-93.572,-6.4907,-38.976,-41.474,-142.55,-45.723,48.51,-48.333,8.4801,-23.964,-23.474,56.096,-31.215,-18.852,-46.495,27.301,-39.768,56.009,1.1384,1.2989,14.812,45.214,-9.9101,-17.812,4.4615,5.6426,16.66,-37.254,-10.516,-25.568,16.703,15.085,1.1754,-1
-561.44,-340.78,936.98,2260.4,4.1422,45.015,291.97,26.455,-1.8135,-133.47,-265.27,-81.504,-247.56,-11.042,37.96,-16.814,-31.163,-25.3,-16.248,-99.748,-59.302,-44.749,-31.407,-11.794,-21.993,-26.492,4.169,-13.852,20.936,-23.859,19.86,-20.353,2.1656,7.7098,19.487,-6.1935,-5.212,-8.8756,14.539,-21.285,11.315,0.81265,11.965,18.732,-7.569,-19.366,-8.1316,-5.387,17.603,3.8255,-1
-428.62,-701.11,897.88,2273,37.993,4.2907,267.08,7.4756,-33.187,-123,-58.034,-66.176,-122.33,-88.396,60.046,10.627,-9.5719,-40.005,-62.477,-46.148,-58.966,-93.669,-52.559,20.753,-35.298,-38.659,9.2604,-4.9675,18.718,-22.423,17.253,-21.25,7.8587,-4.9814,31.659,6.0655,14.872,-6.6053,8.9605,-19.714,8.4795,1.4742,3.6175,10.443,-20.192,-25.387,29.192,-18.882,-0.0226,2.106,-1
-422.44,-717.07,899.22,2270,27.476,-37.081,265.68,10.386,-50.012,-131.48,-81.955,-59.301,-61.239,-117.3,66.188,8.326,-17.506,-49.423,-102.72,-76.575,-82.837,-41.619,-32.954,-23.619,-17.365,-62.57,11.008,25.147,4.8334,-4.1835,46.147,-10.134,-18.338,12.299,-5.7371,10.286,0.21685,-12.281,-4.6774,-4.2729,7.5359,-2.455,3.9895,6.0953,-14.586,-42.689,9.0395,-29.639,-0.37722,19.409,-1
-1252.7,1623.3,1241.9,2205.1,-11.292,301.21,-360.35,-134.2,-56.538,-114.28,-26.476,-51.948,-262.68,-30.18,-23.307,-58.899,-136.68,-30.272,-8.2326,-149.96,-130.84,21.12,-39.826,-66.122,-95.199,24.863,144.95,-156.48,-95.148,70.197,45.234,-87.596,-79.925,27.999,-85.315,-63.651,1.8307,97.714,-19.98,44.422,20.848,-4.6262,93.118,-113.51,57.938,-37.255,48.209,4.1688,33.834,70.112,-1
-364.97,-869.38,885.61,2275.3,57.303,-50.389,241.37,-13.479,-48.484,-125.81,119.04,-51.191,-44.487,-142.41,70.856,18.388,-34.161,-33.333,-132.28,-40.561,-80.495,-70.843,-54.853,-3.5835,-24.592,-72.24,13.18,20.746,0.9442,-9.8246,29.671,-7.8376,-8.6733,-1.2651,19.637,13.9,24.617,-7.5725,5.351,-24.861,12.424,-0.062209,6.2225,13.276,-7.1661,-34.499,26.51,-15.982,0.21022,15.961,-1
-641.61,-109.61,962.49,2269.7,111.95,424.87,-9.8354,2.4341,-129.99,99.438,-78.103,-49.7,14.235,-153.67,39.358,-6.773,-59.888,-17.041,-64.169,-83.467,-82.06,-117.27,-27.106,7.1286,-52.834,17.643,-27.175,-51.481,42.315,-45.979,-25.057,-75.171,29.043,-34.756,94.141,2.1029,-18.95,-26.248,73.852,-21.495,37.969,28.003,-33.557,-1.6135,-49.119,14.835,43.834,-35.204,22.086,-8.8292,-1
-996.29,-735.34,-463.09,-95.158,-43.392,-262.35,0.63798,-68.996,-214.69,-101.24,-66.953,23.262,-164.66,41.163,32.76,2.8366,9.09,-27.993,-5.2599,14.191,-38.348,-94.456,-0.54518,18.915,-7.7552,-42.922,-22.693,7.9182,-12.35,-40.203,-33.83,-11.409,-11.12,-1.6817,10.946,1.4872,-7.1782,-7.3315,3.7015,-1.1282,9.5576,2.0067,-10.88,-6.721,1.6792,-5.8125,4.6616,5.658,-2.6145,1.7245,-1
-926.23,-740.32,-284.15,-124.33,33.239,-143.23,-114.55,-79.999,-83.843,-25.758,36.236,-27.416,201.01,13.399,-47.894,1.1643,24.127,-6.3197,-25.469,-12.986,-7.4946,54.181,-5.24,5.0071,8.5693,-15.81,30.136,-9.8913,18.774,50.947,31.212,8.5082,5.5064,-6.453,-3.3087,-30.877,4.4698,4.4318,-3.878,5.9175,17.622,-5.725,16.602,13.753,-11.025,-13.315,-1.2787,5.0491,-29.388,4.0692,-1
132.26,-728.27,361.46,-191.89,226.16,-133.78,-50.253,-21.67,-56.457,-41.29,-180.52,134.93,388.68,378.59,-107.5,4.0181,-68.719,-68.479,74.361,-27.435,-29.634,24.036,43.565,-30.717,42.864,-59.836,34.384,-12.844,12.363,13.61,-30.511,-18.581,56.244,-29.762,-12.981,-27.326,0.030793,3.4528,-1.227,16.633,5.1563,-36.016,-13.326,30.361,8.4159,-9.9059,3.0968,13.829,-21.612,24.272,-1
-870.21,-741.44,-275.63,-95.691,23.399,-66.939,-179.58,-99.891,-61.662,-48.879,15.525,13.31,236.33,68.076,-79.979,2.6282,9.3471,-12.315,-25.696,-15.353,-19.473,53.854,4.9751,-7.954,22.075,-15.341,36.561,-10.444,16.247,61.755,23.749,12.544,18.968,-1.7536,-10.229,-31.699,-12.942,4.9028,-11.829,5.1805,7.2499,-19.219,9.856,7.5747,5.4394,-2.048,1.1323,9.5509,-18.993,6.5564,-1
671.74,-724.26,518.88,-31.943,274.23,-231.52,27.133,-50.572,-250.56,-17.773,-47.791,-37.518,187.37,-29.957,27.746,55.139,-55.957,-68.586,33.318,-18.848,108.19,132.5,10.754,-75.048,130.22,-51.017,83.923,116.51,10.67,-67.429,-79.974,-9.1745,-8.7843,-55.999,-18.331,111.19,144.3,5.7964,45.406,-18.73,40.014,49.283,22.836,19.073,-18.516,-6.9274,33.191,10.682,5.1524,55.33,-1
1268.4,-636.6,-37.383,-157.83,86.67,182.36,-181.59,66.542,1.5845,-56.999,-135.4,295.24,294.22,115.87,-90.5,-12.903,-34.206,-45.941,73.801,-48.391,-201.09,23.381,-41.789,27.517,84.062,10.074,86.297,23.75,-19.574,73.915,-67.549,61.91,-66.804,13.931,-25.509,-23.12,-53.671,22.555,31.695,85.92,-49.228,17.812,14.9,-86.329,-26.372,18.412,-23.012,1.8571,-33.83,-51.281,-1
2722,-535.79,-109.85,-192.27,256.87,519.85,-17.52,354.7,-266.69,-71.428,-65.742,-465.44,148.6,80.758,-86.399,-5.4502,-105.48,50.389,119.04,-34.432,56.415,-12.467,-15.115,-12.103,-96.224,33.893,-84.306,-3.8071,-61.491,-37.837,145.98,-68.539,-238.3,-67.943,-32.877,-34.86,34.052,34.981,-5.4829,-27.729,-43.741,40.598,30.053,-74.759,-61.037,41.026,-3.6702,-12.817,9.8511,4.0659,-1
-840.7,-747.72,-182.82,-102.49,66.995,-90.595,-162.72,-92.406,-86.902,-55.757,-2.3264,52.654,252.11,61.642,-47.077,5.9798,43.774,-9.6884,-0.02182,-7.7999,-5.9654,48.792,-3.2424,-0.97933,13.33,-18.853,35.744,-12.169,14.861,55.669,24.928,5.9338,19.839,-1.6428,-8.8031,-37.406,-9.427,-2.0045,-10.928,3.356,6.6081,-20.929,3.5965,4.3223,3.1028,-0.3887,-7.0367,17.089,-28.363,5.3448,-1
-654.36,-757.68,-21.577,-136.71,101.73,-53.285,-158.05,-43.349,-104.04,-59.051,-35.65,11.684,290.09,193.44,-62.056,0.68609,35.143,8.0984,36.634,-9.2955,-12.319,24.848,-0.31985,-4.7227,18.186,-27.271,30.284,-17.376,11.245,44.903,19.085,0.53766,43.168,-4.5706,-9.2565,-48.133,-25.547,-1.6698,-9.648,9.7296,9.7002,-20.365,4.904,16.768,21.218,-10.018,0.96049,15.782,-21.454,21.035,-1
1421.4,-620.18,-114.48,-147.51,115.68,220.94,-163.85,67.109,13.069,-32.32,-137.18,139.82,237.42,61.356,-39.41,-8.2422,-11.887,11.105,72.134,-42.054,-186.04,22.355,-82.58,29.524,95.666,19.23,84.969,56.694,-2.1943,66.162,-100.96,86.069,-60.076,33.872,-29.094,-0.25295,-64.923,-10.109,-38.691,18.827,83.665,-109.54,-72.906,98.173,57.371,-12.027,6.2546,14.316,-4.8405,-55.972,-1
-806.38,-751.62,-154.01,-119.85,55.052,-56.723,-169.17,-66.287,-84.967,-56.742,-9.0553,21.324,254.44,104.7,-61.321,3.6158,6.5179,-15.333,-1.6881,-12.566,-9.3469,43.342,1.937,-4.9808,22.214,-22.982,29.628,-15.916,12.255,49.152,25.937,6.4688,32.017,-3.4851,-9.8365,-45.573,-22.526,-2.2721,-10.767,7.7239,8.9765,-17.959,0.16884,7.681,8.8023,1.5662,-14.962,12.182,-16.688,12.553,-1
-94.051,-755.67,306.62,-107.64,202.77,-130.09,-68.483,-39.939,-165.29,-34.559,-38.678,5.0551,177.74,-33.49,49.911,46.504,40.574,-27.921,51.734,-0.99747,100.02,90.255,-25.527,-40.725,90.928,-27.351,40.716,83.645,-5.9512,-39.485,-20.717,3.8289,-5.1817,-27.647,-17.151,14.597,27.145,6.5795,16.197,10.83,18.098,16.735,4.1654,4.3016,-6.7884,2.0487,5.1671,3.2319,-8.7464,17.408,-1
130.84,-686.51,-65.564,-70.406,51.587,-220.93,-149.9,-172.22,137.83,47.379,-171.92,112.54,295.86,206.52,-74.193,2.861,59.883,14.809,49.793,-29.56,-50.406,29.329,-26.633,9.6318,22.601,-0.25879,48.139,14.481,7.0215,34.983,-49.544,5.4249,6.1252,-13.035,-10.064,36.656,50.458,29.134,28.714,26.081,-26.307,28.934,25.568,-40.61,-8.9387,-1.9718,-5.4984,-3.9174,-17.962,-16.073,-1
120.03,-720.74,221.15,-186.99,146.76,-49.001,-7.0016,75.226,-187.76,-19.079,6.143,-15.81,171.39,-76.052,92.66,55.79,40.598,-71.52,43.847,-19.734,107.42,102.2,-66.667,-2.7001,119.89,-22.727,5.3002,55.92,-17.778,-9.6706,38.566,29.254,9.524,-9.2942,-5.1101,-94.393,-89.092,-3.8947,-11.826,13.893,13.931,7.1679,8.6103,3.7381,-1.4458,2.8939,-10.484,-6.9062,-24.184,26.632,-1
-2489,-361.44,-499.83,-420.01,-277.11,372.93,-298.69,173.16,19.787,9.0211,-17.531,-52.319,106.04,-17.77,37.402,8.6173,63.915,19.664,42.311,-41.736,7.9571,-7.7399,-114.78,-9.4197,-0.8893,9.8022,-63.037,62.153,-24.816,10.487,-65.377,-13.257,-30.27,-37.556,27.825,-30.665,10.91,-30.041,-12.698,-16.983,8.3688,-5.5991,-12.671,6.0716,-2.5935,-17.965,6.1271,-2.6939,-6.9635,-8.8113,-1
-1978.8,-434.43,-220.92,-64.727,21.563,214.48,6.5514,-6.4853,63.613,-165.6,-125.47,24.827,126.47,132.77,-217.74,-212.29,-3.4747,-63.223,19.269,38.716,-129.1,-54.853,25.081,26.023,-87.999,19.476,197.74,-2.9358,-165.45,-43.717,94.042,-11.78,16.379,60.627,-8.828,34.956,0.58146,-53.089,16.17,-26.641,14.109,-22.216,-16.369,-73.723,-15.307,-3.0207,-21.547,-7.5754,17.37,3.1059,-1
-1061.9,-692.6,-124.74,96.686,305.92,204.37,58.882,-24.842,-47.444,-314,-104.24,23.959,152.5,259.04,-167.04,-290.21,1.2793,-74.202,-3.8266,117.02,-116.42,-93.568,8.0195,24.569,68.979,92.732,-98.229,-96.345,97.589,4.1382,-43.696,18.577,117.24,40.276,-42.785,-30.391,-127.62,11.681,-15.431,-25.014,26.936,46.308,-61.1,-33.539,1.7111,26.181,0.95334,-13.968,14.641,-11.67,-1
-714.17,-785.49,280.18,72.46,233.25,278.2,-134.03,-127.01,-172.56,-270.76,-27.945,24.278,-37.046,14.32,139.34,-31.03,-116.63,-27.482,-2.2434,19.092,-56.194,-60.166,78.304,30.582,3.8446,69.389,-48.834,-19.954,179,-28.654,-101.64,-0.92059,15.118,88.354,-112.21,-30.936,101.95,-59.834,69.807,68.009,-39.143,-42.875,122.13,-12.215,0.20725,-43.55,-46.771,3.8604,86.57,-10.676,-1
-916.85,-520.63,-60.717,46.177,410.44,182.29,-53.1,-57.377,-130.12,-92.032,-56.72,-50.862,11.874,-124.34,145.17,122.64,159.15,5.5127,5.3779,88.042,116.79,-5.3625,157.47,1.3389,98.804,86.243,-190.09,-42.972,290.9,47.216,-94.122,27.104,53.266,83.672,-68.961,-0.33333,57.255,-8.7643,-11.175,101.22,7.0496,-10.722,173.39,49.896,75.433,16.71,-30.36,72.267,-94.681,-49.824,-1
-785.6,-605.08,-203.14,-139.01,246.83,170.05,-137.38,-44.15,-64.268,152.76,-41.424,-95.242,45.073,-205.04,179.49,345.81,-68.235,41.286,25.942,-52.692,60.451,-33.182,188.52,17.849,-57.488,40.062,-17.256,0.71975,146.53,-61.472,-10.675,18.084,59.751,60.777,-109.55,-30.041,54.991,-41.771,-17.327,-10.138,-49.465,50.502,-41.328,-48.235,-18.814,-16.648,-27.562,-29.722,60.837,-8.7951,-1
-1778,-378.88,-385.5,-75.518,-44.318,169.3,107.93,-267.82,189.29,-76.553,-82.04,-41.348,110.04,91.117,-123.34,-20.319,90.041,-11.66,-47.903,30.608,-48.732,-7.6822,75.473,28.38,-101.26,-14.316,165.72,0.60513,-171.26,-69.246,46.786,13.39,24.792,57.562,7.4739,30.214,0.53245,-21.286,55.323,22.052,24.736,-48.913,28.523,-37.372,5.595,1.552,-18.396,-6.4965,52.462,10.415,-1
-2449.8,-378.49,-509.26,-174.53,-239.52,245.72,-256.91,91.9,26.707,37.676,-31.038,-3.8236,28.231,-21.919,-22.579,62.736,59.202,25.252,4.2576,18.707,-59.277,-49.763,142.46,53.984,19.109,39.627,24.48,-19.813,8.8363,11.216,25.048,-19.917,97.557,108.32,-24.736,75.316,-21.298,4.4484,24.863,-2.5864,-14.106,-4.3407,-9.2153,5.7101,-32.889,-2.3301,10.998,-11.763,-29.462,-10.112,-1
-666.52,-757.88,-233.03,30.281,30.141,163.35,478.76,-184.78,267.91,-153.46,-312.99,65.538,-79.599,458.57,-84.514,-310.67,165.38,-182.24,5.9393,89.628,-163.71,34.122,-24.681,51.671,-185.01,-41.524,281.03,14.466,-310.42,-110.97,65.137,-17.837,13.684,17.814,-16.045,-41.856,-32.454,-82.328,48.73,22.638,-27.076,-32.168,-19.957,-105.9,-9.8711,-20.626,-47.748,-13.162,69.978,35.157,-1
-405.92,-5.3118,-109.01,74.517,335.44,235.62,-64.539,-569.83,103.07,59.45,97.797,-68.828,59.969,221.85,32.256,195.2,-214.74,-96.031,102.45,-135.01,-27.705,-104.96,126.06,-17.827,8.6588,6.877,-72.195,-45.714,135.65,-32.121,-115.19,69.408,12.315,50.634,-28.169,-18.181,31.537,-42.995,12.252,128.28,-28.097,58.161,125.69,63.361,44.283,9.043,-20.611,35.863,-101.78,-28.532,-1
-958.27,-771.85,-63.331,110.88,343.31,305.51,-23.028,-312.06,-72.536,-304.75,-57.287,173.34,198.2,388.14,-286.51,-391.89,30.271,-96.066,-7.7421,174.74,-176.15,-116.31,-13.716,5.3968,58.566,96.99,-90.814,-110.17,110.17,13.673,-32.174,18.769,118.32,65.521,-57.154,-54.851,-128.85,51.106,0.93789,-79.205,53.658,42.582,-57.89,29.764,34.189,36.755,37.669,3.3857,-97.171,-33.283,-1
-968.23,-714.12,120.48,104.89,236.84,187.04,-66.724,-49.606,-78.871,-233.75,-7.1712,-78.26,84.474,-155.67,21.836,65.574,8.0635,8.3596,4.5124,45.073,63.858,-58.32,161.96,10.555,28.19,73.396,-45.633,-61.83,211.62,-29.634,-50.726,13.422,29.716,71.557,-124.48,-52.514,54.841,-56.515,58.096,74.585,-10.38,-55.436,113.3,21.473,-5.7817,-52.333,-23.06,-10.599,41.162,10.325,-1
-513.66,398.04,-49.632,-66.849,218.98,157.15,102.15,-300.89,252.29,367.73,-68.998,-56.694,-38.065,-225.03,168.48,220.91,2.5165,42.387,-86.019,56.073,127.89,47.627,158.87,23.802,-94.906,79.27,13.988,11.366,118.3,-64.374,-21.385,9.222,31.484,61.197,-105.48,-57.282,29.301,26.793,44.981,-19.658,13.445,-86.551,-11.767,-35.083,-70.681,-44.285,-6.8509,-77.527,213.37,10.465,-1
-740.55,-1013.1,-185.85,23.697,-84.939,-37.391,-280.94,-24.935,-42.769,-36.382,-16.013,-43.673,16.592,4.4559,-78.544,-93.855,-22.713,56.338,72.685,27.052,-91.43,-31.514,29.744,56.768,74.653,17.721,23.806,66.279,-56.346,0.50911,40.085,-37.566,5.2785,-9.7506,-26.615,-25.966,37.374,15.404,4.1248,-35.859,17.864,-25.286,-60.154,8.1599,-2.7302,36.179,21.999,4.2252,9.1998,33.869,-1
-736.93,-1001.4,-199.23,97.76,-108.88,-65.788,-177.2,-18.183,-29.808,-47.218,3.0736,42.776,127.6,249.08,177.68,43.852,-8.9814,55.582,-2.5852,40.593,51.893,-8.119,-34.526,14.483,-38.587,-29.08,-9.9537,-40.625,35.3,61.998,-26.227,52.716,-17.743,6.2258,-22.778,41.171,-33.907,-5.9801,-4.8863,29.244,-9.8587,6.6762,-27.487,-13.467,-14.806,11.654,3.4981,-16.094,24.696,3.1634,-1
-632.66,-951.25,-189.35,48.616,-146.48,-135.51,-127.27,-78.642,-20.298,24.847,-30.032,3.1426,61.313,-66.369,39.185,54.737,22.059,-6.7118,-95.696,-60.802,55.856,-13.993,-29.079,-24.549,34.904,-101.28,-36.476,-31.484,46.948,6.7032,-16.711,30.237,-12.346,-43.555,-22.862,-10.558,-48.912,41.03,1.5671,8.8402,15.247,-17.923,15.886,10.277,-2.053,0.55348,-5.6405,30.329,15.353,31.091,-1
-206.81,-814.68,142.51,-125.47,-194.67,-122.89,19.486,36.83,-107.26,-147.81,-29.117,-60.97,-128.3,-102.23,-117.72,-1.3331,59.729,29.437,90.046,-59.38,-0.1466,33.564,-1.2958,-28.964,74.124,1.7206,37.575,7.2239,28.754,-44.832,55.499,-22.58,-8.7933,-40.793,-18.029,-29.048,0.11117,20.747,12.371,48.733,42.278,1.3476,7.3517,8.5898,2.3069,27.567,18.837,3.2021,0.28508,12.83,-1
-627.57,-936.1,-64.076,-35.198,-139.01,-71.91,-153.35,-25.436,3.2868,-22.603,-21.558,-75.63,-109.29,-144.32,-87.147,-65.195,-12.146,16.87,24.006,-26.36,-43.348,-7.6085,9.6417,-3.4281,57.037,42.079,-25.079,61.785,-89.857,23.27,6.0691,-11.379,2.5413,-30.492,-71.29,-17.835,5.7263,34.674,5.1456,-20.079,-47.261,-6.0072,-1.763,20.439,-21.088,18.113,-4.1729,-26.674,39.41,18.654,-1
-520.8,-907.88,45.124,-16.656,-175.03,-100.04,-122.47,-27.857,-7.7332,38.393,-3.0006,9.3552,3.7734,-89.905,148.69,83.472,14.492,-99.255,-111.2,1.6653,83.807,-10.985,-16.298,-19.927,80.594,-95.143,0.80966,-34.7,31.274,-1.1139,-21.754,50.485,-22.172,-49.422,-13.691,-15.984,-60.718,37.965,-5.4894,19.122,-2.7854,0.68387,44.07,0.70398,0.2142,-6.7161,-27.906,3.1547,26.395,-5.1068,-1
-310.61,-817.3,-66.124,50.42,-142.8,-231.51,-60.421,-68.58,-3.7008,174.57,-39.644,-7.5902,-134.65,-41.489,118.2,95.154,-2.0689,-45.794,-98.28,-7.1652,51.814,10.304,0.04191,19.77,73.437,-101.6,-16.841,-23.663,33.4,0.93149,4.7546,8.8701,-0.41793,-35.512,-9.9746,-27.763,-49.531,38.721,-1.969,14.362,11.263,-0.97491,24.404,13.428,11.235,-7.1103,-12.112,-0.12261,23.16,-3.3111,-1
-721.92,-967.81,-146.88,-54.814,-152.29,-77.83,-198.16,-8.4775,-1.0294,-106.65,7.3038,-55.874,-38.183,-181.03,-175.05,-30.434,47.26,-4.0292,-15.147,-71.028,-32.623,-19.19,-0.29557,14.446,84.684,2.9464,-18.804,28.762,-9.1767,-48.063,36.7,4.1884,-5.0131,-32.229,-28.759,-7.5198,-3.9772,44.241,11.721,-15.022,-13.6,-25.356,17.624,23.984,-15.572,10.352,-3.4184,12.458,-21.73,-4.4871,-1
-306.67,-662.25,89.471,-162.35,-145.29,-103.34,13.14,-25.403,81.406,-11.044,-5.2984,12.963,15.867,-160.01,-188.78,-46.722,58.425,-3.9553,113.02,-21.889,-43.21,38.696,32.736,-57.198,37.486,-79.788,-7.8844,13.418,15.066,15.344,71.669,-38.655,16.139,-34.558,-51.692,-38.597,17.01,7.8772,-8.9519,31.777,-33.719,21.444,-12.151,41.833,-11.967,41.498,59.773,-15.996,22.008,6.6935,-1
3828.6,1579.7,-803.75,153.55,0.34661,-988.34,232.85,-88.328,43.783,374.78,-104.86,78.955,-280.15,-118.12,-98.105,-145.78,36.477,101.29,32.585,-28.705,23.146,-193.89,43.803,-230.74,-14.157,11.656,143.46,-133.87,91.686,-103.96,53.247,-11.508,-2.3698,-147.87,2.8189,96.978,108.53,-205.68,-51.006,-197.77,10.03,-48.452,-48.64,6.0974,-34.817,28.912,-11.932,47.577,-5.4739,57.859,-1
-752.31,-982.19,-250.32,-8.393,-118.76,-75.836,-234.39,-82.14,-38.079,-28.215,-5.098,-44.426,-92.182,-184.99,-114.33,-60.772,-15.592,23.986,-11.69,-56.091,-54.862,-11.955,25.885,7.6341,45.53,-25.554,-27.057,35.271,-16.258,-5.9499,3.7599,-35.219,26.737,14.609,-27.745,-17.939,-10.002,6.9863,5.1524,-34.916,29.446,-10.926,6.3614,8.2633,10.71,5.0934,16.42,2.644,-18.751,-1.9472,-1
-494.55,-905.48,54.674,-128.64,-189.15,-138.92,-62.221,28.654,-64.184,-107.64,-4.8997,-86.118,-121.11,-144.56,-115.96,-17.415,56.807,88.069,2.5211,-113.33,13.342,-8.2381,-8.1573,-25.301,67.398,19.248,-38.81,40.005,-19.977,-21.907,12.58,-43.779,17.808,26.378,-53.905,-3.1757,-22.665,14.15,15.618,-34.094,-2.6145,-55.175,45.075,4.1194,-0.091783,-0.33021,-18.728,-10.835,6.2251,-13.644,-1
-266.22,-811.15,96.987,-136.7,-166.44,-203.11,-12.627,34.044,-50.356,-124.91,-34.367,-53.192,-62.367,-265.64,-182.81,28.63,135.53,113.47,-88.041,-168.15,44.624,-35.726,1.4769,-29.751,103.38,-164.73,4.974,64.493,-23.224,-31.876,-11.905,-61.695,7.5335,-20.477,-59.975,-37.786,-53.954,54.253,24.772,-52.674,34.31,-96.375,64.359,7.6657,15.053,9.6171,-8.9617,23.431,7.8047,-0.68813,-1
850.29,-73.246,-258.35,-40.989,-295.47,-102.5,-154.35,-457.16,-146.56,52.035,187.8,30.283,247.17,266.02,-25.027,187.42,100.66,-1.9959,-25.238,3.6544,-47.976,89.709,17.079,24.308,-17.856,-16.405,8.604,9.0371,-14.318,-6.5595,27.565,14.19,-44.489,-70.372,0.16578,-26.99,-16.802,-1.842,-6.7446,26.204,54.968,71.927,-40.115,-7.2876,-7.9211,30.584,101.92,-16.94,-28.233,-17.128,-1
-972.6,-652.99,-366.06,-69.877,-289.06,-128,-48.062,47.11,-7.8526,12.949,-6.8185,152.19,44.972,44.393,140.34,-0.21596,-133.57,-73.811,-89.469,-21.512,56.019,75.976,27.605,3.6514,13.002,21.882,27.865,-0.27941,26.287,-3.2935,2.1805,40.6,-32.147,27.641,4.8535,11.46,-0.66391,3.985,-24.165,-12.672,4.1658,-13.522,1.2898,15.293,7.3124,-6.6553,-4.9554,30.074,9.8418,2.0046,-1
-1030.9,-670.53,-395.43,-71.483,-284.23,-96.317,-69.374,184.33,-43.362,-26.906,-26.81,187.63,18.903,6.8227,81.218,13.665,-49.83,47.561,-10.338,18.387,24.481,-23.805,41.271,15.434,26.949,22.674,56.517,8.1027,30.643,-17.953,-7.7824,55.09,-46.191,55.098,14.892,2.4372,-1.9361,6.2115,-20.171,-5.2204,14.075,-19.097,-4.3904,12.463,20.066,-18.595,-16.821,71.859,12.66,3.7451,-1
-1024.8,-679.44,-367.74,-70.424,-283.59,-92.869,-62.944,160.13,-1.2418,-31.122,-5.895,187.55,58.515,0.93614,138.08,-20.073,38.551,1.5964,9.4902,8.0797,37.472,102.78,7.2546,-31.86,4.6806,22.737,58.718,4.9504,12.638,-15.443,18.818,22.732,-29.299,-14.408,17.689,9.2724,-12.325,15.528,-13.643,-1.0013,7.7684,21.704,-25.762,-0.76882,-11.559,-0.89931,21.553,-39.33,15.588,-19.471,-1
-1045.3,-627.6,-479.6,-58.494,-324.26,-86.403,-46.323,135.36,-48.943,-32.755,-2.2789,181.65,20.425,-42.26,134.64,12.478,111.84,-24.154,32.217,-32.987,68.753,74.074,2.4963,-40.157,33.499,16.621,62.187,7.0638,26.318,-28.023,0.81467,41.98,-34.76,26.852,16.42,-6.0144,-7.2367,11.266,-12.481,-7.9101,10.955,-4.758,-6.8244,8.3578,14.245,-18.913,-3.8946,43.599,9.3655,6.4872,-1
-1041.8,-643.77,-473.91,-77.539,-332.63,-86.191,-59.022,136.46,-28.866,-22.234,-19.917,170.58,32.844,5.7592,129.98,-13.298,-126.45,48.747,-52.69,59.309,0.45639,70.718,34.977,-5.3796,10.624,34.645,44.962,0.76768,22.68,-6.5965,2.3494,32.364,-38.17,14.513,11.274,9.988,-6.2656,11.154,-22.907,-1.1026,7.4424,-4.1029,-2.6345,6.496,0.67071,-7.3555,-4.3207,14.108,21.487,-9.3781,-1
-1039.6,-657.68,-433.62,-83.471,-319.7,-88.856,-42.548,139.1,-26.57,-15.969,-16.809,153.84,19.897,-10.821,180.15,14.177,-70.002,-79.67,-22.986,25.772,-10.658,144.2,23.443,-25.289,9.3136,23.508,48.918,7.0275,19.233,-11.619,-1.0722,29.053,-29.333,15.068,3.0185,7.8161,2.7953,5.641,-18.087,-0.57703,1.4314,16.863,-21.691,6.7623,-17.159,5.4781,21.896,-56.033,16.68,-24.787,-1
-1004.5,-705.17,-272.68,-124.03,-269.04,-118.06,-46.525,133.42,-44.226,-11.597,-15.88,187.37,23.97,-1.0152,105.47,-11.197,64.936,-2.5396,-35.399,-52.627,-90.85,150.4,-3.0689,-20.37,17.287,23.24,47.148,3.922,13.039,-5.1747,6.1457,23.958,-29.89,30.424,13.024,-7.7962,-3.3502,3.1208,-13.381,1.0568,1.2166,14.65,-26.795,6.1515,2.2722,-13.998,1.2927,-5.0392,-8.4017,0.30428,-1
-923.14,-784.02,-31.861,-205.21,-228.94,-104.27,-57.754,60.767,-135.35,-60.267,-39.393,193.15,11.226,-39.606,108.58,-10.893,58.244,109.25,47.898,23.129,288.84,-28.178,4.8776,-36.905,-2.0758,5.4352,37.304,-8.3807,8.3799,-12.592,13.602,20.517,-6.3198,0.18312,6.6411,0.68307,-12.727,11.51,-19.214,-19.456,14.33,-7.0214,5.6666,12.882,24.567,-25.812,-13.884,72.318,4.3859,15.676,-1
449.27,-431.02,-374.85,-24.658,-339.15,47.703,-13.582,-519.59,-394.63,-149.5,-148.15,159.37,-111.06,-136.43,36.109,35.713,-40.294,-35.935,-48.901,-75.179,-5.4513,-68.908,-11.79,76.962,11.982,21.43,74.917,7.9411,1.3697,-7.392,8.9518,-17.983,64.114,10.578,-39.867,-6.9933,23.893,-46.446,-24.532,4.5106,36.448,21.137,15.9,-0.49609,29.147,-12.732,17.443,15.597,2.1331,-11.98,-1
-70.303,-540.8,-234.5,123.15,-218.61,-5.5254,-145.02,-385.85,-38.742,-85.305,13.048,15.901,-43.721,-138.58,218.08,190.4,121.48,25.619,-96.479,-222.83,25.82,72.383,-41.533,-65.985,-20.452,6.8931,17.867,-8.5595,3.6894,27.277,-22.358,-4.3041,7.8413,-27.875,-43.019,-0.32889,1.5413,-39.697,4.6546,30.715,-18.041,-0.83095,11.594,-32.676,1.033,-10.3,21.86,18.951,18.272,-20.715,-1
-1024.3,-1751.6,-395.95,-338.02,-298.45,-269.43,-191.65,-39.499,155.19,8.3424,-5.3263,-131.3,-69.156,45.414,-80.774,-123.2,-38.041,-100.71,-113.47,-33.73,-37.702,5.7342,52.048,-45.483,-30.822,-3.6521,-3.7683,-73.556,7.4965,-18.842,-59.168,2.3896,-1.8498,5.9815,13.234,0.33025,4.7874,9.4388,-6.5067,4.1511,-10.218,3.3228,6.9837,4.4132,0.60752,-3.1005,-3.3561,6.337,0.054178,-3.0168,-1
-2017.8,898.09,-221.52,335.61,231.81,556.96,-444.15,-261.07,-308.59,3.934,36.333,23.421,176.17,34.425,-36.088,-10.335,-28.499,-14.488,-20.428,-19.88,-38.221,67.801,-11.025,84.779,124.2,260.25,-40.527,15.973,239.52,51.186,10.092,49.371,-69.132,-24.088,50.056,-97.18,-57.817,-1.2701,-47.193,35.281,-77.839,-58.654,-61.042,-21.777,-40.177,-7.2125,-37.529,-2.5253,-50.558,0.03896,-1
-1025,-1717.3,-366.42,-262.02,-329.67,-187.48,-69.875,2.7437,129.3,-33.041,6.8822,-7.0935,77.154,-49.9,37.636,57.94,-31.782,51.257,36.742,7.8654,9.7483,-26.978,-50.807,12.433,14.395,20.068,0.80053,32.247,7.4189,11.026,49.493,28.211,7.1318,-9.7634,12.353,22.772,-11.616,9.915,16.886,-33.887,5.3345,-7.0843,-22.003,-3.068,-4.7142,21.365,-8.6725,1.8477,-2.957,-4.8872,-1
-1074.9,-1569.9,-387.24,-138.88,-224.54,-29.191,-51.138,-15.535,72.949,-0.11424,10.946,43.163,23.344,-53.326,65.33,93.613,2.9283,50.978,71.314,-15.551,-23.362,3.4219,-15.225,16.153,23.743,28.924,4.025,20.35,17.211,44.21,53.992,78.163,-70.148,-0.53466,24.921,-30.255,-27.338,-21.514,15.183,-12.319,17.238,18.645,17.162,-16.101,10.697,30.742,14.243,14.182,-3.5988,-4.7652,-1
-1035.5,-1712.1,-391.08,-251.87,-324.29,-190.16,-31.517,32.734,136.95,-26.087,3.1744,-1.6562,102.73,-37.332,51.032,48.967,-28.251,41.161,35.54,-15.095,17.755,-27.954,-40.843,0.19624,13.705,11.712,-5.965,52.005,17.208,-0.20457,50.118,38.888,-8.194,-24.347,-27.483,17.915,0.38441,13.87,-4.01,-21.26,-1.223,22.074,-5.9922,-16.281,-13.422,18.297,10.366,11.023,6.9328,-0.14429,-1
-1060,-1639.6,-397.22,-222.56,-285.04,-133.7,-102.05,18.372,49.094,89.21,-30.246,67.813,85.353,-12.896,91.506,0.55807,69.32,-13.584,70.687,-19.549,27.488,-21.141,-37.974,22.191,6.9079,7.6325,-8.5129,48.275,63.061,19.904,15.327,48.098,9.9764,-21.511,3.1487,14.456,20.455,1.5898,6.7774,-14.198,6.0705,-22.802,-17.282,4.4126,-6.9267,20.429,-59.305,-17.917,9.1146,-5.6428,-1
-1050.5,-1655.2,-386.86,-188.52,-273.83,-148.63,-72.888,-34.383,90.506,50.46,4.9997,24.203,87.555,-8.6331,110.37,-27.393,28.713,-12.592,106.55,24.279,-9.1413,-18.048,-43.461,10.794,2.4794,-3.3201,-5.3438,42.473,51.043,17.843,8.8292,47.839,-3.8654,-30.273,-4.1687,30.675,10.097,9.3263,2.844,-10.267,17.91,-16.438,1.0343,-19.095,0.45313,19.598,-48.855,-5.0475,-15.782,4.7481,-1
-1068.1,-1588.9,-401.12,-234.16,-275.31,-112.03,-14.81,23.998,52.101,105.65,-6.0455,22.156,54.351,-23.317,165.07,-2.4931,60.768,0.70308,68.432,43.813,-14.191,-1.5292,-61.665,34.435,9.1461,17.365,-14.308,46.546,65.968,6.0297,14.144,43.686,-9.2073,-20.805,-34.357,36.518,1.7984,5.8866,-12.354,-4.0137,-3.0195,-41.359,-16.379,7.4728,-7.614,2.4554,-25.098,-14.478,25.414,-8.4643,-1
-1047.3,-1662.4,-389.1,-246.31,-289.71,-173.79,-39.482,10.715,118.34,38.833,30.129,11.88,89.214,-63.584,36.607,47.783,-55.519,39.691,63.598,-6.7538,-11.712,-21.36,-54.334,-4.0211,19.291,5.265,-8.3713,45.239,6.6088,20.425,56.905,20.791,-6.925,-2.3775,-37.601,-38.273,1.6664,19.566,31.691,-3.8262,5.8516,4.6611,-17.597,5.0519,5.2019,10.159,13.678,14.137,-5.6219,0.92136,-1
-1032.8,-1692.5,-358.6,-232.6,-311.33,-136.75,-74.817,-12.061,98.425,46.759,-6.122,-3.8207,96.381,-46.972,43.608,42.339,-3.0678,29.62,67.266,-3.7453,10.003,-35.309,-40.72,-0.012157,5.1124,6.4925,-1.4992,42.647,11.995,28.304,59.042,41.814,-6.649,-4.1969,-6.7187,-0.27373,0.014763,4.859,7.2347,-15.053,-3.5445,-12.67,-14.566,-7.3953,5.5051,15.969,-3.0271,-15.15,21.522,-13.555,-1
-2015.5,525.94,-313.94,261.64,102.36,517.86,-23.518,5.6641,-168.54,229.57,-17.841,-186.97,216.62,-23.056,-31.529,26.7,43.039,2.063,-32.228,38.124,90.312,-65.103,-86.966,-44.353,-114.62,-85.705,6.9954,69.296,14.642,-53.324,-42.165,-92.328,66.49,-61.235,-1.81,102.33,82.549,16.42,-31.423,-6.1809,15.899,90.984,86.37,-72.604,-50.995,35.024,-44.88,-7.8514,39.067,-4.1447,-1
-1132,-1464.6,-391.4,-239.93,-327.89,-61.202,20.037,16.002,56.354,96.888,-2.389,-24.641,-52.432,-21.044,64.716,107.51,-58.553,47.737,179.46,1.418,-25.346,-26.616,-27.324,2.8213,25.475,21.248,-15.271,29.53,20.222,-6.092,24.159,-6.5362,13.9,-1.7654,7.9108,11.451,-12.091,-4.0241,22.209,-20.607,13.99,7.2128,-36.577,20.951,4.05,7.8931,-6.6591,24.94,-35.797,-1.8062,-1
-1103.2,-1555.2,-392.37,-207.97,-280.47,-84.762,-61.628,27.37,35.683,154.97,-11.676,-2.1814,77.408,-68.21,-26.47,71.359,-57.118,49.75,96.22,-6.891,-21.814,-23.966,-43.163,7.2171,18.488,5.5885,-12.504,24.008,-1.7421,25.771,48.445,11.539,-34.376,3.318,-12.547,-4.638,-27.342,0.57139,29.054,-16.447,7.6165,-30.038,-20.249,20.421,7.9016,22.288,9.3517,28.887,-26.546,-0.24997,-1
-1112.9,-1530.4,-405.27,-185.46,-256.55,-65.399,-46.101,4.2404,50.676,131.12,19.416,-20.182,105.42,-56.062,-14.746,56.236,-91.198,57.733,90.96,4.222,-38.828,-16.094,-46.526,6.8917,20.636,5.9112,-7.6529,21.784,-6.1544,20.626,36.36,15.433,-16.085,0.9463,-26.085,-29.698,-8.0413,0.53112,55.316,-1.3916,10.969,-18.995,-21.995,20.185,4.0817,23.105,2.4744,56.384,-52.549,3.6132,-1
-1903.9,-993.69,-536.34,-167.75,-106.55,-204.88,-157.93,-334.61,295.78,-188.79,-70.435,43.023,-27.314,-130.64,-123.69,-58.328,-48.265,29.848,-60.797,26.701,-34.654,-48.41,-57.291,-51.127,-46.135,-22.856,36.276,-32.543,0.71448,-14.87,3.4954,-10.166,-17.69,-8.1367,10.962,-2.9188,-1.8097,-28.116,-17.975,6.8078,-0.33218,-0.16044,-5.6657,5.9793,-0.024333,2.0632,-5.8938,-0.8016,-0.29664,-4.1578,-1
42605,27394,-3289.4,-2599,2723.6,-1454,468.55,-1339.7,709.15,-248.88,-122.17,227.25,-4.4346,-93.42,167.06,213.23,125.6,-271.78,-252.23,-38.248,-206.76,160.69,99.444,71.251,55.696,-12.693,53.914,133.05,-90.982,130.78,-150.86,-125.4,-104.61,-139.66,-44.118,53.356,-38.938,62.612,-50.244,12.946,-61.272,-45.779,-34.871,30.714,42.649,66.587,-4.9612,-49.789,14.051,7.0572,-1
-1560.6,-973.31,-540.51,-184.69,-27.855,-17.852,90.452,-211.56,19.165,-88.425,-72.936,-45.622,78.225,55.739,3.7233,85.597,52.429,-65.227,96.868,29.23,-0.059445,28.96,-37.325,-38.952,-43.769,22.314,46.475,3.9107,-22.894,10.401,18.602,17.558,-13.689,18.896,19.759,9.511,16.404,10.43,1.7433,-12.586,-7.7284,3.2663,24.133,14.242,14.568,-7.0555,6.2911,1.2434,22.216,-16.662,-1
-1879,-988.5,-499.54,-169.46,-58.471,-199,-136.27,-234.5,198.02,-188.36,-72.399,16.512,-18.155,59.089,44.438,167.39,0.24189,-17.845,54.163,28.137,14.896,31.053,-2.4195,-29.553,-2.2266,32.53,14.89,10.227,-9.4606,-2.5688,18.488,-4.6628,-8.3101,11.51,6.9417,2.0387,13.481,5.2978,-1.3792,-5.0339,-6.3813,-6.1469,5.183,-14.989,13.477,-10.612,6.7784,-15.092,-1.2592,-8.9787,-1
-1615.9,-939.92,-524.23,-154.57,-4.3599,-77.947,22.992,-135.01,20.438,-69.809,-75.652,-56.564,241.7,88.959,1.269,105.2,-27.476,-46.251,17.805,38.589,51.134,35.829,-94.466,-60.333,-57.519,9.9229,28.696,25.605,-45.177,17.825,-40.75,29.511,14.006,32.373,25.194,-21.438,10.578,29.627,2.1381,-9.9946,-19.341,8.9698,17.659,-9.0417,29.57,0.94146,3.9628,13.953,-5.9264,3.3474,-1
1085.7,-785.21,-242.64,-281.79,142.27,-371.33,-91.468,720.06,-196,-181.08,-6.0329,-250.34,-71.272,-59.984,71.908,-45.777,105.8,-76.6,113.58,120.94,73.104,-8.7811,-49.841,-166.77,-82.079,141.95,84.774,-158.38,50.6,10.8,75.245,66.967,-139.21,-19.517,29.689,17.517,-24.991,29.618,23.507,21.46,27.447,-5.8937,-55.052,56.739,101.43,9.685,13.256,39.889,21.494,34.779,-1
-972.49,-1031.5,-490.48,-229.22,181.76,10.336,448.1,-75.962,-193.32,-238.84,-64.4,-56.234,-307.92,34.046,67.277,166.64,79.52,-69.204,75.873,21.518,-24.98,25.471,-32.373,-66.109,-52.171,31.903,65.421,-34.078,16.205,-73.742,89.017,-40.502,-32.844,-3.7603,-5.6145,35.433,36.499,6.5402,16.655,9.7244,19.781,-34.459,-19.637,11.919,-0.77802,-22.081,-12.6,-4.1007,-10.393,-5.2425,-1
-491.1,-1048.3,-510.01,-240.26,240.02,187.67,738.24,-195.85,-333.63,-98.491,-34.393,-46.616,30.362,110.53,0.39225,98.62,7.5376,-63.353,53.534,19.297,-10.061,9.197,-69.975,-61.841,-61.487,3.2653,87.888,-7.3313,11.62,-43.511,106.34,-13.515,-59.069,-15.279,28.941,58.041,20.603,-20.467,26.969,56.823,24.681,-30.797,10.277,23.118,-28.324,-45.881,-2.9414,-47.144,-21.545,-1.229,-1
-1174.9,-1027.2,-498.65,-214.11,165.51,-14.229,386.33,-96.582,-83.375,-133.58,-56.668,-68.893,62.859,80.208,-18.528,113.79,-71.122,-29.92,23.347,47.922,19.263,18.214,-70.052,-55.816,-61.369,20.274,5.9485,-9.9199,-37.93,-7.4066,-40.46,4.8183,14.813,28.402,15.791,3.4931,13.616,-8.0843,-24.265,-27.081,-15.845,-21.731,-8.9658,9.249,9.1277,-9.1713,19.271,5.0839,-14.496,-15.894,-1
-1242.3,-1027.9,-518.05,-180.32,110.77,90.921,362.85,-172.1,13.985,-71.242,-23.368,-26.945,267.24,-71.499,-174.91,-171.19,-28.482,13.336,-93.117,11.574,-16.322,-50.114,-118.25,-40.077,-75.986,-35.532,23.555,-24.537,-10.118,6.3645,-60.544,8.9283,22.992,9.5153,19.634,-20.358,5.7521,7.9802,-23.734,-1.0612,-13.59,7.7847,2.2297,-3.9432,25.676,9.6431,0.63467,14.251,-11.219,6.662,-1
-1282.6,-1023.1,-551.73,-162.65,88.673,106.83,340.7,-222.73,22.953,-39.65,-29.876,-126.81,238.89,-91.323,-174.51,-166.49,14.001,-8.1594,-80.672,20.783,-7.7741,-32.546,-128.06,-49.851,-81.899,-34.582,27.121,-27.43,-13.648,5.5443,-73.101,10.994,32.588,12.677,3.7835,-28.753,11.367,33.178,-25.496,11.234,-21.074,13.367,18.246,-10.232,21.207,22.497,24.542,38.098,-32.756,33.235,-1
-1340.8,-1009.9,-630.11,-168.76,100.8,8.4151,265.96,-37.868,27.1,-189.8,-39.294,12.857,-240.26,-143.48,-128.28,-52.155,11.605,20.379,-37.491,6.1178,-26.105,-24.09,-8.0715,-21.298,-5.2632,-21.209,43.974,-47.85,45.154,-53.785,84.05,-36.59,-50.513,-29.551,-23.449,45.995,20.081,-17.53,16.226,48.308,31.503,-3.9953,-1.6188,12.21,-31.793,-6.6224,-3.7577,-5.7291,-9.512,8.743,-1
-1488.8,-1005.7,-608.24,-154.06,84.185,-20.944,209.47,-135.4,103.62,-102.91,-37.632,-0.13013,141.49,-79.848,-157.73,-106.44,-97.88,40.267,-85.409,10.914,-10.967,-22.806,-84.742,-23.923,-55.807,-16.572,7.1161,-21.425,-12.533,-7.0471,-73.952,-5.6315,34.151,20.831,10.229,-23.31,5.5374,1.6192,-16.823,3.1878,-14.026,10.421,13.837,-2.5914,8.0287,2.5764,4.4327,5.7154,-17.996,14.66,-1
