-1222.9,-1381.5,-427.24,-89.662,-315.45,181.02,136.16,-116.56,-116.35,16.111,9.2509,51,-106.8,112.06,-74.224,-77.577,-37.975,-123.66,-52.665,-95.463,5.1803,-71.177,-37.576,46.191,-25.464,0.50403,-0.69471,30.728,29.158,19.943,11.197,10.865,11.47,18.317,-9.2946,-5.2162,-16.77,-18.724,-2.9037,0.0059967,-10.469,-0.72682,-2.8546,-2.9807,-5.1426,-0.89306,6.1545,-7.9993,-3.1455,8.6952,-1
-422.75,1345.1,490.36,-121.51,204.03,304.11,83.019,-46.017,-103.93,-33.223,0.80482,48.915,-83.146,7.7296,-158.8,-114.71,57.995,37.225,52.932,-119.41,17.523,158.65,86.096,1.016,43.306,50.666,-54.396,-35.484,-116.6,64.668,-134.78,-28.228,68.784,-48.276,-84.811,-23.821,-64.473,-1.4741,41.673,12.896,-35.919,36.545,-29.264,12.113,28.189,-34.228,27.656,25.472,-8.039,12.006,-1
-1221.2,-1379.1,-424.71,-90.134,-306.83,175.41,130.85,-117.33,-111.9,17.947,10.593,47.414,-92.93,102.91,-72.287,-69.783,-38.949,-125.19,-52.985,-85.329,4.3362,-62.802,-33.281,38.166,-22.375,-0.29975,-1.189,26.817,26.525,18.111,8.7514,9.9758,10.65,16.826,-7.1735,-5.7657,-14.691,-15.868,-3.6104,2.6444,-9.6224,-1.4002,-1.9673,0.97297,-5.1625,-3.2072,4.3069,-6.2587,2.7323,6.7017,-1
183.43,1080.3,529.58,224.58,815.15,266.53,190.44,-149.63,-248.41,-200.26,-105.61,-181.3,-70.937,110.73,30.487,-22.338,-22.452,-130.9,24.419,25.875,-238.82,62.257,139.77,37.78,-132.03,-9.3939,-68.774,-3.3378,13.134,-69.591,23.533,16.314,30.647,39.202,-8.0138,12.936,-1.494,-42.643,8.3279,-1.4445,5.5641,-5.115,-23.947,-19.932,2.7126,24.905,15.367,6.5599,-17.203,15.76,-1
373.63,1856.8,875.91,72.176,580.66,603.98,4.3782,-42.227,-214.88,-24.908,-108.5,46.696,-113.16,77.768,33.57,27.32,-18.208,-176.86,86.38,19.397,-113.69,103.69,71.828,62.341,-89.942,-17.74,-92.262,66.301,5.94,-104.62,2.1686,-6.9753,0.94132,66.154,8.837,-0.28522,10.385,-16.848,38.628,-0.55012,-14.678,-10.417,-22.259,-0.90124,12.878,14.881,33.23,1.753,5.7986,16.632,-1
3839,4848.2,496.86,609.93,148.11,-37.721,399.53,-116.97,-656.28,-394.68,-73.442,-562.62,322.62,181.15,-422.99,-338.99,112.8,117.67,-10.607,65.313,-198.29,68.439,60.258,227.54,-178.78,-53.8,-100.69,-90.045,-43.23,-54.059,82.748,101.28,24.811,-67.311,26.496,-7.0276,44.1,-23.953,29.695,39.663,-43.251,19.116,28.927,-72.813,8.2704,45.669,-10.445,5.8758,-48.892,3.3985,-1
2262.8,4089.3,932.06,263.25,93.14,-301.11,-171.57,-325.45,-916.5,-224.79,-341.91,-163.54,376.41,323.63,-432.56,-116.9,13.961,34.318,174.27,64.927,67.696,-61.492,3.2666,-15.717,-66.367,15.616,119.09,-53.9,-1.5054,6.1079,60.604,-16.613,35.744,6.4794,-3.8925,34.187,30.798,-35.495,-34.069,-4.3823,-30.535,4.2491,-45.451,18.561,25.261,9.5496,25.196,-26.556,-7.6016,33.052,-1
3826.9,7293.9,579.62,315.56,-108.52,-101.08,-23.845,-599.03,-353.74,84.106,-279.92,457.83,-143.79,-218.82,-8.5336,-97.738,200.99,-219.65,133.18,81.098,213.58,-45.512,-64.805,26.488,-26.338,-50.593,107.5,-91.236,3.5033,57.232,-56.288,-74.413,-41.412,77.483,-24.51,-59.027,10.745,-133.27,-40.347,9.6675,99.654,8.2387,6.8499,0.087602,51.389,21.951,43.434,44.655,-58.714,66.42,-1
3279.3,3542.9,764.4,451.1,163.28,-193.58,226.35,-50.348,-645.68,-482.18,-147.36,-226.92,279.68,78.321,-475.37,-128.54,-55.115,70.054,250.03,33.888,122.38,-89.592,-50.748,-44.122,29.168,42.456,136.22,-82.249,56.169,17.758,-12.08,65.547,4.6952,29.819,-47.117,3.0329,34.306,-64.37,-53.123,22.108,13.976,27.021,-24.996,5.7553,48.573,10.109,47.193,-16.475,28.73,37.172,-1
3172,3596.4,861.84,431.44,509.48,-169.7,269.25,-56.335,-820.72,-270.46,-340.8,110.28,4.412,118.86,526.32,203.33,-32.587,-416.18,201.04,111.9,-104.32,-96.946,14.145,-9.5924,-58.155,52.294,-31.939,-113.22,71.747,37.951,84.93,-9.8155,-22.71,-18.362,-6.4157,24.971,30.714,-96.838,-52.571,-31.996,5.9994,16.504,-17.145,47.389,-29.496,-3.4262,32.869,0.055573,-44.96,30.137,-1
4021.4,4599.8,875.08,573.53,145.5,-55.046,500.91,-237.31,-430.14,11.974,179.74,264.59,-68.597,-236.74,-152.58,-125.38,142.35,-101.25,169.21,175.38,79.996,-117.29,-157.99,126.83,-38.381,29.614,96.016,-92.235,-75.373,13.431,43.913,8.3597,-15.672,-62.56,110.28,-14.765,48.631,-34.189,-42.243,25.018,-48.071,5.3221,34.955,11.961,-0.062122,30.284,-23.844,46.943,14.129,10.932,-1
4333.9,3233.3,470.55,742.86,62.116,-16.34,801.84,167.29,-379.94,-449.69,138.39,154.98,-89.084,-340.79,126.06,4.8886,12.217,-210.65,172.52,143.78,39.739,-113.23,-69.806,-18.533,4.4555,44.583,129.9,-83.772,-5.8937,24.674,-45.932,46.053,0.10286,62.044,-3.8306,-50.814,43.298,-116.78,-35.903,107.05,-42.533,29.903,40.833,14.971,46.591,49.326,-4.5142,15.958,15.957,-9.7911,-1
3943.6,4017.7,694.46,662.78,10.632,13.843,246.95,-62.284,-415.45,-386.31,-418.09,143.36,-15.786,-165.81,320.57,160.22,-106.07,-375.43,239.62,39.691,-37.597,28.883,3.005,55.705,-10.109,21.532,158.26,-46.332,-3.0021,62.457,-63.049,50.82,3.6446,80.352,-8.532,-90.335,30.253,-124.4,-76.337,115.65,29.519,-3.3707,86.663,-26.502,27.246,79.514,-3.9771,-7.4669,-54.471,23.39,-1
2832.6,3047.2,761.47,650.15,382.62,-53.376,881.44,-393.07,-353.06,-167.65,-265.05,20.628,161.08,-31.373,-309.51,-25.567,-70.525,13.526,226.47,157.05,156.31,-124.12,-98.903,35.434,-8.1058,71.667,96.833,-66.944,87.571,-2.7579,-55.525,53.851,27.162,-56.077,-8.7717,8.258,-9.7638,-5.9944,-26.744,-1.9275,12.218,66.634,-16.77,2.6542,9.103,-13.224,7.245,-42.373,0.23561,-25.589,-1
3695.6,1441.1,1247,369.5,4.2625,357.22,-161.62,-312.96,-644.37,-220.32,190.66,231.19,8.8284,-373.1,-220.54,-171.88,215.69,-111.51,210.73,2.8338,-41.565,-163.65,42.484,-76.218,-93.73,99.168,54.665,-42.824,-6.7858,-59.769,44.186,0.11235,29.883,-20.052,54.016,79.591,5.8941,1.3767,38.487,-18.391,26.089,11.841,-46.274,11.267,14.581,7.7254,14.242,-27.849,28.153,-8.4356,-1
3297.9,2276.8,1461.9,-7.1819,275.01,414.72,45.834,-440.35,-724.33,43.405,293.86,77.899,-47.39,161.24,39.686,39.011,76.209,-109.79,229.1,-33.03,-111.66,-1.7992,115.57,28.138,-161.55,20.235,-27.236,-117.48,77.094,-66.331,17.903,37.015,14.785,-29.675,28.537,92.368,62.922,18.757,25.458,-45.532,-3.48,-16.178,3.2412,-17.656,-9.0148,44.512,34.457,17.267,-36.26,23.018,-1
9188.2,3627.1,-1570.5,304.07,-186.28,-1372.8,-590.93,-11.206,935.58,133.76,37.67,31.93,316.48,100.39,-42.387,-246.95,-4.8767,53.002,300.15,7.1182,1.877,-116.16,117.37,-111.99,-16.34,5.5762,78.968,-56.418,176.55,-141.94,-110.86,45.102,147.87,14.564,165.43,-137.88,-6.2294,-104.13,-17.508,-23.126,-55.353,21.1,-66.668,-1.2328,5.6292,-34.073,-4.1395,5.3199,-36.691,-6.1805,-1
3634.8,891.5,-404.54,359.2,84.592,-914.77,481.34,-64.1,250.09,132.42,-46.796,158.73,214.7,30.051,-79.808,-62.109,-47.072,-205.2,-44.994,-80.855,-50.624,12.231,6.7008,-32.442,-1.1356,68.443,32.884,165.46,-122.87,110.32,40.376,-68.065,-102.78,-6.4395,-51.711,110.34,-25.459,21.926,-46.733,-34.122,-39.466,10.635,-26.123,8.2847,7.4654,-45.285,14.787,-27.796,9.5492,3.7843,-1
9016.9,3661.7,-1528.9,-5.3794,-568.89,147.99,-78.7,47.67,73.519,49.879,-112.64,133.45,259.91,-158.23,10.96,-413.84,-71.675,-26.336,-191.86,-269.07,9.3909,65.457,208.15,97.76,-2.8181,145.07,171.49,29.86,182.84,263.49,77.717,-189.39,-252.34,-128.79,23.893,127.86,-76.271,4.6384,-58.077,-14.333,-91.318,-25.937,43.012,16.264,-46.965,-18.783,-52.16,-80.723,-33.529,18.699,-1
7894.7,2495.9,-1376.6,867.4,395.13,-39.384,289.86,-387.91,-209.47,-84.701,-137.52,362.23,-68.618,155.23,2.9487,86.452,160,-152.94,-331.3,-260.41,91.723,26.869,27.745,-65.166,353.4,-45.576,32.664,187.19,-187.51,-17.003,38.444,-71.074,-105.49,39.85,-62.504,-2.2823,10.03,-22.442,-103.45,-31.504,-2.1713,83.906,-8.1671,0.75825,49.588,4.1569,-95.222,44.891,-55.502,4.4683,-1
6304.1,1768.8,-485.9,89.691,342.49,-159.71,-479.77,-22.875,672.2,35.402,37.753,355.07,-37.924,152.56,73.552,-282.67,-113.13,17.77,-18.832,-74.649,-49.104,-61.699,38.951,-63.836,23.006,12.913,-21.476,104.98,-98.026,-208.06,-67.453,25.126,-85.175,53.135,-30.126,54.678,-11.728,22.258,-88.716,45.977,22.466,19.273,35.459,39.7,-42.874,6.3186,24.314,26.736,15.334,14.497,-1
8395,2679.6,-1091.3,35.884,135.1,176.47,-356.72,-62.756,587.63,62.33,364.22,-513.44,-100.04,-244.06,93.123,166.07,312.74,-128.39,-353.78,-131.32,-86.785,-28.742,18.931,15.91,-121.05,-55.317,64.292,95.487,167.3,-334.66,93.55,154.72,21.879,-48.266,125.16,79.857,-15.885,25.432,-71.968,38.962,24.652,-8.3426,46.404,77.92,-91.171,51.861,-21.46,39.598,6.3695,22.215,-1
4066.4,904.23,-613.01,91.192,314.23,-113.93,605.85,-315.4,-475.35,-160.86,19.196,99.508,-75.693,-25.218,24.279,-15.999,-35.515,-211.63,-159.42,-11.666,94.082,-93.845,141.53,144.12,226.2,-82.271,28.309,3.464,-55.252,94.353,79.694,-71.653,-127.5,30.33,-30.279,117.18,-18.131,50.622,-1.5637,49.172,7.2428,11.33,44.273,-19.794,25.281,29.666,10.022,10.706,26.403,11.553,-1
4769.9,1179.7,-491.82,-248.77,118.62,139.33,-759,98.419,734.57,25.276,-162.63,284.21,-34.493,126.15,49.815,-211.13,-69.75,32.148,-87.694,-92.884,7.9895,-83.79,77.94,118.9,68.29,-12.469,-8.8101,8.9744,-91.01,153.01,5.261,-14.518,-98.929,-112.12,64.946,63.753,34.498,0.37687,-66.676,54.073,-2.4952,31.138,35.529,-9.2811,47.601,30.226,-2.2914,21.267,12.317,11.556,-1
2801.9,317.57,-139.84,261.23,256.46,609.96,-46.273,-111.17,68.239,-103.93,22.308,253.59,-57.562,-57.004,41.777,-98.689,-142.5,-206.29,-119.9,95.859,18.628,-58.528,59.617,103.36,-146.66,61.856,-24.092,5.1608,-30.713,28.73,35.609,-28.95,-139.76,-40.071,-10.504,99.105,-6.1564,75.557,-38.644,63.941,11.707,42.509,22.409,22.919,19.57,63.187,-51.091,22.397,-20.154,10.528,-1
3412.4,579,-282.04,254.44,213.9,612.06,-152.35,-84.577,264.37,-47.145,48.857,329.16,-51.738,14.681,65.21,-290.54,-203.98,16.227,-45.611,-8.7556,-79.476,55.231,7.0853,74.474,-49.795,-76.051,31.434,140.61,-66.451,-99.091,37,-30.573,-67.084,86.87,-77.684,30.077,0.67288,55.549,-36.309,56.994,41.845,48.872,0.40924,11.311,6.6389,61.343,-35.781,33.926,-11.113,6.3541,-1
3246.5,492.88,-183.03,386.2,335,315.34,40.275,-124.25,226.92,-24.411,-10.731,586.03,-15.645,139.29,-32.553,164.67,-37.321,-304.13,4.7388,148.44,-42.95,-17.92,-25.121,-94.799,-121.27,164.21,-94.183,-16.81,17.67,-131.9,-2.9077,46.057,-20.314,-52.974,79.651,44.484,-3.6839,29.42,-9.9363,24.395,11.253,53.343,-23.934,8.648,39.82,17.785,-30.017,45.163,11.389,10.039,-1
4673.8,1135.7,-619.41,162.14,157.74,398.33,-222.92,-57.62,536.85,46.173,120.82,46.695,-74.444,-122.48,121.68,-198.57,-86.996,-85.824,-19.913,121.85,-70.393,-86.43,75.714,115.36,151.72,-33.543,-27.685,-92.844,-83.47,48.42,-98.932,-21.658,-104.28,-56.746,38.111,98.363,-16.073,38.022,-39.062,68.087,5.3273,-7.6513,59.028,16.573,6.5342,39.93,12.193,3.4849,29.147,18.546,-1
-1625.2,51.314,-446.69,-108.11,450.34,-182.36,83.47,7.119,53.506,3.9633,59.296,-26.996,-22.773,-126.61,13.807,-114.46,-57.496,-138.18,6.4413,19.928,7.5141,-63.837,-40.206,-13.364,-2.7732,-5.9206,1.84,0.033984,2.6686,-32.491,10.501,-22.119,-0.95732,11.01,-2.7302,-7.5335,-1.3361,10.728,3.28,-5.0265,-3.1974,-8.6396,0.26189,3.0876,-1.1755,1.5366,4.4232,-0.45837,11.951,-2.8295,-1
1008,-341.74,-242.49,-544.22,-437.65,-140.19,-452.61,238.15,-116.69,-112.68,-285.41,-303.21,57.918,-169.74,36.27,59.205,-110.22,-16.962,-21.835,-102.26,-2.7991,1.2615,15.183,-102.12,50.622,-63.729,18.421,15.911,-45.151,45.456,53.83,-63.217,56.359,-19.674,-70.296,35.571,-62.71,24.016,-5.1747,-85.268,-24.025,-12.012,-36.6,-26.679,-26.883,46.967,-17.694,52.544,-12.088,-55.406,-1
-826.87,32.321,-274.44,-73.559,-24.322,85.167,135.91,0.92175,-238.12,-121,-226.71,-102.12,28.667,-101.86,3.9988,7.2996,-77.54,68.577,-23.969,-4.6009,12.222,36.669,61.869,-28.708,57.833,-16.794,-3.7833,-13.344,8.58,-11.738,-10.077,-32.555,-11.68,-7.7463,29.357,-2.2706,-3.7665,-18.281,-26.484,-64.58,-58.347,-28.306,-18.582,21.529,12.244,1.8048,-3.8967,0.75931,28.505,6.2993,-1
-486.51,-319.11,-328.06,-144.03,-184.03,-113.24,-201.85,76.952,58.876,-210.76,227.76,76.07,-60.758,-38.111,-40.812,-95.282,28.326,50.687,-63.436,-12.159,64.464,29.099,25.566,-69.238,19.496,-40.633,1.94,-36.792,-63.564,-17.525,26.725,-23.943,35.055,-3.3826,-28.042,-20.672,-90.097,-27.937,17.87,-15.159,-37.367,20.334,-20.378,16.255,22.115,-9.9713,-23.575,17.19,35.013,-26.796,-1
30.546,-914.18,-332.43,-231.15,-94.048,2.7049,127.89,-45.983,-54.559,-180.22,-21.871,90.234,-183.35,-107.13,-91.364,63.988,-94.483,-36.729,-46.763,-43.236,-36.731,32.346,32.846,-13.685,34.531,-53.096,-53.775,-46.164,-44.397,19.038,-4.2921,23.071,-48.364,-20.215,20.092,6.8946,31.299,37.634,91.526,-7.0144,-40.233,4.1492,9.6925,-23.348,-3.9153,43.268,-46.072,49.954,-68.146,109.26,-1
-12.669,104.19,-238.29,-130.04,-187.08,-94.796,-76.243,-22.93,-293.78,-185.98,-62.272,-0.90366,-56.263,-187.23,208.13,52.845,85.313,58.893,44.01,-18.226,-31.071,87.445,33.585,-20.457,9.0473,-14.555,-6.5731,-5.3237,-54.378,24.047,-26.506,-10.431,-16.865,37.41,17.731,10.769,15.548,-32.672,48.07,-74.039,-4.9853,-88.763,-43.161,-73.274,6.8422,-7.2071,-10.13,21.279,65.867,-27.143,-1
-235.73,334.19,-209.27,-107.97,-282.74,105.42,-46.727,62.562,-259.68,-19.812,-102.39,-170.72,205.14,-140.88,99.362,124.31,-82.026,46.238,35.53,-204.37,-77.221,-19.585,35.39,-34.119,-28.71,-50.43,9.7976,-45.66,-27.209,34.326,20.487,-90.603,46.252,-39.662,-7.1703,90.612,90.087,21.732,108,54.642,1.5042,-8.2685,47.31,-32.661,6.9186,20.465,9.4766,-21.318,-47.451,17.829,-1
904.2,-730.52,-302.94,-736.33,-49.947,-69.864,-394.05,368.4,-230.12,-202.18,105.16,-69.567,-4.0647,-149.93,7.9623,104.12,-88.461,1.9751,103.45,22.652,95.154,-17.974,68.454,-30.895,48.852,-72.309,-10.799,-67.789,-24.078,73.83,38.527,-32.412,4.948,-11.709,-30.017,14.906,-12.303,-35.277,29.056,-28.353,-68.839,-39.175,-37.311,-65.519,-16.048,-0.29727,-57.318,47.32,21.626,-10.07,-1
-447.7,0.66609,-287.45,79.274,-243.24,-109.69,74.776,-117.45,121.78,-73.867,-89.754,15.43,109.4,-135.75,57.703,-35.516,11.104,68.16,16.808,-29.065,-24.855,43.838,85.772,-66.48,-34.458,-30.278,3.9131,-30.103,-4.3241,53.232,-20.297,-22.456,-19.571,50.15,65.593,8.4393,-1.871,-23.823,32.972,-51.844,-26.273,20.561,26.642,-3.0309,-12.679,52.932,-24.946,-6.0682,23.13,-43.299,-1
1871.8,-1842.8,-466.04,-677.18,-405.13,-113.95,98.743,-60.791,-218.53,-109.06,194.02,22.36,-153.69,-285.22,130.73,164.45,-53.674,58.022,-91.176,92.268,-40.857,-43.567,13.066,-23.447,17.291,-111.47,-47.232,-24.13,-88.132,-1.5746,-27.586,6.1625,11.279,15.869,11.488,88.596,-37.793,-21.457,56.804,61.829,-6.4009,6.4557,6.8113,-77.556,-35.77,33.759,-25.173,-46.371,13.299,-36.064,-1
250.64,-690.2,-200.99,-101.13,-284.31,-36.806,-29.797,225.08,-409.29,-77.648,384.37,8.8503,-334.79,-70.024,92.287,233.19,-193.78,92.19,-342.83,73.295,1.1736,73.274,-52.861,67.555,27.524,-43.205,19.905,9.9788,-98.522,37.205,91.856,16.889,51.118,18.021,37.813,-107.56,-15.233,48.387,37.678,-64.584,-36.476,26.004,11.229,8.7549,-34.331,3.7355,-5.5043,5.0232,37.012,-34.88,-1
947.16,-1428.1,-332.71,-587.16,-256.71,29.953,79.52,115.77,-257.14,-16.593,190.9,-95.691,78.845,-13.5,-132,195.05,-211.49,-72.557,-19.804,-104.85,41.424,-41.662,40.121,-22.389,19.83,-50.778,20.559,-73.896,-27.622,43.043,20.071,-112.41,68.414,-80.965,-20.144,81.856,-43.95,-19.67,27.695,-35.335,-35.781,-45.097,-40.755,-104.16,2.9196,16.338,-43.019,23.223,36.473,32.389,-1
-628.36,-44.475,-255.11,-332.56,-80.467,-77.873,-147.76,144.55,110.72,76.36,62.641,-63.389,-271.2,-82.293,160.97,48.924,49.52,-63.608,86.985,-31.33,13.533,-54.51,54.096,-33.663,15.345,-34.566,44.955,-103.37,-54.289,-16.017,-53.731,-22.192,8.3708,-66.359,25.785,63.033,-7.7396,107.37,36.63,-38.649,22.179,43.026,-68.742,-3.8694,1.2915,3.2962,-29.12,25.077,16.62,25.995,-1
852.29,-233.63,-10.647,-364.69,-355.97,2.5014,78.532,-184.51,-29.312,-8.8199,17.346,-341.29,21.107,134.46,37.627,-56.122,-83.124,20.899,-26.674,32.856,102.18,-13.931,11.863,-78.036,-82.836,-35.11,29.019,43.474,29.903,-8.4,89.017,-95.84,13.504,-40.417,-42.449,26.686,-21.329,49.094,93.819,-96.028,8.1334,-76.16,-13.215,-19.045,-69.851,-43.649,-19.537,6.3263,13.397,-32.293,-1
920.3,-268.27,77.753,-129.51,-522.41,-6.5834,23.525,-309.28,331.34,100.49,-97.73,260.01,-53.813,-265.37,-149.47,-36.305,2.307,73.51,90.741,17.64,100.56,34.291,35.039,66.956,52.422,-137.62,7.486,-118.43,71.243,10.745,13.684,-6.6999,-73.958,6.3036,-18.05,28.223,-17.799,-20.384,21.095,-7.2895,8.7649,-63.72,-39.68,14.171,-0.22116,-38.916,19.199,10.271,6.0506,2.4043,-1
1402.9,46.251,94.493,-171.95,-252.05,-99.413,44.645,-269.31,331.2,141.74,-237.89,112.63,146.69,-10.051,186.51,-216.7,4.3236,-150.28,52.28,21.98,54.726,-116.39,56.987,51.95,149.72,-98.789,9.1019,-13.399,-115.5,8.823,42.845,-110.34,45.881,55.421,26.84,41.404,8.376,37.993,15.626,39.816,-9.0419,-72.504,-6.3234,37.403,-2.3691,-9.8053,11.2,-14.321,5.5115,-1.2083,-1
881.4,-362.86,116.59,-411.78,-464.71,-26.486,-72.215,-76.46,162.41,69.088,17.812,-510.21,58.718,-7.1618,1.6852,76.366,-216.1,-145.73,-7.2111,-19.216,16.516,-3.5492,-86.933,56.181,41.097,57.718,12.753,-18.372,28.13,9.4448,-12.94,91.842,-44.732,-7.9494,-2.9461,15.102,-22.589,13.583,40.795,-88.874,42.187,-70.707,74.25,-50.139,-46.751,54.458,-9.4028,-40.431,-47.688,8.4952,-1
866.34,-372.99,609.75,-27.581,-799.48,73.864,105.85,152.08,-128.89,34.639,110.94,-271.54,16.982,-58.177,-201.58,139.23,-0.21629,55.888,34.281,53.958,89.467,10.797,116.74,162.31,116.89,61.575,13.238,5.7313,-31.942,17.752,27.161,55.976,-58.358,65.958,136.59,33.173,-43.338,67.108,-51.989,-9.1778,9.7824,-2.3379,-44.53,-10.291,-2.617,-46.671,-15.232,25.495,-32.689,-6.1847,-1
803.87,-361.39,473.59,-130.79,-639.75,73.247,125.02,-49.328,-4.9141,84.486,27.197,139.55,-92.466,-104.43,-77.266,-35.674,-44.751,16.804,102.51,149.22,-29.57,161.75,-14.352,27.4,-22.175,-2.7725,-10.103,99.81,-18.372,-55.777,29.617,-42.104,-18.71,-36.542,56.706,69.553,-57.909,20.373,17.63,-24.257,9.9723,-24.755,95.736,2.5135,-64.268,15.342,-14.106,-13.678,-5.8377,13.562,-1
2319.8,359.42,-180.81,-332.08,-982.99,253.09,261.54,-308.35,-124.5,-30.737,-23.674,0.53982,-71.265,-130.38,-322.96,156.08,150.55,204.01,75.876,11.166,-1.7292,0.053982,99.794,58.558,56.276,-103.04,-19.955,-88.236,17.18,-50.505,115.83,-7.5778,-61.316,-46.626,-36.722,57.196,46.614,-21.711,31.27,66.4,-23.881,21.464,39.888,58.959,-11.539,-44.552,24.992,-2.679,20.112,31.543,-1
2497.1,247.31,17.702,-306.54,-1211.5,251.61,166.78,-11.585,-219.16,23.015,168.02,-111.59,102.26,41.564,32.983,-6.9899,-119.2,-0.9061,40.726,84.014,-7.406,68.326,196.02,52.015,49.772,-58.428,-79.459,-60.228,-76.885,3.0767,-0.79809,4.9107,-21.739,-108.65,18.198,43.819,-33.812,13.929,-16.124,-37.682,27.831,70.296,-51.361,-7.6974,2.9687,-67.607,-0.63696,24.739,-18.908,11.729,-1
959.4,-290.12,-1.5056,-138.09,-644.12,65.309,126.47,228.48,-325.01,-160.75,138.19,-77.521,-89.281,34.35,-102.53,92.265,44.702,124.61,-5.6891,-7.6085,41.977,30.218,69.912,79.246,-9.9423,-2.0257,-21.943,-41.777,3.0321,22.924,30.727,6.7212,-41.657,33.547,67.217,72.629,-14.481,7.8183,-3.5598,49.482,-23.27,16.312,2.7057,26.257,6.7561,-1.3598,5.7267,16.96,-8.8936,3.9249,-1
1657,42.64,-6.2121,-354.92,-483.58,-63.149,54.188,-4.4566,48.786,56.042,-30.203,-98.213,18.104,179.4,235.44,-198.2,-55.691,-137.27,19.177,-16.265,116.63,-28.907,186.16,-71.456,-18.539,-88.48,72.77,-30.332,100.06,2.4057,15.286,-74.975,-77.895,-38.204,-18.562,82.597,-25.271,61.031,72.005,-71.551,-25.466,65.889,62.663,-16.53,-16.846,14.622,-41.874,-58.344,-4.6635,-23.772,-1
2245.7,282.56,43.608,-53.546,-953.1,157.4,207.13,-138.73,-80.527,-125.84,16.25,-213.64,280.11,60.645,92.632,-82.263,-60.858,-18.814,-25.025,44.684,31.609,-11.607,34.768,-46.249,21.526,-56.62,38.822,21.425,39.748,-75.388,48.467,-113.2,-21.043,17.593,77.911,49.05,12.788,13.808,30.487,37.806,-21.98,-28.754,-5.7814,63.147,1.0786,10.472,-17.149,0.73929,-0.52397,15.393,-1
1580.8,-53.82,-45.803,-392.71,-1032.8,145.2,126.15,-279.21,65.538,91.579,19.913,-283.69,126.23,40.618,82.764,-116.37,-145.1,-106.09,31.783,84.019,94.098,-36.989,65.486,-5.7987,88.033,7.8716,50.03,-55.663,67.902,-2.208,-74.134,71.591,-92.91,-16.946,22.575,38.184,25.359,-40.266,6.6166,50.44,-28.266,112.58,-16.01,58.22,18.379,-73.584,11.838,-6.7338,-3.1346,6.5071,-1
1436.4,-23.694,-190.52,-292.67,-923.46,249.69,137.66,-81.895,-301.17,-90.26,147.66,-387.73,55.443,253.51,209.88,-54.666,-93.776,-147.73,-15.854,-6.2999,58.417,-9.192,34.252,43.48,-6.8924,26.752,27.04,23.532,33.797,-24.746,53.021,-54.444,9.2019,-113.55,-53.893,35.362,85.307,-45.619,72.7,41.186,-38.593,94.182,27.861,63.912,7.5916,20.539,-13.429,-16.247,-28.553,7.7775,-1
-996.27,-735.38,-463.07,-95.225,-43.417,-262.34,0.5536,-69.042,-214.68,-101.31,-66.915,23.211,-164.68,41.152,32.761,2.8517,9.1411,-28.068,-5.2819,14.197,-38.367,-94.419,-0.61444,18.894,-7.7561,-42.961,-22.702,7.8978,-12.325,-40.156,-33.781,-11.357,-11.128,-1.6786,10.952,1.4687,-7.1458,-7.24,3.7406,-1.1949,9.473,1.9902,-10.907,-6.7286,1.6722,-5.8212,4.6803,5.6022,-2.5535,1.8588,-1
969.55,-502.87,-20.092,-39.551,193.84,-97.093,140.98,-206.09,94.268,29.873,-105.3,-169.53,-43.009,27.923,-87.233,19.494,13.088,-4.1901,-110.61,15.773,45.487,29.707,125.67,-11.783,36.662,-73.625,-94.939,-83.528,-73.151,65.956,12.729,15.606,65.949,-94.704,-30.788,28.458,8.9674,-40.119,33.351,-15.629,-32.534,33.246,43.359,-15.614,31.479,-23.188,29.927,0.70081,-45.663,-1.0801,-1
1005.1,-544.76,192.1,-103.62,508.55,-23.132,-37.804,-186.47,254.88,186.66,-211.87,-352.36,-194.44,80.112,-12.269,44.072,184.25,207.47,23.071,17.964,47.68,-33.285,-36.454,103.7,81.69,-24.691,-8.3176,9.7557,69.499,-30.953,24.94,29.122,13.096,-20.156,-61.413,22.344,-3.9034,-11.898,4.6991,-46.94,22.535,24.4,2.1581,-15.649,-12.781,-33.21,32.872,18.847,-21.866,-5.4991,-1
845.46,-632.21,240.51,-283.11,-5.8657,264.71,-87.076,227.59,70.436,21.906,-91.679,2.1651,-96.306,-21.374,14.393,-72.857,257.68,171.66,-12.8,38.478,-34.464,-32.582,59.062,119.28,85.062,-11.415,10.922,-13.324,-19.535,-19.998,-30.743,15.202,63.826,-25.519,-43.712,43.265,10.736,-34.698,21.631,32.428,12.071,-8.793,-12.154,12.745,19.499,-35.705,8.8019,34.754,-64.749,-0.4645,-1
932.44,-586.3,15.668,-229.83,-1.709,150.09,-196.24,-39.882,372.97,103.8,-255.07,87.113,-142.27,-54.38,-100.24,1.5662,82.925,36.377,-82.795,-19.191,15.484,-6.2107,69.548,79.04,44.943,-6.7627,-47.363,1.224,-46.886,-6.0731,2.0527,8.7325,33.893,-38.329,-35.555,40.313,14.193,14.027,33.346,13.214,-30.397,25.972,32.357,-20.109,28.43,-31.014,34.074,11.924,-33.126,20.503,-1
1903,-380.85,-239.01,-154.38,383.89,318.36,-121.28,-117.02,468.87,110.83,-246.55,185.95,-180.54,-45.98,-37.255,42.805,45.996,-14.933,-30.812,-35.894,-16.301,21.162,58.883,73.093,136.78,-57.884,46.516,1.4749,87.052,-1.2817,7.8864,31.332,-26.867,-20.759,-50.204,-3.1067,18.974,14.532,9.416,-0.57995,26.876,20.499,14.62,-18.603,-32.447,-20.996,30.813,14.579,-11.815,22.608,-1
1054.4,-478.81,-36.576,-318.25,191.4,389.91,51.116,230.12,-49.353,-44.592,-11.035,73.952,-35.532,-56.797,32.53,32.242,65.19,-7.7561,99.79,-34.921,-57.085,14.986,100.03,3.0645,226.78,-86.864,70.885,-11.447,23.544,13.31,5.1279,83.92,-16.943,21.106,-32.785,5.7492,-16.485,-13.988,-27.005,16.348,22.223,-27.384,11.198,25.581,-0.17049,-9.9654,30.163,-12.961,-2.9414,-31.847,-1
455.73,-511.66,-469.18,-167.38,75.942,115.53,-77.7,-208.44,355.41,99.781,15.257,54.086,-88.112,5.0205,59.401,75.906,252.06,39.657,-2.2244,22.179,1.7002,7.0073,-43.63,63.346,110.65,18.126,-7.3827,60.81,-35.922,24.412,11.129,55.621,-56.252,-5.9938,-50.53,-2.4078,-34.544,50.153,-0.652,96.818,15.551,-0.32992,-43.873,23.69,18.307,-11.884,-3.579,-22.396,-1.7022,16.883,-1
372.47,-619.54,-67.373,-379.16,357,375.99,-93.261,100.79,98.412,-19.429,-121.53,64.882,-51.969,-74.073,86.984,-11.027,103.12,-4.6932,13.551,48.218,12.176,17.138,19.811,-5.928,30.915,-23.83,-12.271,-12.84,-15.544,9.5641,1.9336,8.203,63.585,-27.414,4.0798,-11.748,-25.3,5.1129,47.35,11.569,-27.801,38.779,36.056,-62.002,-31.926,20.6,15.118,6.5625,-15.473,18.525,-1
241.2,-535.69,-100.33,-143.68,469.52,24.228,-73.219,-186.2,151.03,89.426,-144.67,-46.135,-103.45,-17.006,16.209,6.9575,-43.15,-101.14,-47.021,63.001,-9.4799,65.396,0.78315,57.17,114.88,-4.7369,-13.253,-8.9856,-7.017,14.429,31.69,30.394,-11.704,19.768,-15.161,-6.0759,-13.637,15.928,23.894,26.304,-13.592,18.432,9.8558,-17.742,-24.876,-0.24712,9.779,7.4991,7.0418,-40.671,-1
511.39,-494.32,-195.05,-130.44,-59.702,157.61,50.21,-133.36,193.37,46.495,-99.002,-264.48,-73.944,97.743,-113.08,-7.2743,43.215,100.49,-48.302,15.831,-15.417,-38.99,-6.0957,104.09,93.354,-30.347,-3.6469,-42.119,73.222,-18.491,68.62,15.969,-52.189,13.575,-34.048,30.285,38.582,-34.059,-5.0029,-48.92,7.144,7.8106,-2.6182,-8.1809,-45.283,18.848,-24.975,-28.612,21.261,-5.7816,-1
1250.9,-504.05,-200.49,-436.08,494.89,555.41,-195.76,169.5,287.86,95.587,-219.83,164.51,-150,-63.848,50.391,78.012,-83.301,-83.358,-30.976,-32.056,-88.536,29.592,101.69,57.301,123.62,-48.746,44.764,10.74,18.791,-35.466,2.4823,4.15,-49.754,-7.0007,-36.563,-4.499,43.018,-13.79,-19.409,22.002,-3.245,-42.399,3.8727,27.134,-12.59,-15.867,52.717,24.907,-5.594,-38.265,-1
-2489,-361.47,-499.84,-419.99,-277.1,372.82,-298.71,173.17,19.792,9.0814,-17.627,-52.36,106.06,-17.865,37.338,8.4429,63.956,19.683,42.225,-41.885,7.9258,-7.6518,-114.95,-9.5248,-0.66656,9.5052,-63.235,62.164,-24.756,10.357,-65.306,-13.246,-30.646,-37.66,28.043,-30.379,11.027,-29.904,-12.863,-16.98,8.3557,-5.7918,-12.703,6.3457,-2.5985,-17.817,6.1871,-3.0451,-6.7695,-8.3533,-1
-1130.1,-234.82,-546.65,94.766,-93.112,-148.99,242.41,-77.487,-178.63,29.976,-290.89,-61.259,159.06,-213.56,-176.17,-52.461,-111.73,132.09,118.09,-57.134,-1.31,103.97,71.297,-79.225,-2.637,18.944,73.06,-29.849,19.889,7.0135,19.201,5.1684,-26.501,-19.262,-91.729,-32.846,19.596,98.978,76.504,11.166,-77.066,-45.903,-19.401,62.602,-66.606,-3.5089,69.158,-30.428,-46.984,51.254,-1
23164,-8651.5,-3144.4,-442.57,-3195.7,449.72,850.68,-736.97,401.03,-320.04,-71.379,35.144,-357.9,-35.829,373.17,-48.141,-457.72,-15.218,132.09,177.53,-200.98,149.2,-84.746,-8.3674,32.354,94.038,31.06,18.955,110.21,-87.395,-46.615,-80.216,-24.845,-30.39,-62.198,139.06,8.1568,-169.84,24.062,-25.164,16.953,18.351,45.894,35.08,183.43,-161.85,34.947,24.638,-38.578,-23.562,-1
3151.7,-324.11,-786.42,-65.377,-197.38,-225.23,1000.9,-381.08,51.538,226.27,-521.69,-104.65,0.19482,285.37,103.11,56.948,-143.88,201.96,-82.893,-101.95,-90.335,287.59,3.0901,28.195,-90.456,-38.163,90.691,120.49,48.61,102.14,-119.38,9.8997,69.296,-4.5188,-49.305,-126.27,26.723,189.31,-18.493,-27.49,13.077,52.699,-26.729,-95.778,-45.898,29.45,12.577,-22.3,-24.659,64.792,-1
4718.2,-3788,-914.56,-15.767,-244.36,-331.92,757.93,-32.7,-274.4,-314.94,-515.59,-35.303,-3.6087,91.323,227.46,50.223,91.919,15.524,22.543,-1.3696,41.314,80.772,-8.8749,-63.036,48.417,38.43,30.035,-25.74,-36.638,-77.424,-2.5247,-48.758,23.497,-0.52117,9.6324,-58.691,-46.649,-30.612,-49.932,-93.236,-138.43,-91.581,70.684,-110.6,-60.639,-3.5105,10.069,55.392,-34.212,95.568,-1
5429.5,3560.9,-1066.4,159.01,-588.64,-281.03,-525.01,-893.34,727.2,-1012.9,375.61,-99.433,-12.752,-627,-300.88,9.2952,72.796,74.402,-37.518,-33.852,125.69,-61.627,92.376,-32.411,70.221,-0.71783,119.49,27.431,69.885,-82.312,-33.579,-20.559,-34.881,97.126,60.145,30.337,-145.28,107.13,-118.45,-80.608,112.58,76.212,13.509,30.735,-17.969,-44.852,-45.496,56.338,104.79,-58.537,-1
507.08,-1346.1,-296.05,202.96,33.468,-190.64,419.05,-11.219,134.1,171.07,-382.35,61.958,42.849,134.95,141.35,42.407,77.374,62.669,-26.511,-38.474,90.048,132.92,75.953,-85.546,18.105,36.309,11.414,44.76,-33.884,-19.552,-3.6334,-56.87,30.08,-35.253,62.814,38.526,-90.161,35.83,24.512,61.445,-26.484,27.446,-35.198,85.576,-53.283,52.838,-37.345,-2.0556,46.465,-80.363,-1
2906.8,-2908,-671.47,303.82,51.449,36.706,965.65,-151.33,-351.19,-278.58,-484.66,45.108,146.41,81.315,264.02,271.21,554.46,-3.3326,-106.17,60.908,258.31,185.64,-8.0362,-67.646,21.235,-116.81,39.081,20.77,21.153,19.901,96.589,150.77,59.945,-5.5803,21.857,-69.079,-52.196,-1.3896,8.8649,4.0674,-113.41,16.539,81.384,-46.716,-137.68,38.989,52.811,-10.054,-24.357,76.328,-1
-760.68,-269.26,-574.03,232.8,124.69,39.772,524.64,-431.23,143.01,-88.187,-162.74,-180.74,94.97,188.17,99.395,148.4,120.17,51.614,-103.89,-61.338,39.818,58.34,40.004,-131.37,-90.932,-35.404,-30.656,12.183,27.917,21.261,51.085,-38.17,1.1646,-7.4208,35.002,20.262,43.877,4.2544,3.9563,18.08,-5.6166,23.087,-40.773,12.394,-25.796,16.194,0.51445,13.636,-4.1715,5.6994,-1
1585.4,530.63,-537.35,575.69,289.82,-135.68,-99.23,-430.31,301.49,113.47,357.76,-11.654,-261.55,-37.603,172.69,-267.85,99.809,5.9477,-61.443,-18.566,181.96,107.23,19.203,-103.13,28.09,4.3629,71.89,1.4186,-43.024,46.206,4.5766,-21.864,-128.31,-85.876,-129.15,-102.55,72.393,85.195,78.223,198.33,-42.697,19.08,-65.534,-56.582,-26.681,-38.09,32.262,-18.153,-45.583,64.68,-1
-2082.9,-600.49,-305.66,-230.18,-117.71,243.68,-163.38,-48.622,-38.81,-208.27,-98.346,-26.139,-24.129,77.321,128.08,47.483,-64.286,-33.912,18.404,-30.228,-88.77,-52.284,10.138,-7.4724,28.585,35.627,1.6938,-39.383,10.657,-35.623,33.414,-12.683,-35.834,57.689,-32.89,94.729,16.081,56.793,15.634,25.085,-9.8691,7.3388,-6.6396,-51.473,1.2206,51.643,7.6983,11.097,0.18513,42.132,-1
-833.65,-1035.8,-320.71,-157.16,-218.25,-24.64,-327.65,-44.381,-55.684,-157.67,-14.279,-91.991,-88.883,-137.36,-98.93,-66.2,-24.275,-15.673,5.489,-26.521,-58.112,9.5386,27.507,-7.4726,-33.992,24.044,-7.1761,-3.104,-16.349,-20.986,4.8475,2.1401,0.42627,12.597,3.0084,-7.8298,5.2164,-6.0766,0.064553,5.785,13.2,2.7035,-5.1917,-10.305,-8.8972,4.4435,6.2489,4.997,-3.0818,2.0888,-1
1188.4,80.35,-251.81,590.19,155.95,-283.57,-269.03,-44.179,16.61,425.62,43.766,104.4,-166.18,-109.03,226.11,-242.17,-38.792,-28.814,-27.288,45.956,11.77,-91.678,-51.348,15.541,24.932,-4.4209,65.667,-66.191,53.721,-8.4435,-22.652,26.337,7.3337,-81.216,14.809,21.832,-6.8809,-16.64,-42.602,-25.126,41.672,35.307,-10.149,-2.1738,-25.147,-24.673,2.3787,31.867,-63.47,-58.789,-1
759.91,-398.84,-45.578,524.42,-55.588,-250.34,246.5,-8.822,-2.1027,248.83,49.895,70.155,217.93,-315.57,303.2,-213.42,-227.41,19.219,135.32,42.977,-33.66,18.843,-41.989,32.535,153.58,25.257,85.058,-24.866,3.4573,-64.599,-2.8492,9.4537,4.8373,-1.9905,-6.2601,12.762,-29.784,56.65,28.663,24.119,21.266,-1.1947,5.1682,5.2113,1.5124,3.1625,10.074,-27.703,-34.645,-34.438,-1
273.38,-555.15,46.143,790.14,179.42,-269.94,105.86,15.392,-46.117,97.163,98.504,109.09,216.66,-144.27,-32.978,-30.137,-58.037,-11.715,77.467,80.939,-54.694,-54.204,24.838,68.277,135.53,4.363,-61.925,115.09,98.91,-27.125,73.424,-86.693,41.173,196.28,-75.213,90.578,-31.357,-87.684,26.629,-126.11,-54.941,-31.382,-3.1127,14.419,16.068,-1.9791,-17.71,2.5714,-6.025,32.882,-1
973.72,-304.59,113.24,563.04,150.5,173.4,-100.24,-11.605,72.916,127.32,123.04,66.806,227.8,-257.12,48.064,-85.322,-164.49,-49.284,47.652,30.437,31.83,-59.795,5.0035,18.061,-64.551,-81.755,157.3,-48.231,-3.2021,-29.885,-99.845,11.443,19.491,87.695,30.055,-1.8347,-10.951,55.167,39.645,60.583,25.707,41.16,31.864,-24.023,-24.155,-18.72,-3.7835,-0.92222,10.131,59.331,-1
1149.5,-201.1,427.31,243.23,-43.795,-219.59,291.64,75.701,39.434,309.63,102.29,-57.772,-45.136,-48.916,31.517,-53.551,-103.23,148.36,45.222,-82.769,193.2,10.209,-67.869,2.7231,3.4293,213.76,-57.854,49.042,-71.777,-30.156,50.762,-0.8354,-16.013,-50.191,35.43,-24.033,100.65,-75.058,-22.192,93.07,3.3221,97.276,6.2581,-43.911,0.30932,-23.67,-0.39431,47.878,-90.253,2.1545,-1
936.11,-313.54,-38.55,827.23,218.11,-154.84,92.108,-28.165,77.144,268.18,79.786,-42.061,-77.391,-79.397,-63.587,-8.3924,-35.063,52.946,22.583,-1.8304,37.956,5.0079,54.394,6.9855,33.447,7.8965,-35.834,-101.83,-34.826,-2.345,-48.957,67.245,-13.283,-134.08,26.381,23.274,-16.919,-9.882,-36.213,-43.905,21.216,29.677,-10.062,1.8713,-11.474,9.7467,-26.948,-69.447,2.8941,-66.807,-1
1238,-96.086,459.24,604.07,204.09,-65.467,79.216,49.897,-31.768,224.56,107.42,71.292,-75.877,-192.33,160.91,-112.26,-75.787,32.428,93.444,-28.395,119.4,-84.796,-24.238,87.33,59.797,118.06,-73.903,98.844,-227.51,94.513,-43.983,-30.453,-4.0798,-124.92,-4.4288,-10.67,41.219,-32.465,-52.692,23.759,37.084,43.903,-39.009,-5.7478,18.652,34.296,19.799,23.717,-20.687,37.643,-1
1854,306.76,29.349,552.19,-107.88,-97.276,514.57,1.1851,123.84,390.76,115.04,-22.845,147.88,28.817,-379.78,96.147,128.46,22.543,119.43,-67.208,14.749,31.78,19.478,99.435,57.748,-19.486,-5.3639,19.449,-41.022,-84.837,-0.75804,-2.1443,-25.562,22.963,62.479,74.499,-58.047,49.308,29.244,63.942,17.978,20.932,49.613,24.63,18.896,-4.0724,66.385,3.6544,18.241,-12.831,-1
621.95,-404.98,136.32,378.89,70.801,36.226,-184.9,-46.015,30.473,393.2,48.091,41.088,97.761,-150.08,134.74,-110.58,-60.506,30.246,65.793,43.816,15.183,-65.959,65.268,59.79,19.963,-22.082,-110.72,31.21,-161.42,147.06,-82.909,-4.7428,39.329,-84.307,-77.771,-11.114,-71.478,7.4783,-9.6285,-47.278,40.121,24.912,-51.412,48.97,5.014,13.354,59.651,-14.325,0.81619,-27.8,-1
1284.4,-92.401,98.028,585.73,299.49,-572.59,-47.192,4.3714,-20.62,399.98,14.579,-15.765,81.961,-51.104,-140.4,-8.9467,-36.762,85.427,55.058,98.522,18.077,87.522,19.262,-83.453,-58.273,58.062,44.874,-47.507,-38.825,71.269,-0.11307,1.0753,24.138,45.737,-108.58,2.3097,-85.516,-15.886,26.261,-37.283,2.1094,-15.886,87.072,16.557,18.383,-31.175,33.516,74.466,-30.552,39.854,-1
124.18,-618.71,544.31,516.87,518.65,-273.71,-453.01,163.09,27.974,-98.131,145.09,56.231,6.2963,56.691,-93.512,46.369,88.302,-122.25,-58.03,117.6,-49.502,37.551,82.498,26.128,68.317,-47.884,59.007,-81.798,127.42,-57.958,27.209,4.4153,1.7731,55.47,-40.638,25.307,-33.187,-25.992,37.368,-11.14,4.2249,-18.088,9.7412,34.199,14.982,-7.9025,21.682,-23.628,9.4049,-57.81,-1
-1084.3,-562.13,-756.5,-23.845,-407.79,-40.466,-47.988,267.36,-42.893,-28.232,-173.65,-164.51,-33.43,18.305,-88.15,-11.472,9.0311,-10.901,-9.907,-47.329,-13.902,-36.329,3.7571,-15.957,-42.687,-52.985,-45.031,-21.192,16.967,-9.6364,-16.849,-66.034,11.022,-6.2482,-17.74,-20.667,12.619,-0.17646,1.5303,-0.19803,-8.4326,6.7699,6.253,-12.158,3.29,0.9973,-2.8554,0.61386,1.2738,1.0843,-1
6852.1,235.65,944.54,-816.5,-65.728,457.97,575.06,-571.94,-1050.7,-91.886,-230.4,16.307,-424.06,-741.73,-89.995,-321.51,235.46,81.066,-82.159,-283.32,3.7056,-416.99,21.164,-116.23,25.602,-12.399,106.58,45.741,21.327,-44.477,55.929,60.122,34.665,-35.357,-123.86,-20.037,-33.617,-68.216,6.2388,23.664,27.086,-41.41,28.869,-9.9319,24.071,42.855,44.595,11.275,10.329,-11.478,-1
2684.7,-372.56,593.68,-168.28,-44.269,522.85,517.9,-287.91,-337.49,25.089,-73.87,115.68,-172.87,-365.13,-231.06,212.5,-19.979,-33.92,-8.8907,-35.097,-200.18,4.3738,-31.753,18.05,-3.4997,-43.32,-20.265,22.809,15.146,-61.741,63.241,34.967,71.041,76.059,-81.955,-42.4,27.239,77.456,-11.364,-44.764,19.386,26.469,69.549,51.181,13.237,59.716,-128.36,-5.9247,23.994,-43.887,-1
277.4,-603.26,209.15,198.5,54.712,198.35,155.83,223.23,86.967,54.996,80.968,-59.894,-66.444,-132.18,84.714,24.006,-169.23,-54.016,9.2969,181.77,-22.848,-8.7508,17.241,-16.984,-1.3233,0.97383,52.181,34.468,52.699,-65.265,29.439,-33.164,-47.654,36.384,50.585,2.3977,-19.824,-7.2751,-19.516,-16.124,9.8722,-52.136,0.49562,-6.357,-0.25676,-25.105,6.7429,7.3156,10.001,29.022,-1
1819.3,-571.87,772.67,29.62,121.21,475.1,392.37,-59.418,-55.149,57.843,31.92,187.56,60.736,28.149,-385.09,607.52,-61.182,-18.23,73.34,164.07,11.309,79.379,96.054,-120.61,-71.785,-23.784,-64.948,-26.453,-4.309,0.39952,29.474,-35.502,-8.5418,97.262,75.721,1.1354,9.3821,-6.5152,-30.277,8.4964,-82.096,-62.513,3.075,-39.146,-19.872,-36.322,-65.436,-2.8383,-8.0063,10.431,-1
1085.3,-641.94,831.05,50.964,179.49,252.4,172.52,129.85,226.87,38.217,186.58,68.611,63.952,-51.147,-52.471,35.636,100.45,160.04,32.723,-47.187,-152.12,329.08,-73.123,-90.904,-58.961,-34.493,-38.764,-4.4792,-29.592,-22.046,71.829,0.28087,34.9,-28.957,-64.846,-3.1485,24.352,-45.181,-0.12384,97.867,-140.72,81.196,46.708,26.499,-17.042,99.293,-114.81,20.531,-7.2505,-4.9086,-1
3101.7,-198.82,453.85,-122.03,-72.006,471.52,462.27,-397.22,-307.68,14.02,0.73008,-31.972,22.31,69.576,-16.818,11.955,283.94,0.29722,9.4913,-200.39,-131.25,-17.147,55.114,-66.507,-8.8214,-19.652,13.79,-1.5783,0.53049,2.2933,6.0368,-48.861,-22.974,22.355,70.25,-7.9163,5.9583,-5.9193,14.49,-48.932,75.895,-94.007,-6.1839,-35.735,-39.491,-14.419,-73.111,-60.417,-16.863,15.917,-1
4061.8,-79.722,655.88,119.96,134.61,783.99,753.93,-181.75,-753.49,-107.49,-35.564,-114.62,-110.74,-97.872,214.53,48.442,42.914,-216.7,-5.3836,84.152,121.96,-22.809,175.88,-43.607,-13.423,-21.417,-11.518,8.878,-5.2172,-41.028,53.349,-79.046,12.553,-0.72239,72.125,6.0661,-16.322,86.13,-7.5717,-38.991,-27.511,-11.436,-68.076,-54.403,-47.576,-82.332,-11.951,-23.404,-14.181,31.8,-1
2808.8,-305.39,500.88,70.455,35.702,394.12,346.25,-419.28,13.767,20.257,30.506,-165.97,-167.49,-58.594,274.26,-446.39,241.13,-7.4362,-37.678,-194.48,-261.19,-96.59,-78.511,5.1082,-11.845,-50.066,25.65,24.265,40.273,-101.87,52.824,-89.588,-6.2216,50.367,113.72,-2.6027,-1.4613,60.384,-12.828,7.3756,-140.41,-38.087,41.824,17.059,25.834,-7.8406,46.04,28.903,16.801,-12.333,-1
3594.8,81.881,75.667,261.87,-61.404,638.4,540.94,-480.67,-446.32,27.708,-15.195,-48.689,61.557,106.85,-2.7909,-7.0747,9.1451,253.79,-28.71,-9.644,15.505,-46.363,53.55,-5.3073,-11.997,-46.828,-43.928,16.576,5.8835,-67.871,57.357,-37.46,-1.7139,-7.8776,77.171,8.912,-41.342,139.99,-52.838,-5.292,-144.63,2.4742,57.775,88.067,42.959,78.552,34.629,-13.372,-10.03,4.3929,-1
2132.9,-526.37,918.77,79.197,173.83,474.54,405.2,-34.553,504.16,229.81,129.74,69.361,-83.08,-49.58,-86.684,-0.25589,-39.664,97.713,-86.208,-95.217,138.62,4.959,-31.732,-143.34,-76.933,-46.844,-0.53736,19.394,24.165,-76.387,63.119,-108.07,10.254,-29.785,119.68,13.608,-29.797,121.44,-11.148,-51.76,-125.09,13.453,27.772,-13.434,-8.423,-22.201,-13.83,17.995,4.8708,-27.344,-1
4735.7,22.425,466.72,-373.03,-113.55,341.1,248.24,-489.28,-303.25,-15.736,-37.3,-123.74,-180.37,-223.76,191.62,-269.92,-58.262,-107.99,-71.876,-35.565,-102.18,-40.3,-40.428,-71.619,-23.116,-36.639,52.522,16.722,20.745,-37.594,5.7212,-103.49,7.7019,76.208,84.598,-35.101,28.082,-86.892,21.317,-55.497,114.85,-3.1041,-4.4283,-46.746,-29.695,-72.672,-124.26,-7.2266,10.116,29.853,-1
-1024.3,-1751.6,-395.96,-337.99,-298.43,-269.41,-191.65,-39.437,155.22,8.4392,-5.257,-131.3,-69.245,45.52,-80.763,-123.24,-37.972,-100.77,-113.49,-33.712,-37.831,5.6513,51.98,-45.632,-30.866,-3.6403,-3.7634,-73.597,7.5715,-18.871,-58.977,2.3404,-1.8272,6.05,13.098,0.3259,4.8436,9.4091,-6.4825,4.2042,-10.134,3.4773,7.0516,4.5322,0.70708,-3.1249,-3.222,6.3444,0.095333,-2.9694,-1
-1882.3,824.05,-167.8,-126.65,-61.727,-23.904,546.84,204.82,62.901,-72.24,23.513,17.628,-243.76,-108.59,61.809,-0.45304,45.457,-74.023,185.51,36.106,-21.485,-21.707,27.051,-87.06,-36.524,-108.34,18.885,40.505,-29.975,-141.7,5.2099,18.965,-63.089,19.292,-18.061,30.2,-38.698,21.49,13.689,42.09,-65.231,-21.442,-134.61,56.471,5.7639,-45.103,35.301,-12.201,-11.756,-59.929,-1
-1869.8,615.64,-217.7,168.41,92.545,59.384,713.76,380.61,205.94,-72.245,-113.6,197.86,121.12,5.8831,-81.824,-154.28,171.22,-83.408,-180.61,-78.651,61.457,32.756,9.8405,40.803,-83.267,15.754,-9.7056,-69.072,25.696,84.118,-33.741,-32.17,70.565,-148.08,-73.321,32.297,17.645,8.0176,-26.428,6.4909,-24.561,34.628,-29.847,-29.464,-31.903,18.941,-93.241,30.472,-73.683,33.218,-1
-2475.3,1595.1,-136.55,184.94,192.94,-137.67,94.335,149.87,32.013,11.816,-42.439,52.733,21.881,56.678,-28.874,-31.51,14.47,-9.4045,-33.692,-55.856,-18.444,-9.6991,-53.212,-1.4066,-20.328,-8.0309,-11.882,-61.417,-120.39,219.54,-51.624,142.11,10.484,-84.723,-9.3229,157.87,-45.668,16.982,-26.129,-67.326,36.285,3.4537,-13.817,31.519,-1.3474,-34.174,52.109,10.654,4.0996,27.183,-1
-2858.5,2715.6,241.72,-336.12,-317.85,31.756,149.51,15.192,43.353,97.668,10.108,-75.542,-248.03,124.31,351.3,228.72,24.88,192.92,-328.76,-2.085,1.3369,-7.5247,-51.442,44.013,-6.0436,35.349,-11.115,-89.18,-110.45,213.62,-59.622,149.81,46.807,-144.9,-127.87,86.384,34.856,-6.8267,10.57,-55.076,60.424,55.112,35.571,32.267,-40.795,-27.722,5.3775,23.631,29.683,-11.044,-1
-1033.5,-1692.9,-361.88,-242.6,-328.83,-168.93,-111.52,-6.7358,84.33,-3.6,12.605,-31.905,-9.0225,-4.3234,28.696,-12.569,-62.328,37.831,15.022,-4.3055,12.661,-2.774,-53.443,27.189,2.7329,13.846,16.228,42.211,34.574,21.354,58.984,28.898,0.48236,3.1907,-0.97674,10.554,24.389,5.2245,37.494,-20.335,15.204,-18.847,-22.797,-10.11,9.3917,28.419,-41.916,-8.2225,-11.231,-10.324,-1
-8274.1,15478,2577,-3360.1,-2066.6,52.751,-962.44,-422.1,-31.207,-62.549,12.715,29.928,322.27,-61.631,-124.16,-97.773,96.584,16.917,1.2917,32.605,91.597,-9.1286,-55.721,-12.672,-46.288,-50.918,67.267,116.75,-95.324,-34.009,132.73,29.38,-49.278,-8.8596,3.0759,-107.05,34.664,17.233,-16.696,-36.482,-27.195,120.52,-7.6299,-55.118,-43.799,-13.809,-58.968,-70.715,76.993,18.736,-1
-2416.3,2015.7,198.97,-492.89,-199.49,-100.91,89.932,-194.76,89.25,-91.635,-51.285,232.79,140.19,-32.065,-34.034,-102.8,58.449,16.082,-220.02,-14.477,88.282,-7.5813,-108.82,-27.691,-84.999,-147.89,76.56,42.53,65.219,-41.528,25.179,60.425,-117.46,125.72,63.378,-55.161,41.96,-4.8223,52.897,30.116,-31.607,-42.759,-33.76,-16.065,56.342,48.811,2.6895,23.928,-75.009,-85.076,-1
-1775,487.73,-76.463,-75.243,101.89,-266.15,177.62,54.142,140.49,-19.081,-66.466,360.17,30.232,-45.689,-144.06,-142.13,-18.987,-8.6798,67.685,21.376,20.626,-14.702,-68.549,-36.513,-90.978,-174.16,33.026,31.786,64.193,-69.184,-31.707,98.056,-63.482,57.965,28.141,106.04,28.893,20.643,-11.791,8.7802,-49.86,34.026,-19.713,-47.336,15.071,46.593,8.2751,48.004,-65.697,-41.285,-1
-1819.2,513.64,-202.17,77.389,36.595,306.69,624.33,231.29,91.977,274.27,-98.573,125.7,-237.43,93.341,205.26,98.265,58.522,107.52,-307.38,98.377,71.189,45.793,-112.52,43.602,-1.2502,12.49,36.931,-98.261,33.183,-61.692,-42.984,-95.473,17.553,51.409,186.22,58.721,-121.48,-17.14,31.138,-84.479,20.233,-29.669,-112.05,26.795,18.137,7.8225,-94.863,-13.69,-28.145,-13.407,-1
-2113.6,1120.2,-48.121,-21.706,-73.428,155.24,383,187.47,174.39,-321.99,-14.865,121.66,-228.54,33.118,38.673,-47.547,49.116,-93.565,202.03,30.232,32.528,-68.604,-22.792,-102.68,-103.87,-197.45,36.546,-22.645,-92.761,29.003,-42.088,59.991,-180.7,-1.7983,73.024,-1.5349,-54.458,-49.978,-7.1499,4.7744,9.2706,-25.149,52.47,-49.849,2.8981,39.966,-4.5841,26.584,-71.167,-12.104,-1
-1977,987.53,35.378,-214.87,-12.731,-261.5,275.73,145.59,175.5,-296.07,-68.927,90.011,-29.771,-25.192,32.589,-54.084,32.178,-19.361,112.35,38.463,94.109,-2.7073,-56.982,-40.577,-124.53,-160.99,55.183,34.393,14.796,-165.12,25.14,-15.9,2.8051,12.808,12.076,147.34,-39.121,18.731,-36.447,-37.525,-30.78,41.39,-34.992,-4.2915,0.33576,-15.179,71.488,5.9914,21.657,-29.882,-1
-1903.8,-993.72,-536.34,-167.8,-106.52,-204.79,-157.84,-334.54,295.87,-188.8,-70.52,43.048,-27.297,-130.8,-123.69,-58.378,-48.264,29.807,-60.839,26.684,-34.642,-48.345,-57.147,-51.055,-46.048,-22.797,36.294,-32.487,0.6964,-14.762,3.4679,-10.161,-17.67,-8.0958,10.931,-3.0054,-1.7368,-28.261,-17.973,6.8012,-0.45517,-0.078831,-5.6466,5.9723,-0.011696,2.1323,-5.871,-0.74195,-0.39949,-4.1025,1
2283.2,-961.14,-25.332,-53.277,-185.65,65.573,-374.4,879.98,97.634,-110.74,-84.036,-413.03,-73.095,102.17,-1.8721,92.951,-105.67,6.566,-27.602,-4.6882,-12.636,32.473,-12.479,-19.583,-3.1065,25.746,39.106,-32.864,-7.8531,-7.4911,31.925,-45.329,-50.517,-7.027,38.468,20.66,-29.821,-22.366,14.177,-6.7703,9.1447,-38.395,-21.062,15.717,7.5641,21.629,-8.51,34.731,11.12,9.6682,1
838.34,-1086.8,119.07,-156.73,-120.98,403.09,138.71,493.64,-1.7335,-156.75,-7.6112,146.08,61.792,110.53,83.132,45.593,131.08,-90.504,5.2387,-55.526,-107.89,-18.855,-11.703,-1.8589,0.21453,-68.102,-35.333,-11.417,4.5699,32.986,-4.9233,59.51,-43.589,-23.17,-4.5737,15.883,-13.841,-23.746,-54.122,-14.004,-10.754,-33.999,-34.4,-10.838,13.101,3.0045,-55.588,31.574,-23.222,51.023,1
2201.9,-1057.2,-120.76,68.376,-361.54,279.3,-383.29,808.54,376.23,-184.23,13.267,123.71,95.3,137.28,27.512,184.26,-210.61,-5.6832,-0.5616,-40.069,-86.906,124.94,-21.204,24.49,-0.3364,22.234,-63.222,-16.468,34.935,45.184,-24.191,31.937,-59.962,-0.95578,24.843,35.635,-32.658,-22.551,-39.185,35.758,-4.3469,-25.15,-19.508,38.01,83.265,34.047,-29.388,65.259,-5.4495,4.4827,1
1321.5,-998.91,246.07,-220.33,14.807,17.744,101.23,292.15,-174.45,-94.84,-51.364,-386.9,-41.56,-1.8481,20.399,42.408,338.15,-174.96,37.686,-69.755,-150.12,-44.003,-33.926,-25.105,-12.784,-151.56,65.693,5.8162,-1.5238,17.646,69.503,-1.4232,-39.583,-64.218,77.643,27.163,-4.1647,31.619,-23.421,-3.129,-15.638,-8.7158,3.2223,-26.641,31.447,6.6586,-42.135,25.513,32.335,-11.93,1
13135,-839.7,-851.53,297.3,383.83,-912.08,177.52,1225.6,-589.83,-1.4438,-111.77,-137.74,-128.12,112.08,-194.3,45.694,-297.98,27.801,-79.827,-216.44,-328.54,-47.077,-103.71,19.709,18.386,-386.24,-89.038,-5.6523,-16.503,-107.65,20.889,-63.733,34.393,94.221,57.271,3.7045,65.761,53.453,65.575,-44.96,76.642,44.26,-4.2559,-34.567,3.7297,-109.34,90.519,-157.86,-8.3016,-6.3991,1
5356.4,-1201,596.1,162.53,-415.96,302.88,-376.06,660.43,200.24,-259.78,88.395,-264.72,-31.045,44.219,-158.88,84.098,202.32,-158.24,-50.36,-57.011,-195.36,-83.194,-53.669,-56.988,-5.3426,-228.45,-6.436,-68.999,13.062,36.911,-8.1907,-7.1607,-75.321,8.7741,38.704,-33.655,-3.9108,63.604,-52.775,5.1209,18.013,-12.344,19.908,-33.863,29.15,10.953,-29.81,-33.838,13.444,7.2629,1
3513.4,-1062.5,102.94,100.07,-347.38,548.31,-119.14,451.87,-50.641,-86.663,-6.5369,-223.11,-121.52,91.501,-207.28,136.76,-340.25,21.514,-73.031,-57.081,-130.02,141.11,-80.783,37.525,-5.351,-201.26,42.247,60.176,-39.102,-11.559,16.734,-34.802,-31.241,16.321,-21.979,21.268,20.173,26.627,19.767,-2.1268,26.679,-0.76287,-10.067,1.287,17.845,-21.723,15.29,-14.539,-5.9167,-15.933,1
24064,-681.11,-2425.3,1598.4,-218.92,-2158.6,-758.84,-210.48,-236.14,298.43,11.135,-375.31,-240.79,-87.124,-175.75,-21.392,-151.87,185.92,128.95,-54.06,181.5,149.5,-59.314,188.84,-62.542,211.96,-182.24,201.17,3.4081,-43.189,-9.1217,134.82,230.37,35.525,-110.82,36.297,56.953,-151.2,-27.81,131.22,44.91,44.9,-40.754,12.579,22.6,-9.1632,-96.093,147,7.3699,17.237,1
5625.7,-974.97,533.83,302.86,-641.99,608.92,-271.66,47.562,-153.88,-65.588,59.753,-196.17,-74.652,64.611,-103.61,32.799,136.57,-80.238,-31.305,-71.606,-120.45,-167.23,-32.065,12.309,-115.46,49.314,196.81,54.638,8.8869,-6.0119,-9.6127,21.395,77.513,-71.232,39.947,-41.047,-51.174,-43.036,33.724,40.01,-27.208,-25.756,-53.939,-17.482,-27.834,6.609,-4.717,-29.638,-9.6865,12.612,1
15505,-965.6,-1410.5,1019.2,-194.02,-934.03,-536.88,1356.5,85.306,-122.86,168.99,-243.84,-66.652,-64.378,-250.75,26.92,-7.0606,55.101,92.773,97.873,136.42,31.611,-33.582,-59.295,8.2951,98.563,18.113,-164.77,139.02,234.42,109.21,209.4,-60.346,41.263,198.96,-172.19,-149.74,27.505,-40.209,124.39,31.86,-35.16,-24.703,-38.656,95.751,78.647,-148.17,194.7,19.46,13.675,1
15907,-935.27,-1007,1164.8,-645.37,-940.26,-1168.7,776.07,332,-14.383,28.509,-475.11,-9.9122,-136.21,125.01,-133.9,503.37,-54.998,131.22,24.829,38.489,-73.965,-74.845,-23.047,-129.08,135.46,-88.485,-64.524,-58.67,-108.21,-21.471,-28.179,49.798,23.812,-126.6,-52.787,5.881,-34.31,9.5124,4.0441,32.409,11.171,33.882,-47.289,-16.019,-43.454,66.245,-54.714,-67.537,52.393,1
