-317.87,-1177.8,-305,-80.469,-57.368,-64.941,33.943,19.385,-136.15,8.3984,132.46,-183.95,-53.186,-15.847,1.4826,-46.319,-5.9543,-76.381,-31.361,70.52,9.6476,54.943,63.449,-72.85,85.498,-28.51,20.842,-115.45,80.471,-30.811,-132.64,-34.691,16.991,31.79,-12.05,29.215,-73.688,-11.427,-72.262,-93.855,-48.636,100.39,-2.7247,39.284,7.4878,17.359,-105.18,-2.4745,-32.314,-7.0796,-1
496.16,928.82,313.38,1054.3,443.76,386.61,215.95,83.16,468.26,418.35,38.596,-488.82,-142.31,35.212,-109.74,197,187.32,-89.75,-104.39,20.061,91.227,-98.161,235.78,-8.3301,257.18,124.83,-193.21,38.312,43.589,61.972,83.605,-54.891,-35.767,-40.167,-66.514,-17.902,-41.89,77.613,75.431,13.362,49.709,-22.444,-1.7398,-74.779,-13.885,-26.828,59.806,19.298,5.7319,-8.2719,-1
2100.2,481.7,-290.14,247.17,249.97,-89.699,172.11,-180.28,-13.845,-94.925,389.57,-336.16,-216.91,-270.17,47.728,-373.78,21.082,61.976,-26.371,147.17,121.84,-257.78,145.88,140.96,73.187,82.949,-5.1135,-120.01,26.478,0.57294,24.587,-119.67,-123.68,134.09,82.077,-68.658,38.361,-72.684,122.09,-89.167,-11.383,10.355,-39.192,-12.506,-38.032,-6.5145,-72.815,20.703,-35.134,-18.681,-1
267.96,-381.89,-170.68,438.81,159.44,-164.35,61.021,51.719,-69.923,44.294,200.62,-28.913,-88.425,-135.93,71.023,-185.87,-122.82,75.894,-93.593,121.72,-77.289,237.33,-165.43,-140.58,-42.58,30.454,-79.825,30.697,128.58,-70.812,-40.309,31.42,-92.614,48.796,-55.859,53.833,-60.196,34.195,0.986,17.496,12.34,42.454,14.41,-66.983,-62.173,25.817,-31.412,9.968,-21.57,-17.739,-1
723.76,4.8474,-119,359.46,-95.752,-0.14756,-231.3,89.945,143.28,197.68,87.129,77.665,15.572,-256.93,57.427,-146.52,-247.27,-4.5067,-27.489,38.459,-93.841,132.24,-123.44,-203.12,-108.55,109.42,138.65,-35.706,37.581,25.45,78.513,-4.4539,20.272,51.941,-35.571,-202.36,34.43,92.601,-22.65,92.912,59.788,33.608,-47.318,-18.248,-121.51,-67.782,78.161,-41.591,20.049,-55.919,-1
179.45,1601.5,-430.72,229.11,714.65,24.825,611.81,298.58,194.26,-61.767,41.348,-207.58,-288.33,-101.65,144.82,-37.669,-95.181,-164.77,-28.212,225.03,135.85,64.175,-189.92,44.394,144.87,106.11,80.837,-2.3315,-29.454,-0.50713,45.705,8.6929,-6.0537,-41.895,-60.308,128.28,-48.646,22.932,-28.036,15.095,-13.134,10.462,-6.8542,6.8594,-30.554,-51.474,-3.3305,58.29,-30.654,3.331,-1
217.27,-375.7,28.317,271.46,398.51,159.26,288.13,511.71,167.69,-6.5839,-82.51,-84.867,-176.34,-101.41,-166.44,150.57,-41.55,-52.87,-87.519,86.473,-82.006,126.26,156.91,-51.792,-51.415,-40.478,-112.83,-41.576,-63.195,14.997,23.451,130.92,-19.439,8.6429,-83.436,-25.565,-6.7497,-83.764,18.918,-92.309,-35.463,20.25,-8.3916,35.559,8.9856,16.958,-9.2001,-2.3119,23.9,-0.96419,-1
-992.06,-991.77,-174.75,25.159,42.54,18.738,33.037,-8.0351,-117.91,77.33,-13.322,118.94,-109.7,87.65,-16.952,-299.57,-177.13,-9.4381,-48.682,-75.651,-66.816,97.172,-293.01,-91.577,-131.49,-12.272,11.794,4.2049,61.812,-2.3682,22.412,30.157,21.542,29.671,21.642,-21.016,-30.09,-11.499,1.6167,9.1577,-37.011,8.4201,-3.7882,4.4752,-18.396,-8.1939,-9.6031,-28.182,-0.72953,-16.163,-1
-1222.9,-1381.5,-427.17,-89.659,-315.38,180.98,136.12,-116.56,-116.37,16.102,9.1963,51.027,-106.69,111.99,-74.196,-77.605,-38.117,-123.64,-52.733,-95.379,5.1701,-71.051,-37.537,46.111,-25.341,0.43263,-0.82033,30.625,29.069,20.018,11.151,10.757,11.312,18.319,-9.3024,-5.3967,-16.771,-18.679,-2.9008,-0.0023067,-10.541,-0.90516,-2.7641,-2.981,-5.3141,-1.2311,5.9774,-7.9491,-2.9139,8.44,-1
-66.521,925.4,27.179,292.72,262.24,289.85,272.65,-39.315,114.76,180.24,-73.006,-194.1,14.276,17.305,119.78,-278,-142.1,112.39,118.26,-62.903,167.58,67.063,185.63,-78.202,133.1,-24.598,-24.271,-45.287,47.767,55.096,101.41,6.6567,85.71,93.902,48.786,-29.796,37.639,-44.515,-17.284,-58.549,-17.524,44.964,-43.201,-38.104,-45.759,-45.18,-58.818,-0.95621,-84.896,-40.895,-1
-596.58,782.69,-341.14,22.759,194.58,102.51,263.45,20.284,9.568,131.28,-46.035,-52.015,-139.39,24.238,-110.02,320.23,206.31,-100.99,-33.535,44.719,113.29,-184.89,421.85,52.617,176.16,0.53496,-127.44,-34.63,-191.11,82.813,10.363,-61.677,-16.484,-138.87,-95.521,-17.727,-34.506,-28.472,13.294,74.827,-45.316,-4.3687,1.5898,21.108,65.749,24.265,6.8448,63.179,37.961,9.8569,-1
-944.36,-1046.5,-399.59,-114.76,-19.098,-128.72,-60.901,96.334,-184.26,77.844,36.373,-19.511,-55.581,-31.047,143.66,-27.698,-18.571,-78.393,-5.9517,118.9,-56.287,134,-79.294,-121.04,-20.211,-22.818,10.982,-50.23,22.082,-29.538,-24.756,12.249,-15.593,-6.9386,12.172,-5.6762,7.3361,4.5975,-1.7394,-16.203,-5.3783,13.654,-25.816,-25.142,-36.589,-48.229,-8.9492,-8.3827,-56.534,-23.011,-1
-757.1,530.73,-27.578,-127.16,258.72,86.03,123.27,-72.424,-108.11,-1.895,-151.82,44.879,52.667,20.216,307.65,-582.48,-357.69,275.95,9.5694,126.44,-85.348,287.46,-327.02,-167,-158.74,34.248,85.737,-17.338,78.48,-46.512,16.158,54.777,6.6285,63.846,76.141,-15.294,-4.6228,27.934,-16.233,-16.359,-22.003,-0.72239,-6.2587,-5.2082,0.57503,11.867,-0.44154,-22.508,-9.5997,2.3115,-1
-816.33,27.933,24.255,-160.18,89.119,37.015,27.271,74.393,-147.34,-13.579,-101.48,73.499,37.611,-6.2756,340.5,-479.65,-324.99,222.93,-1.3297,144.1,-24.96,150.42,-102.7,-40.866,-95.863,59.501,78.296,-3.7386,18.608,-9.3006,24.1,32.701,0.046582,42.264,33.53,6.6245,0.18116,23.145,-18.047,-20.974,-9.3872,-10.59,-1.9664,3.0948,21.336,45.862,31.213,-12.778,25.401,14.816,-1
-227.88,1457.4,67.497,-385.57,333.49,210.97,326.48,344.32,-51.119,-261.79,66.155,155.36,-124.05,-39.946,257.48,-331.17,-317.49,290.06,-13.316,144.13,36.634,-3.4922,115.14,100.6,-24.331,107.43,50.378,2.677,-70.138,37.582,-16.139,-1.0396,-15.989,-45.795,-40.631,23.437,-23.926,18.573,-8.7522,12.073,-26.694,-41.537,22.67,26.761,75.542,99.294,35.269,8.222,51.193,53.208,-1
-1048.9,-1172.8,-157.47,-186.39,-67.442,56.663,58.203,34.464,-121.32,-8.8006,101.72,-62.266,-94.478,-28.034,-69.563,158.12,112.79,-57.019,-16.401,98.853,-12.219,59.158,11.363,-63.188,32.967,-3.0111,-9.348,-66.528,-49.778,-4.4926,-34.167,18.667,-29.187,-28.704,-15.713,0.83245,-4.3814,-0.12409,-3.6988,-9.2622,11.422,14.206,-26.156,-14.699,-35.181,-21.684,5.2557,-1.9227,-24.685,-3.373,-1
254.52,2050.3,-85.396,-141.1,561.66,205.75,383.98,-147.12,20.988,38.221,43.517,76.406,-205.24,-81.058,-78.757,-19.63,12.086,60.451,52.105,136.02,-321.38,-50.726,63.536,192.55,149.86,113.81,75.109,10.082,-22.936,-61.62,-174.57,14.155,-31.68,-76.435,-57.666,-1.4209,-75.775,42.04,21.822,60.347,4.586,-30.804,40.021,8.8454,53.628,44.023,25.991,25.467,19.188,45.609,-1
-1442.6,-1379,-473.2,21.351,-297.33,-109.74,-143.83,-24.876,21.303,-74.095,31.843,-1.5204,-25.948,-4.3263,-19.717,-4.0875,20.174,15.207,-4.4932,31.52,13.045,-4.5385,-0.19462,92.564,-6.9466,78.499,10.837,4.794,20.109,16.823,-26.886,15.729,28.88,47.208,-27.575,-10.638,-18.946,36.727,15,-11.041,4.374,24.502,11.632,-12.641,-8.6607,-8.4678,19.25,-2.198,-11.076,-5.6027,-1
2492.7,-136.39,1684.1,-1057.6,198.09,479.71,144.76,76.073,201.01,-95.062,-249.08,-130.44,-11.98,19.949,-21.389,97.989,-10.861,60.077,-9.2646,-164.73,-41.647,59.913,15.586,-106.43,26.716,23.595,-85.045,-75.474,-49.014,39.492,88.508,-34.618,57.363,54.468,59.924,-3.7404,-31.279,-39.879,-45.273,-20.792,-0.9886,-78.362,6.0533,9.1131,-16.321,2.2822,-49.061,6.22,-7.1916,-4.306,-1
131.26,-865.41,473.65,-526.54,15.93,297.55,15.081,8.8452,72.967,-152.81,-42.127,95.63,-44.247,-145.78,121.56,-162.1,182.71,-147.12,65.488,-47.36,28.797,-1.037,75.3,160.43,-110.55,15.255,31.094,-22.396,28.085,58.113,42.556,8.7614,-106.28,-42.977,-21.269,-125.36,53.599,-71.036,-72.662,-58.332,-3.9859,32.293,-91.839,3.4691,69.016,5.5668,-2.1716,-12.448,5.545,-1.8393,-1
-1473.4,-1328.7,-543.18,-75.204,-103.67,4.8143,-95.376,-44.003,15.458,-128.87,6.3887,24.091,-69.087,-1.827,-36.92,0.18023,33.606,36.17,-12.178,19.4,15.227,0.81805,-4.3557,136.27,-40.063,62.673,8.8448,33.156,15.661,21.927,8.3651,19.81,26.007,55.905,-31.31,-20.156,-8.4721,19.631,19.495,-31.3,-9.6212,-29.195,-28.925,6.3403,1.0528,-18.033,-17.309,-14.36,-23.566,-5.7751,-1
-1468.8,-1326.1,-547.62,-42.78,-87.933,-28.778,-120.92,-41.669,27.857,-129.48,11.788,20.327,-72.551,-25.381,-32.196,37.46,56.468,11.473,-21.651,31.32,26.542,-13.691,-3.7508,112.18,-23.56,72.53,-4.6714,20.771,0.66421,24.851,-6.493,21.998,36.23,52.018,-18.911,-25.833,-10.133,12.715,15.41,-33.739,-10.906,-28.918,-30.704,5.1615,1.904,-16.951,-10.822,-14.096,-15.366,-5.5091,-1
-1417.5,-1328.3,-429.43,-2.1162,-30.396,-65.506,-64.799,-58.842,13.335,-137.49,18.91,14.81,-77.753,-3.7057,-43.009,23.914,26.917,32.639,-8.4688,17.099,29.748,11.581,-11.163,144.92,29.858,57.859,11.044,11.694,52.104,11.777,-2.8029,36.184,14.492,13.268,1.0094,0.15349,-12.018,11.529,13.653,-46.001,-15.089,-33.964,-36.706,6.1001,8.7217,-27.67,-3.1967,-14.05,-3.0678,-3.5615,-1
-1460.3,-1333.9,-461.78,-84.027,-68.873,-52.173,-160.02,-30.095,28.339,-142.23,-0.99942,32.261,-73.987,-13.156,-28.846,-3.8597,33.943,-3.1146,4.8687,28.352,4.7948,-10.048,1.886,96.602,-8.0392,84.365,-12.503,-11.928,-0.47339,5.2396,-22.059,16.758,26.382,73.272,-35.182,-22.345,-20.09,17.306,20.506,-28.146,-6.4123,-37.272,-21.059,4.5381,-7.9956,-23.198,10.423,-17.683,-1.8944,-4.1006,-1
-1474.7,-1334.4,-516.17,-25.851,-79.444,-3.1537,-143.49,-38.962,30.435,-134.28,0.57077,17.079,-78.578,-3.154,-42.255,11.855,16.538,33.869,-14.042,26.92,6.0416,-4.396,-4.9867,111.24,44.17,40.7,0.63324,36.661,-24.589,-13.764,-44.991,23.128,44.995,76.014,-29.809,-43.864,-16.512,6.9654,-2.551,-34.908,-2.3096,-29.535,-23.719,4.2655,-2.2182,-21.816,-5.6766,-13.411,-13.243,-4.6406,-1
-1477.6,-1334.1,-528.44,-15.357,-78.42,2.8719,-142.33,-44.777,22.817,-141.01,0.70995,16.751,-78.424,4.5682,-34.732,-18.919,42.206,60.648,-28.524,-24.855,38.707,-16.461,3.2762,113.42,21.621,53.78,9.6304,21.87,10.484,-11.449,-24.388,31.448,30.743,56.109,-21.343,-22.416,-12.988,12.37,5.5479,-37.172,-8.5391,-26.95,-28.411,5.8248,2.6062,-21.407,-16.18,-14.219,-25.79,-5.1951,-1
-1481.8,-1336.6,-516.29,-25.634,-76.59,-13.344,-156.8,-37.489,24.233,-142.08,20.504,-4.2262,-76.031,-16.767,-33.309,5.3556,28.989,25.716,-6.6801,45.492,24.602,6.6937,-14.283,134.76,4.1956,66.269,-1.2977,23.208,19.458,19.125,-7.5312,29.644,37.584,44.531,-14.216,-19.103,-12.709,13.852,9.4978,-37.561,-10.87,-33.815,-30.242,2.7418,5.4619,-24.058,-2.7932,-14.866,-10.286,-4.2428,-1
-1468.4,-1335.8,-496.48,-22.319,-71.141,-3.555,-144.02,-41.701,37.755,-139.37,8.7536,4.5144,-78.869,-2.1158,-34.167,-11.481,42.37,58.82,-34.322,-15.914,53.297,-17.29,-0.23535,124.06,2.7445,58.411,3.2544,40.115,6.0372,12.196,-20.367,42.421,40.595,25.384,7.8819,-19.182,-6.0014,8.5939,-0.9848,-36.713,-16.514,-28.01,-28.12,3.2858,14.23,-24.787,-25.128,-13.071,-30.016,-4.4029,-1
-1466.5,-1327.2,-533.48,-51.608,-80.482,-46.372,-107.76,-46.597,31.844,-129.16,0.33685,3.2841,-78.359,-6.1455,-36.906,-9.2631,23.299,43.061,-25.365,2.822,40.194,-13.324,-0.85986,110.89,1.0714,75.88,-2.7558,-14.328,13.155,10.477,-23.992,23.651,19.463,46.786,-22.866,-21.553,-15.891,13.527,6.9484,-35.071,-8.7997,-31.035,-27.17,3.5125,0.45731,-22.17,-1.3038,-16.842,-12.988,-3.6054,-1
-1426.6,-1347.4,-431.91,340.82,24.911,149.97,-159.47,-87.235,-8.8385,-170.71,-2.2228,31.2,-85.307,-7.2344,-29.639,-12.669,18.204,27.993,-14.382,57.334,27.112,12.746,-35.59,131.58,30.331,103.27,-34.744,25.492,13.759,40.738,-39.858,68.707,71.465,-29.109,62.874,-15.887,-7.3555,0.49416,11.395,-43.938,-24.687,-54.994,-39.899,-4.4833,4.9996,-33.986,50.716,-15.379,49.933,1.0204,-1
-1625.2,51.312,-446.69,-108.1,450.44,-182.33,83.524,7.1118,53.504,3.9997,59.295,-26.968,-22.755,-126.56,13.757,-114.44,-57.488,-138.01,6.3915,19.81,7.5988,-63.769,-40.05,-13.403,-2.7881,-5.9819,1.7324,-0.026575,2.6429,-32.411,10.461,-22.099,-0.92037,11.123,-2.8266,-7.517,-1.4112,10.684,3.2698,-4.9457,-3.1879,-8.5942,0.30396,3.1445,-1.286,1.6033,4.4972,-0.52201,11.866,-3.0271,-1
-1557.6,42.237,-378.91,-123.43,306.34,-103.34,43.295,-6.885,9.9478,-46.55,35.003,18.621,-23.978,-10.112,-73.543,-12.026,80.386,70.849,-8.4264,-26.267,17.807,66.232,50.245,-40.197,-2.2929,-9.8695,-37.752,-22.89,29.023,5.8936,-12.113,-5.3393,19.255,21.105,-18.007,22.985,-0.69162,-17.593,-7.7407,6.1659,4.639,15.533,-21.647,8.1347,-9.4923,-1.496,7.6319,-14.492,-19.809,-24.884,-1
-889.61,-372.45,-371.22,-101.12,8.6301,35.225,-48.615,-2.8409,167.96,-196.58,208.14,48.551,36.562,-184.03,-193.11,231.66,86.109,5.0578,-90.803,-103.18,34.349,18.086,25.62,-41.71,-58.57,-26.923,-74.433,2.4222,-19.665,-28.793,-4.4382,-33.385,47.274,31.472,-3.5119,-44.274,-7.3217,-53.704,-101.67,58.096,-37.244,-78.24,69.745,-1.0211,-25.092,7.2446,6.3492,-30.602,-8.5679,-19.164,-1
-1596.7,27.709,-392.46,-107.85,370.35,-131.93,27.895,7.8714,41.205,-5.8384,3.1922,11.74,-29.341,22.885,-19.9,-15.343,14.89,69.666,21.111,-28.235,19.541,62.589,78.213,-49.964,-5.9185,-27.806,-22.119,-38.074,19.343,15.507,1.0331,-3.3217,-1.2053,17.238,-14.872,30.554,6.4408,-11.126,-1.0595,4.3956,5.9127,18.375,-3.0916,6.5991,-1.4522,3.6659,30.407,-0.59925,-25.775,-25.321,-1
-1004.6,-112.56,-284.82,425.72,76.769,401,-45.823,120.35,21.379,-31.214,97.884,42.01,-110.41,-15.978,-39.963,-56.34,-29.938,26.045,3.815,-36.463,80.445,17.222,49.982,-21.218,50.3,-84.158,1.1501,25.487,-0.46733,-18.496,11.563,19.741,17.68,8.3786,-32.101,-13.6,69.038,-50.512,-128.53,-37.873,50.058,125.76,-12.738,-42.114,-16.152,-73.446,44.583,-9.6791,-25.315,-22.196,-1
-1577.5,28.116,-380.04,-140.8,341.21,-113.38,31.152,10.393,29.812,3.2853,4.9767,2.589,-40.51,-30.356,-28.11,43.921,47.482,93.26,-30.173,-13.649,-3.6721,53.847,61.444,-36.918,11.111,-39.616,-9.8428,-21.825,37.233,7.6526,-12.955,13.821,0.72097,29.809,-18.643,6.3988,9.1875,-14.088,-2.0579,11.32,-1.3899,10.025,-12.01,9.5925,-9.1334,-0.79685,5.8376,-9.8778,-20.206,-19.799,-1
-218.49,1115.4,-279.45,-350.04,-103.66,69.774,-112.97,-45.26,24.45,-457.47,-247.23,-35.254,308.91,-196.51,-237.31,67.463,154.28,9.82,-172.88,-131.77,26.578,18.224,30.292,-85.975,-75.055,-29.959,-85.703,-4.0499,83.604,-20.7,-33.42,1.0205,61.44,-4.4879,42.106,6.9214,-0.17221,-24.66,-10.259,3.7962,5.5026,34.96,-38.12,60.358,23.543,-11.503,7.7123,-11.02,35.161,-4.5372,-1
-1202.5,116.4,-304.66,77.636,79.067,139.27,0.89527,36.906,-114.21,-2.0454,-62.81,-63.007,6.6876,-61.071,-19.211,-66.329,14.48,95.598,18.981,-13.89,31.234,33.266,22.217,-75.276,-31.72,-3.0869,24.165,-53.244,3.0059,7.6992,59.333,5.7469,-12.442,-129.81,-35.628,3.813,155.37,-121.24,-89.174,-46.642,23.463,104.4,101.03,-9.2476,-3.9029,2.4231,-21.483,-10.898,-12.335,-18,-1
-1563.2,26.89,-303.1,-134.93,308.39,-139.36,51.13,44.18,70.011,11.712,-21.849,22.798,-20.667,53.776,2.3117,-16.168,17.881,107.93,-1.2465,-12.708,13.859,81.599,59.644,11.932,-4.9429,-42.355,9.1141,21.33,44.624,43.405,-0.83328,-12.537,-44.996,-2.4693,37.93,-11.093,8.4882,27.661,6.9236,-7.5917,-24.571,-2.2811,-4.8304,6.2121,-20.475,-7.0358,6.4247,-12.216,-28.442,-19.953,-1
-1562,2.0293,-326.77,-142.95,301.37,-99.48,38.622,11.448,41.59,15.658,-8.6664,9.2203,-35.685,47.321,-78.182,27.211,3.324,57.366,45.838,-30.777,9.9807,59.451,76.739,1.3122,-5.2246,-42.991,29.052,-25.637,35.954,31.953,18.635,-2.3838,0.73963,2.3363,9.9095,-6.9381,-19.692,-20.669,-0.12833,25.41,32.679,-4.6635,-20.919,-1.0394,-20.637,-0.6277,3.4722,-18.779,-45.836,-29.661,-1
-1594,22.487,-358.81,-102.59,372.94,-103.5,64.986,34.274,49.327,-4.4723,-0.58227,23.924,-28.412,24.482,-24.481,8.5151,21.745,99.127,13.36,4.1648,5.4061,62.424,70.015,-44.031,8.9684,-16.83,-18.248,-21.68,28.174,28.329,23.788,-2.0112,10.999,6.8251,9.3102,26.158,-5.6363,-9.9356,-7.6171,9.1134,1.4239,17.246,-0.23484,3.7937,-7.1964,0.14652,27.966,-10.094,-20.327,-21.375,-1
-1602.4,26.617,-382.74,-104.14,396.78,-103.04,33.079,22.761,38.602,7.8954,-2.3649,27.603,-36.658,32.433,-25.876,9.531,15.787,83.669,10.98,-13.511,7.2907,57.059,71.983,-47.127,8.3403,-32.439,-12.15,-27.65,28.614,19.453,-17.737,15.706,-25.417,15.393,-8.2191,-8.2618,5.1327,-12.656,1.5469,13.726,10.32,-4.8907,-8.8561,4.3214,-10.2,0.61845,12.014,-12.465,-20.688,-23.661,-1
-1595.1,28.95,-378.9,-120.83,369.61,-117.98,46.297,33.751,31.138,11.287,-18.59,18.743,-28.032,35.964,-33.132,-2.7069,9.1101,93.621,-3.8154,-1.3381,7.4402,73.011,55.447,-42.752,-9.3383,-31.726,-33.191,-15.091,8.6619,24.806,5.798,-14.784,-3.1282,7.7196,-3.5308,16.08,-1.5779,-11.909,-16.579,14.948,-9.8458,3.5332,5.8578,4.2121,-12.167,-3.4098,20.156,-13.555,-29.436,-20.222,-1
-1586.9,20.167,-367.13,-109.81,359.99,-101.85,34.47,17.204,44.442,9.3641,-15.787,15.631,-8.7436,37.754,-21.223,17.412,0.31495,87.963,35.541,-16.103,5.2357,84.968,35.27,-18.464,-16.431,-62.34,-25.547,-25.822,24.988,16.324,-14.056,-2.6513,-8.5383,-13.442,5.0316,22.487,-6.9943,-15.454,1.3282,11.027,23.477,21.121,-27.232,5.2872,-6.4225,-2.2467,18.11,-5.6007,-34.974,-29.452,-1
-784.8,-970.78,-406.23,-61.405,237.48,-138.68,61.201,-159.32,-192.56,-228.08,164.93,30.323,32.867,3.8446,-118.9,-73.052,-13.122,-124.03,19.017,18.808,-19.718,8.5891,14.575,-5.9148,13.982,-22.274,12.59,-21.694,25.116,-36.34,-20.184,-3.6622,11.15,1.6335,-3.983,-20.48,-6.7825,-8.2062,-8.7643,18.059,11.374,0.13943,7.4281,-27.758,-10.398,-4.5848,-14.88,-3.7484,11.355,-6.1995,-1
-765.45,-953.15,-340.77,-56.758,167.26,-117.98,-23.667,-120.7,-93.575,-125.27,97.341,6.7912,-26.685,-0.44214,122.19,74.919,75.897,119.72,-49.804,-2.504,-40.973,-25.055,-39.619,-21.233,-17.503,21.478,-6.126,24.743,-39.591,63.415,16.127,-7.9926,-17.859,-16.114,-14.15,35.731,-16.178,-30.885,4.3412,-6.6295,-36.083,-4.4414,-5.9788,28.529,15.96,-2.0809,15.064,1.2676,-3.5517,17.932,-1
-769.51,-894.65,-300.64,-43.75,150.93,-160.23,8.7343,-129.72,-49.368,-113.06,25.095,-22.598,-107.91,48.19,109.97,77.931,48.177,124.99,-39.066,2.01,-1.6793,-26.673,-34.534,12.576,-40.304,36.415,-12.595,13.747,-32.166,52.882,4.893,-15.834,-19.272,-16.895,-17.707,17.723,-22.667,-19.792,8.2031,-0.42669,-39.359,2.241,4.2995,18.433,6.8656,-3.7108,8.0081,0.591,4.3324,12.885,-1
-762.49,-945.57,-346.57,-63.21,162.5,-136.62,-8.9088,-127.42,-83.199,-117.48,79.619,-2.2301,-44.002,-4.5339,130.28,59.461,79.143,94.18,-34.316,-25.019,-43.077,1.9317,-33.714,-30.124,-18.435,14.388,-10.075,28.378,-32.553,51.598,17.29,-6.2477,-21.311,-13.224,-10.533,35.51,-16.041,-28.011,1.0509,-0.71587,-30.323,-6.8407,0.8547,22.075,10.907,3.3185,12.427,-2.101,11.847,11.392,-1
-476.69,-860.96,-297.57,-77.32,-98.292,-95.082,-47.55,-95.376,12.561,-41.812,82.223,9.226,-62.426,-80.295,182.03,-85.258,29.344,38.583,-25.814,61.598,-48.999,-4.7667,-15.053,-17.684,-10.352,30.331,-9.7924,20.647,-25.997,22.424,11.621,8.6155,-17.211,-14.55,6.227,26.255,-20.528,-13.899,-7.801,4.0302,-4.5148,18.766,8.3509,10.414,-28.456,-34.59,29.876,31.423,9.0226,4.1215,-1
-171.6,-812.15,-102.97,151.65,-139.42,-195.44,-96.226,-14.763,117.83,56.672,124.94,222.44,92.918,154.03,-5.8057,285.94,-101.44,28.032,19.886,-42.792,70.434,76.77,-126.62,50.172,24.06,2.9197,46.751,67.485,-8.8271,58.175,-111.39,-36.539,2.4676,-12.483,16.521,-23.581,-31.71,-61.087,15.778,-8.1491,5.8003,50.961,39.118,30.233,-45.107,-68.838,21.31,9.7589,-0.25287,23.735,-1
-440.3,-792.35,931.04,2351.4,122.06,440.55,-134.34,-26.243,-62.905,-194.09,-26.652,56.191,-23.484,-122.43,113.16,-19.546,-31.683,-72.941,-99.924,-68.368,-66.899,-63.693,-26.981,-24.502,-14.04,-30.856,-17.236,-39.922,-6.2559,-34.354,0.95651,-51.561,-15.047,-10.979,45.685,-35.201,-7.9055,-53.544,16.067,-40.363,-22.243,12.765,7.0642,-20.713,-37.041,-17.018,-5.266,-2.7792,13.971,15.831,-1
-495.56,-516.56,925.2,2260.1,-9.5252,-104.55,346.2,11.616,33.679,-213.94,-147.16,-81.952,-270.48,-12.047,47.838,0.15703,-19.274,-31.856,-44.311,-69.217,-54.888,-41.981,-47.125,-6.7403,-10.628,-55.779,4.5146,15.481,11.573,-8.9335,21.366,2.9527,-13.524,9.4768,-19.911,-16.98,-21.567,51.053,31.319,14.352,-23.324,0.70355,15.652,19.408,-5.0727,-26.992,8.1723,9.7366,4.714,23.383,-1
-372.34,-850.22,887.15,2274.3,50.616,-49.977,252.22,-9.7058,-41.427,-133.47,77.35,-54.195,-69.618,-125.53,66.801,18.933,-27.468,-39.642,-135.32,-44.631,-78.195,-58.13,-49.771,-6.4903,-19.057,-74.99,13.982,29.896,2.7107,-5.064,32.361,-4.0192,-10.683,-0.49757,13.465,17.841,26.965,-1.8601,2.4327,-20.219,12.879,1.3116,0.82995,15.439,-14.349,-27.982,25.484,-20.918,6.3743,13.927,-1
-480.86,-557,919.3,2261.1,3.303,-50.06,301.01,15.961,-4.9323,-168.2,-162.93,-71.468,-176,-48.767,52.228,18.972,15.398,-83.237,-116.27,-76.564,-69.851,-3.0765,-22.972,-26.095,1.3953,-82.485,20.189,58.213,-0.57435,19.906,59.062,8.9044,-37.3,19.772,-33.446,14.732,12.365,18.189,-5.96,6.4439,10.712,-0.70925,4.3944,13.234,-15.763,-16.793,29.81,-15.219,18.877,-1.4236,-1
-561.44,-340.78,936.98,2260.4,4.1422,45.015,291.97,26.455,-1.8135,-133.47,-265.27,-81.504,-247.56,-11.042,37.96,-16.814,-31.163,-25.3,-16.248,-99.748,-59.302,-44.749,-31.407,-11.794,-21.993,-26.492,4.169,-13.852,20.936,-23.859,19.86,-20.353,2.1656,7.7098,19.487,-6.1935,-5.212,-8.8756,14.539,-21.285,11.315,0.81265,11.965,18.732,-7.569,-19.366,-8.1316,-5.387,17.603,3.8255,-1
-422.44,-717.07,899.22,2270,27.476,-37.081,265.68,10.386,-50.012,-131.48,-81.955,-59.301,-61.239,-117.3,66.188,8.326,-17.506,-49.423,-102.72,-76.575,-82.837,-41.619,-32.954,-23.619,-17.365,-62.57,11.008,25.147,4.8334,-4.1835,46.147,-10.134,-18.338,12.299,-5.7371,10.286,0.21685,-12.281,-4.6774,-4.2729,7.5359,-2.455,3.9895,6.0953,-14.586,-42.689,9.0395,-29.639,-0.37722,19.409,-1
-519.77,-445.97,939.4,2257.9,-27.672,-133.25,332.99,11.865,40.369,-253.73,-184.18,-84.927,-236.71,-20.924,78.463,19.465,31.859,-79.693,22.549,-124.09,-70.988,-15.573,-22.46,-46.713,-6.0483,-49.147,3.8916,18.97,15.954,-17.474,34.519,-2.5212,-14.213,29.973,-33.58,-3.2183,-25.33,27.995,9.9191,4.0687,4.8058,0.15457,13.549,19.315,-5.6176,-42.609,-15.569,-16.21,3.7046,28.094,-1
-641.61,-109.61,962.49,2269.7,111.95,424.87,-9.8354,2.4341,-129.99,99.438,-78.103,-49.7,14.235,-153.67,39.358,-6.773,-59.888,-17.041,-64.169,-83.467,-82.06,-117.27,-27.106,7.1286,-52.834,17.643,-27.175,-51.481,42.315,-45.979,-25.057,-75.171,29.043,-34.756,94.141,2.1029,-18.95,-26.248,73.852,-21.495,37.969,28.003,-33.557,-1.6135,-49.119,14.835,43.834,-35.204,22.086,-8.8292,-1
-996.29,-735.34,-463.09,-95.158,-43.392,-262.35,0.63798,-68.996,-214.69,-101.24,-66.953,23.262,-164.66,41.163,32.76,2.8366,9.09,-27.993,-5.2599,14.191,-38.348,-94.456,-0.54518,18.915,-7.7552,-42.922,-22.693,7.9182,-12.35,-40.203,-33.83,-11.409,-11.12,-1.6817,10.946,1.4872,-7.1782,-7.3315,3.7015,-1.1282,9.5576,2.0067,-10.88,-6.721,1.6792,-5.8125,4.6616,5.658,-2.6145,1.7245,-1
-503.43,-753.02,263.33,-137.29,217.04,-218.33,-1.5394,-43.533,-172.34,-34.869,-9.3795,-10.723,156.91,-53.172,63.987,28.412,-54.913,-45.678,26.438,-19.889,1.5709,43.767,-31.869,10.07,-18.951,-20.961,46.683,-42.53,53.906,14.876,4.986,-13.811,35.522,-13.478,4.6732,2.9429,45.717,2.2117,-0.37047,-1.7221,-13.449,-25.412,3.136,7.5879,6.8681,-3.8881,8.6002,17.984,-15.828,1.5727,-1
-962.76,-735.23,-341.04,-110.39,1.5559,-154.91,-97.924,-103.99,-85.25,-24.82,76.602,-41.271,191.12,-43.266,-51.673,-6.3218,12.954,-17.761,-57.193,-14.041,-0.14856,69.062,2.4026,0.057528,18.589,-9.5183,25.243,-8.0154,20.544,55.319,33.208,11.571,-8.1316,-7.7041,-5.0903,-1.51,14.22,5.6976,-14.1,-0.2644,-7.8109,-9.9578,12.571,0.48428,-5.0181,0.73413,-19.367,-8.0049,-24.019,-4.3113,-1
-870.21,-741.44,-275.63,-95.691,23.399,-66.939,-179.58,-99.891,-61.662,-48.879,15.525,13.31,236.33,68.076,-79.979,2.6282,9.3471,-12.315,-25.696,-15.353,-19.473,53.854,4.9751,-7.954,22.075,-15.341,36.561,-10.444,16.247,61.755,23.749,12.544,18.968,-1.7536,-10.229,-31.699,-12.942,4.9028,-11.829,5.1805,7.2499,-19.219,9.856,7.5747,5.4394,-2.048,1.1323,9.5509,-18.993,6.5564,-1
671.74,-724.26,518.88,-31.943,274.23,-231.52,27.133,-50.572,-250.56,-17.773,-47.791,-37.518,187.37,-29.957,27.746,55.139,-55.957,-68.586,33.318,-18.848,108.19,132.5,10.754,-75.048,130.22,-51.017,83.923,116.51,10.67,-67.429,-79.974,-9.1745,-8.7843,-55.999,-18.331,111.19,144.3,5.7964,45.406,-18.73,40.014,49.283,22.836,19.073,-18.516,-6.9274,33.191,10.682,5.1524,55.33,-1
443.2,-732.67,384.46,-146.48,252.53,-61.426,-114.98,7.7015,-136.12,-53.332,-176.43,53.627,421.8,482.84,-107.4,-5.1169,-9.6725,-5.9798,125.17,-21.514,-34.348,-3.7502,27.728,-19.744,44.62,-60.594,41.573,-19.232,4.7274,18.265,-20.105,-22.184,79.418,-23.93,-20.814,-56.732,-24.177,-2.2052,0.33433,5.1704,31.443,-19.569,-1.9921,36.814,19.665,-18.269,22.315,27.806,-3.3069,28.428,-1
-840.7,-747.72,-182.82,-102.49,66.995,-90.595,-162.72,-92.406,-86.902,-55.757,-2.3264,52.654,252.11,61.642,-47.077,5.9798,43.774,-9.6884,-0.02182,-7.7999,-5.9654,48.792,-3.2424,-0.97933,13.33,-18.853,35.744,-12.169,14.861,55.669,24.928,5.9338,19.839,-1.6428,-8.8031,-37.406,-9.427,-2.0045,-10.928,3.356,6.6081,-20.929,3.5965,4.3223,3.1028,-0.3887,-7.0367,17.089,-28.363,5.3448,-1
-654.36,-757.68,-21.577,-136.71,101.73,-53.285,-158.05,-43.349,-104.04,-59.051,-35.65,11.684,290.09,193.44,-62.056,0.68609,35.143,8.0984,36.634,-9.2955,-12.319,24.848,-0.31985,-4.7227,18.186,-27.271,30.284,-17.376,11.245,44.903,19.085,0.53766,43.168,-4.5706,-9.2565,-48.133,-25.547,-1.6698,-9.648,9.7296,9.7002,-20.365,4.904,16.768,21.218,-10.018,0.96049,15.782,-21.454,21.035,-1
1421.4,-620.18,-114.48,-147.51,115.68,220.94,-163.85,67.109,13.069,-32.32,-137.18,139.82,237.42,61.356,-39.41,-8.2422,-11.887,11.105,72.134,-42.054,-186.04,22.355,-82.58,29.524,95.666,19.23,84.969,56.694,-2.1943,66.162,-100.96,86.069,-60.076,33.872,-29.094,-0.25295,-64.923,-10.109,-38.691,18.827,83.665,-109.54,-72.906,98.173,57.371,-12.027,6.2546,14.316,-4.8405,-55.972,-1
-806.38,-751.62,-154.01,-119.85,55.052,-56.723,-169.17,-66.287,-84.967,-56.742,-9.0553,21.324,254.44,104.7,-61.321,3.6158,6.5179,-15.333,-1.6881,-12.566,-9.3469,43.342,1.937,-4.9808,22.214,-22.982,29.628,-15.916,12.255,49.152,25.937,6.4688,32.017,-3.4851,-9.8365,-45.573,-22.526,-2.2721,-10.767,7.7239,8.9765,-17.959,0.16884,7.681,8.8023,1.5662,-14.962,12.182,-16.688,12.553,-1
-94.051,-755.67,306.62,-107.64,202.77,-130.09,-68.483,-39.939,-165.29,-34.559,-38.678,5.0551,177.74,-33.49,49.911,46.504,40.574,-27.921,51.734,-0.99747,100.02,90.255,-25.527,-40.725,90.928,-27.351,40.716,83.645,-5.9512,-39.485,-20.717,3.8289,-5.1817,-27.647,-17.151,14.597,27.145,6.5795,16.197,10.83,18.098,16.735,4.1654,4.3016,-6.7884,2.0487,5.1671,3.2319,-8.7464,17.408,-1
130.84,-686.51,-65.564,-70.406,51.587,-220.93,-149.9,-172.22,137.83,47.379,-171.92,112.54,295.86,206.52,-74.193,2.861,59.883,14.809,49.793,-29.56,-50.406,29.329,-26.633,9.6318,22.601,-0.25879,48.139,14.481,7.0215,34.983,-49.544,5.4249,6.1252,-13.035,-10.064,36.656,50.458,29.134,28.714,26.081,-26.307,28.934,25.568,-40.61,-8.9387,-1.9718,-5.4984,-3.9174,-17.962,-16.073,-1
262.37,-737.48,426.18,-84.783,199.95,-283.58,38.36,-55.234,-200.16,18.848,-31.38,-50.854,189.93,-57.995,59.477,47.813,58.491,-1.3634,42.917,-7.3188,102.76,106.07,-18.647,-39.408,77.626,-35.952,63.803,90.86,1.6932,-60.142,-64.359,-12.199,-13.143,-51.711,-14.83,97.115,122.63,-13.185,41.208,-3.3632,22.7,38.401,2.1866,21.204,-9.8505,-7.275,-14.998,-8.8564,-4.9796,33.581,-1
-417.85,-712.49,325.19,169.3,196.89,-132.19,-162.86,-224.06,-143.97,-25.692,-133.44,62.785,261.55,188.52,-40.987,7.3365,11.466,-17.543,61.301,-2.9228,38.343,58.391,0.45924,-36.119,61.725,-46.749,18.543,-10.826,39.618,40.463,-50.279,-46.148,3.461,-2.7573,-2.8859,28.724,18.868,6.4963,17.006,-9.9601,12.771,-12.355,-18.161,-16.969,11.82,5.9184,12.968,36.004,10.878,2.9721,-1
-2489,-361.44,-499.83,-420.01,-277.11,372.93,-298.69,173.16,19.787,9.0211,-17.531,-52.319,106.04,-17.77,37.402,8.6173,63.915,19.664,42.311,-41.736,7.9571,-7.7399,-114.78,-9.4197,-0.8893,9.8022,-63.037,62.153,-24.816,10.487,-65.377,-13.257,-30.27,-37.556,27.825,-30.665,10.91,-30.041,-12.698,-16.983,8.3688,-5.5991,-12.671,6.0716,-2.5935,-17.965,6.1271,-2.6939,-6.9635,-8.8113,-1
-1032.2,-781.46,-42.085,89.531,34.075,187.16,154.72,-408.27,125.58,-332.64,-102.2,69.001,199.21,358.15,-318.13,-364.82,36.74,-125.74,19.33,94.432,-160.47,-69.381,-47.522,-12.911,-110.9,-4.0425,180.11,-39.497,-143.55,-71.75,59.11,18.87,29.213,54.496,-20.933,-39.462,-25.233,-39.23,107.23,-27.134,-2.4472,-23.759,-27.728,-33.577,6.4744,-50.251,4.739,-12.05,-6.6273,27.655,-1
-2011,-282.43,-435.45,-56.023,-42.162,121.44,10.596,-9.9276,150.38,20.53,42.269,-224.64,31.565,-68.455,25.21,178.57,-128.34,68.696,-9.5493,-124.17,-11.816,28.549,130.43,73.219,-93.037,-22.78,176.6,26.706,-180.94,-14.092,32.053,19.379,-38.868,8.3607,-8.4979,69.196,27.884,-0.14176,65.31,54.205,-47.488,-45.1,41.213,-46.388,-7.0297,-17.232,-15.663,23.733,17.539,-10.722,-1
-1978.8,-434.43,-220.92,-64.727,21.563,214.48,6.5514,-6.4853,63.613,-165.6,-125.47,24.827,126.47,132.77,-217.74,-212.29,-3.4747,-63.223,19.269,38.716,-129.1,-54.853,25.081,26.023,-87.999,19.476,197.74,-2.9358,-165.45,-43.717,94.042,-11.78,16.379,60.627,-8.828,34.956,0.58146,-53.089,16.17,-26.641,14.109,-22.216,-16.369,-73.723,-15.307,-3.0207,-21.547,-7.5754,17.37,3.1059,-1
-1061.9,-692.6,-124.74,96.686,305.92,204.37,58.882,-24.842,-47.444,-314,-104.24,23.959,152.5,259.04,-167.04,-290.21,1.2793,-74.202,-3.8266,117.02,-116.42,-93.568,8.0195,24.569,68.979,92.732,-98.229,-96.345,97.589,4.1382,-43.696,18.577,117.24,40.276,-42.785,-30.391,-127.62,11.681,-15.431,-25.014,26.936,46.308,-61.1,-33.539,1.7111,26.181,0.95334,-13.968,14.641,-11.67,-1
-1882.7,-268.61,-119.21,-41.944,-55.083,174.98,42.102,47.653,151.15,33.097,-17.634,-183.18,-61.527,-61.094,52.782,144.34,-16.027,43.667,-2.4908,-77.842,15.384,94.872,132.98,86.197,-129.5,-36.857,193.95,9.0543,-180.36,10.791,17.282,32.822,-14.908,-14.443,-0.49767,72.518,9.2757,-50.714,34.879,58.602,-34.098,-9.162,40.612,-29.235,-49.793,-19.886,-15.992,2.6479,33.207,-3.6846,-1
-714.17,-785.49,280.18,72.46,233.25,278.2,-134.03,-127.01,-172.56,-270.76,-27.945,24.278,-37.046,14.32,139.34,-31.03,-116.63,-27.482,-2.2434,19.092,-56.194,-60.166,78.304,30.582,3.8446,69.389,-48.834,-19.954,179,-28.654,-101.64,-0.92059,15.118,88.354,-112.21,-30.936,101.95,-59.834,69.807,68.009,-39.143,-42.875,122.13,-12.215,0.20725,-43.55,-46.771,3.8604,86.57,-10.676,-1
-646.56,-935.69,-371.19,-181,192.64,3.5141,30.576,49.192,-65.935,84.164,-199.62,-167.98,151.37,-265.3,120.81,421.45,-97.789,120.44,-45.398,-33.847,33.383,-21.987,197.7,18.684,-54.078,52.606,-8.6368,3.2377,71.257,-84.796,13.465,31.367,71.554,24.583,-85.663,-41.582,16.895,-30.33,-69.065,-36.341,51.198,3.6329,-51.706,-88.643,-0.25906,2.3391,-3.7797,-40.499,77.31,5.2046,-1
-785.6,-605.08,-203.14,-139.01,246.83,170.05,-137.38,-44.15,-64.268,152.76,-41.424,-95.242,45.073,-205.04,179.49,345.81,-68.235,41.286,25.942,-52.692,60.451,-33.182,188.52,17.849,-57.488,40.062,-17.256,0.71975,146.53,-61.472,-10.675,18.084,59.751,60.777,-109.55,-30.041,54.991,-41.771,-17.327,-10.138,-49.465,50.502,-41.328,-48.235,-18.814,-16.648,-27.562,-29.722,60.837,-8.7951,-1
-1778,-378.88,-385.5,-75.518,-44.318,169.3,107.93,-267.82,189.29,-76.553,-82.04,-41.348,110.04,91.117,-123.34,-20.319,90.041,-11.66,-47.903,30.608,-48.732,-7.6822,75.473,28.38,-101.26,-14.316,165.72,0.60513,-171.26,-69.246,46.786,13.39,24.792,57.562,7.4739,30.214,0.53245,-21.286,55.323,22.052,24.736,-48.913,28.523,-37.372,5.595,1.552,-18.396,-6.4965,52.462,10.415,-1
-666.52,-757.88,-233.03,30.281,30.141,163.35,478.76,-184.78,267.91,-153.46,-312.99,65.538,-79.599,458.57,-84.514,-310.67,165.38,-182.24,5.9393,89.628,-163.71,34.122,-24.681,51.671,-185.01,-41.524,281.03,14.466,-310.42,-110.97,65.137,-17.837,13.684,17.814,-16.045,-41.856,-32.454,-82.328,48.73,22.638,-27.076,-32.168,-19.957,-105.9,-9.8711,-20.626,-47.748,-13.162,69.978,35.157,-1
-585.09,-926.94,-238.51,125.87,196.25,154.43,194.62,-216.56,121.63,-302.22,-104.66,69.576,330.34,300.47,-459.79,-414.47,-9.7668,-124.05,99.004,122.83,-141.03,-115.47,-18.497,-6.3238,1.0091,61.42,43.228,-98.472,-19.021,-3.5724,43.716,36.605,101.99,31.798,-19.858,-28.627,-137.63,-4.455,41.545,-71.488,-11.717,63.655,-77.565,3.6244,-6.7752,-3.3437,16.524,-19.838,-56.203,-9.8371,-1
-513.66,398.04,-49.632,-66.849,218.98,157.15,102.15,-300.89,252.29,367.73,-68.998,-56.694,-38.065,-225.03,168.48,220.91,2.5165,42.387,-86.019,56.073,127.89,47.627,158.87,23.802,-94.906,79.27,13.988,11.366,118.3,-64.374,-21.385,9.222,31.484,61.197,-105.48,-57.282,29.301,26.793,44.981,-19.658,13.445,-86.551,-11.767,-35.083,-70.681,-44.285,-6.8509,-77.527,213.37,10.465,-1
-740.55,-1013.1,-185.85,23.697,-84.939,-37.391,-280.94,-24.935,-42.769,-36.382,-16.013,-43.673,16.592,4.4559,-78.544,-93.855,-22.713,56.338,72.685,27.052,-91.43,-31.514,29.744,56.768,74.653,17.721,23.806,66.279,-56.346,0.50911,40.085,-37.566,5.2785,-9.7506,-26.615,-25.966,37.374,15.404,4.1248,-35.859,17.864,-25.286,-60.154,8.1599,-2.7302,36.179,21.999,4.2252,9.1998,33.869,1
-736.93,-1001.4,-199.23,97.76,-108.88,-65.788,-177.2,-18.183,-29.808,-47.218,3.0736,42.776,127.6,249.08,177.68,43.852,-8.9814,55.582,-2.5852,40.593,51.893,-8.119,-34.526,14.483,-38.587,-29.08,-9.9537,-40.625,35.3,61.998,-26.227,52.716,-17.743,6.2258,-22.778,41.171,-33.907,-5.9801,-4.8863,29.244,-9.8587,6.6762,-27.487,-13.467,-14.806,11.654,3.4981,-16.094,24.696,3.1634,1
-632.66,-951.25,-189.35,48.616,-146.48,-135.51,-127.27,-78.642,-20.298,24.847,-30.032,3.1426,61.313,-66.369,39.185,54.737,22.059,-6.7118,-95.696,-60.802,55.856,-13.993,-29.079,-24.549,34.904,-101.28,-36.476,-31.484,46.948,6.7032,-16.711,30.237,-12.346,-43.555,-22.862,-10.558,-48.912,41.03,1.5671,8.8402,15.247,-17.923,15.886,10.277,-2.053,0.55348,-5.6405,30.329,15.353,31.091,1
-386.85,-833.88,-275.79,229.12,-137.18,-287.23,-22.015,-57.552,-43.355,222.49,0.20156,30.794,117.56,190.74,137.05,10.988,-55.308,104.34,24.2,-16.661,41.304,11.18,-53.684,-12.753,-18.926,-35.797,-30.451,-60.157,25.263,51.416,-2.6039,-25.39,3.6639,12.946,-4.1063,0.12922,-66.972,-0.64444,4.3129,30.321,104.82,-12.251,-19.987,-29.24,9.988,-3.2202,37.497,-9.5252,38.441,31.551,1
-500.16,-897.3,75.333,-55.548,-125.18,-76.831,-57.907,-26.739,-35.354,-75.757,-15.077,-9.7656,55.509,-87.258,-101.22,-23.637,38.145,6.8893,56.065,-8.9767,-34.119,26.294,21.9,-6.4417,107.08,-41.66,103.68,15.584,39.155,-62.101,37.204,4.7263,4.0982,24.113,-22.783,16.3,26.809,20.014,28.064,40.491,-34.117,-14.971,7.1395,16.286,-18.234,26.877,2.9049,-29.534,8.8771,-35.546,1
-596.63,-943.65,-38.13,37.409,-107.14,-83.694,-161.84,-32.712,-6.9638,11.634,-11.916,-36.234,-20.687,-154.57,-78.978,-35.215,17.303,7.2714,-13.838,-44.012,-28.773,-32.921,15.521,40.108,168.35,-32.743,3.1443,55.336,-17.632,-27.617,47.238,-8.5709,-10.354,-48.476,-48.719,-22.482,-9.4566,61.171,10.579,-31.082,-23.838,-38.836,-3.5373,20.28,-11.032,26.495,-3.1565,6.1571,35.01,37.657,1
-627.57,-936.1,-64.076,-35.198,-139.01,-71.91,-153.35,-25.436,3.2868,-22.603,-21.558,-75.63,-109.29,-144.32,-87.147,-65.195,-12.146,16.87,24.006,-26.36,-43.348,-7.6085,9.6417,-3.4281,57.037,42.079,-25.079,61.785,-89.857,23.27,6.0691,-11.379,2.5413,-30.492,-71.29,-17.835,5.7263,34.674,5.1456,-20.079,-47.261,-6.0072,-1.763,20.439,-21.088,18.113,-4.1729,-26.674,39.41,18.654,1
-310.61,-817.3,-66.124,50.42,-142.8,-231.51,-60.421,-68.58,-3.7008,174.57,-39.644,-7.5902,-134.65,-41.489,118.2,95.154,-2.0689,-45.794,-98.28,-7.1652,51.814,10.304,0.04191,19.77,73.437,-101.6,-16.841,-23.663,33.4,0.93149,4.7546,8.8701,-0.41793,-35.512,-9.9746,-27.763,-49.531,38.721,-1.969,14.362,11.263,-0.97491,24.404,13.428,11.235,-7.1103,-12.112,-0.12261,23.16,-3.3111,1
-721.92,-967.81,-146.88,-54.814,-152.29,-77.83,-198.16,-8.4775,-1.0294,-106.65,7.3038,-55.874,-38.183,-181.03,-175.05,-30.434,47.26,-4.0292,-15.147,-71.028,-32.623,-19.19,-0.29557,14.446,84.684,2.9464,-18.804,28.762,-9.1767,-48.063,36.7,4.1884,-5.0131,-32.229,-28.759,-7.5198,-3.9772,44.241,11.721,-15.022,-13.6,-25.356,17.624,23.984,-15.572,10.352,-3.4184,12.458,-21.73,-4.4871,1
3828.6,1579.7,-803.75,153.55,0.34661,-988.34,232.85,-88.328,43.783,374.78,-104.86,78.955,-280.15,-118.12,-98.105,-145.78,36.477,101.29,32.585,-28.705,23.146,-193.89,43.803,-230.74,-14.157,11.656,143.46,-133.87,91.686,-103.96,53.247,-11.508,-2.3698,-147.87,2.8189,96.978,108.53,-205.68,-51.006,-197.77,10.03,-48.452,-48.64,6.0974,-34.817,28.912,-11.932,47.577,-5.4739,57.859,1
-752.31,-982.19,-250.32,-8.393,-118.76,-75.836,-234.39,-82.14,-38.079,-28.215,-5.098,-44.426,-92.182,-184.99,-114.33,-60.772,-15.592,23.986,-11.69,-56.091,-54.862,-11.955,25.885,7.6341,45.53,-25.554,-27.057,35.271,-16.258,-5.9499,3.7599,-35.219,26.737,14.609,-27.745,-17.939,-10.002,6.9863,5.1524,-34.916,29.446,-10.926,6.3614,8.2633,10.71,5.0934,16.42,2.644,-18.751,-1.9472,1
-494.55,-905.48,54.674,-128.64,-189.15,-138.92,-62.221,28.654,-64.184,-107.64,-4.8997,-86.118,-121.11,-144.56,-115.96,-17.415,56.807,88.069,2.5211,-113.33,13.342,-8.2381,-8.1573,-25.301,67.398,19.248,-38.81,40.005,-19.977,-21.907,12.58,-43.779,17.808,26.378,-53.905,-3.1757,-22.665,14.15,15.618,-34.094,-2.6145,-55.175,45.075,4.1194,-0.091783,-0.33021,-18.728,-10.835,6.2251,-13.644,1
-266.22,-811.15,96.987,-136.7,-166.44,-203.11,-12.627,34.044,-50.356,-124.91,-34.367,-53.192,-62.367,-265.64,-182.81,28.63,135.53,113.47,-88.041,-168.15,44.624,-35.726,1.4769,-29.751,103.38,-164.73,4.974,64.493,-23.224,-31.876,-11.905,-61.695,7.5335,-20.477,-59.975,-37.786,-53.954,54.253,24.772,-52.674,34.31,-96.375,64.359,7.6657,15.053,9.6171,-8.9617,23.431,7.8047,-0.68813,1
-1084.4,-562.11,-756.53,-23.865,-407.77,-40.475,-47.986,267.38,-42.91,-28.241,-173.59,-164.54,-33.448,18.289,-88.176,-11.47,9.0397,-10.905,-9.9156,-47.334,-13.92,-36.369,3.7783,-15.983,-42.707,-53.009,-45.077,-21.186,16.933,-9.6379,-16.833,-66.096,11.08,-6.2486,-17.72,-20.673,12.65,-0.15291,1.5524,-0.16563,-8.4349,6.7598,6.3126,-12.132,3.21,0.96484,-2.8411,0.61353,1.2699,1.1167,-1
850.29,-73.246,-258.35,-40.989,-295.47,-102.5,-154.35,-457.16,-146.56,52.035,187.8,30.283,247.17,266.02,-25.027,187.42,100.66,-1.9959,-25.238,3.6544,-47.976,89.709,17.079,24.308,-17.856,-16.405,8.604,9.0371,-14.318,-6.5595,27.565,14.19,-44.489,-70.372,0.16578,-26.99,-16.802,-1.842,-6.7446,26.204,54.968,71.927,-40.115,-7.2876,-7.9211,30.584,101.92,-16.94,-28.233,-17.128,-1
-974.11,-451.78,-177.99,11.627,-217.87,-99.922,-48.798,44.099,-96.148,47.912,179.41,84.716,60.377,-22.734,100.17,8.9086,12.068,-81.661,10.432,-29.989,118.87,36.221,2.3065,-4.4526,31.046,13.114,59.177,1.9648,-2.1046,-4.7222,-26.3,49.022,-59.828,7.7042,-20.855,-18.273,-5.776,49.248,-27.806,52.022,-1.4673,-15.23,18.946,4.3395,-13.17,-6.8253,-4.8388,7.2336,-12.602,-27.505,-1
-1006.5,-597.2,-521.42,-29.124,-333.52,-76.138,-80.662,85.87,-11.088,-13.936,14.783,137.18,25.824,-5.8565,119.67,27.52,18.6,-21.949,22.372,41.867,-37.117,3.2282,28.096,0.86137,25.046,35.941,55.099,0.38707,30.097,-6.3046,-12.406,56.951,-61.29,54.602,8.7385,-6.537,-0.80194,16.389,-29.14,11.58,-10.12,-11.02,-10.776,7.2649,-1.82,-8.5706,-17.682,-5.5118,-6.6394,-8.0393,-1
-1028.3,-710.43,-284.39,-131.48,-274.68,-104.57,-48.349,185.78,-20.608,-18.53,-16.789,198.3,25.355,-14.071,117.28,-17.506,-33.829,98.265,36.013,92.633,48.739,74.291,22.392,-34.097,1.7944,23.052,49.959,-2.7,27.281,-10.401,2.2215,38.465,-39.07,107.46,32.394,-14.256,26.284,-19.547,-22.235,0.41798,0.8364,29.291,-28.296,3.6198,-11.945,-1.4176,14.11,-27.621,6.4018,-13.372,-1
-882.86,-435.7,-373.23,-42.176,-348.52,-31.382,-92.033,-76.537,-38.661,9.9165,149.61,87.387,-20.24,-30.987,140.79,-30.225,-7.3034,64.055,121.85,114.11,30.976,58.31,-4.6236,-22.359,45.722,4.6239,54.192,-8.1886,9.61,-23.908,-15.922,32.849,-37.428,-27.977,13.228,-11.068,-7.5701,21.374,-23.522,19.812,-6.5632,32.343,-11.47,-1.8103,-24.377,14.884,42.098,-107.8,13.465,-57.677,-1
-1037.6,-673.71,-380.02,-107.94,-308.43,-96.159,-51.229,160.53,-20.825,-39.998,-1.2119,214.15,36.63,-13.832,113.38,-45.498,14.118,32.976,-38.594,-46.113,47.627,145.38,-3.3742,-36.191,0.95673,24.043,61.6,5.5371,17.696,-5.1925,16.456,27.774,-31.086,50.758,29.437,-13.312,5.3864,-2.459,-20.338,-5.493,11.102,2.5478,-10.43,5.0164,7.5634,-11.044,1.7589,19.563,7.3786,-2.5672,-1
-1025.2,-682.44,-359.1,-104.72,-299.85,-90.574,-41.545,131.85,-53.204,-24.837,-17.416,154.33,10.794,-15.456,193.28,29.545,59.68,-117.55,36.539,19.558,38.132,62.872,22.234,-14.93,32.727,18.825,49.289,4.521,26.236,-17.532,-6.7468,40.247,-28.941,15.09,-0.66206,4.1613,-8.4336,15.654,-13.001,-7.8162,12.456,-5.9046,-5.2788,14.314,14.321,-13.185,1.1354,31.194,14.684,-4.6794,-1
-1024.8,-679.44,-367.74,-70.424,-283.59,-92.869,-62.944,160.13,-1.2418,-31.122,-5.895,187.55,58.515,0.93614,138.08,-20.073,38.551,1.5964,9.4902,8.0797,37.472,102.78,7.2546,-31.86,4.6806,22.737,58.718,4.9504,12.638,-15.443,18.818,22.732,-29.299,-14.408,17.689,9.2724,-12.325,15.528,-13.643,-1.0013,7.7684,21.704,-25.762,-0.76882,-11.559,-0.89931,21.553,-39.33,15.588,-19.471,-1
449.27,-431.02,-374.85,-24.658,-339.15,47.703,-13.582,-519.59,-394.63,-149.5,-148.15,159.37,-111.06,-136.43,36.109,35.713,-40.294,-35.935,-48.901,-75.179,-5.4513,-68.908,-11.79,76.962,11.982,21.43,74.917,7.9411,1.3697,-7.392,8.9518,-17.983,64.114,10.578,-39.867,-6.9933,23.893,-46.446,-24.532,4.5106,36.448,21.137,15.9,-0.49609,29.147,-12.732,17.443,15.597,2.1331,-11.98,-1
-70.303,-540.8,-234.5,123.15,-218.61,-5.5254,-145.02,-385.85,-38.742,-85.305,13.048,15.901,-43.721,-138.58,218.08,190.4,121.48,25.619,-96.479,-222.83,25.82,72.383,-41.533,-65.985,-20.452,6.8931,17.867,-8.5595,3.6894,27.277,-22.358,-4.3041,7.8413,-27.875,-43.019,-0.32889,1.5413,-39.697,4.6546,30.715,-18.041,-0.83095,11.594,-32.676,1.033,-10.3,21.86,18.951,18.272,-20.715,-1
-1024.3,-1751.6,-395.95,-338.02,-298.45,-269.43,-191.65,-39.499,155.19,8.3424,-5.3263,-131.3,-69.156,45.414,-80.774,-123.2,-38.041,-100.71,-113.47,-33.73,-37.702,5.7342,52.048,-45.483,-30.822,-3.6521,-3.7683,-73.556,7.4965,-18.842,-59.168,2.3896,-1.8498,5.9815,13.234,0.33025,4.7874,9.4388,-6.5067,4.1511,-10.218,3.3228,6.9837,4.4132,0.60752,-3.1005,-3.3561,6.337,0.054178,-3.0168,-1
-2017.8,898.09,-221.52,335.61,231.81,556.96,-444.15,-261.07,-308.59,3.934,36.333,23.421,176.17,34.425,-36.088,-10.335,-28.499,-14.488,-20.428,-19.88,-38.221,67.801,-11.025,84.779,124.2,260.25,-40.527,15.973,239.52,51.186,10.092,49.371,-69.132,-24.088,50.056,-97.18,-57.817,-1.2701,-47.193,35.281,-77.839,-58.654,-61.042,-21.777,-40.177,-7.2125,-37.529,-2.5253,-50.558,0.03896,-1
-1025,-1717.3,-366.42,-262.02,-329.67,-187.48,-69.875,2.7437,129.3,-33.041,6.8822,-7.0935,77.154,-49.9,37.636,57.94,-31.782,51.257,36.742,7.8654,9.7483,-26.978,-50.807,12.433,14.395,20.068,0.80053,32.247,7.4189,11.026,49.493,28.211,7.1318,-9.7634,12.353,22.772,-11.616,9.915,16.886,-33.887,5.3345,-7.0843,-22.003,-3.068,-4.7142,21.365,-8.6725,1.8477,-2.957,-4.8872,-1
-1074.9,-1569.9,-387.24,-138.88,-224.54,-29.191,-51.138,-15.535,72.949,-0.11424,10.946,43.163,23.344,-53.326,65.33,93.613,2.9283,50.978,71.314,-15.551,-23.362,3.4219,-15.225,16.153,23.743,28.924,4.025,20.35,17.211,44.21,53.992,78.163,-70.148,-0.53466,24.921,-30.255,-27.338,-21.514,15.183,-12.319,17.238,18.645,17.162,-16.101,10.697,30.742,14.243,14.182,-3.5988,-4.7652,-1
-1050.5,-1655.2,-386.86,-188.52,-273.83,-148.63,-72.888,-34.383,90.506,50.46,4.9997,24.203,87.555,-8.6331,110.37,-27.393,28.713,-12.592,106.55,24.279,-9.1413,-18.048,-43.461,10.794,2.4794,-3.3201,-5.3438,42.473,51.043,17.843,8.8292,47.839,-3.8654,-30.273,-4.1687,30.675,10.097,9.3263,2.844,-10.267,17.91,-16.438,1.0343,-19.095,0.45313,19.598,-48.855,-5.0475,-15.782,4.7481,-1
-1068.1,-1588.9,-401.12,-234.16,-275.31,-112.03,-14.81,23.998,52.101,105.65,-6.0455,22.156,54.351,-23.317,165.07,-2.4931,60.768,0.70308,68.432,43.813,-14.191,-1.5292,-61.665,34.435,9.1461,17.365,-14.308,46.546,65.968,6.0297,14.144,43.686,-9.2073,-20.805,-34.357,36.518,1.7984,5.8866,-12.354,-4.0137,-3.0195,-41.359,-16.379,7.4728,-7.614,2.4554,-25.098,-14.478,25.414,-8.4643,-1
-1022.2,-1718.7,-387.75,-261.16,-304.91,-206.3,-80.788,11.584,118.12,-50.938,-8.8131,-1.5712,102.43,-38.788,32.084,42.945,-33.412,48.295,46.384,-0.13214,13.796,-18.127,-56.362,13.148,2.8921,6.1111,2.2566,46.422,7.6274,15.338,50.306,22.984,1.9743,-4.4882,-20.408,2.8453,9.6112,12.316,14.302,-15.07,1.3496,-13.405,-20.938,9.5142,-1.3726,12.101,8.9075,1.0377,16.066,-5.7338,-1
-1068.3,-1588.7,-413.42,-171.81,-282.79,-68.952,-4.307,-50.919,41.709,95.848,-9.6899,-81.77,64.677,-49.877,48.676,90.701,-20.325,39.411,124.24,2.0367,-20.211,-37.571,-23.13,-4.661,-4.1264,0.95037,-5.6142,55.009,8.9811,14.034,27.788,31.258,12.658,-19.935,-43.928,-1.3191,48.062,-1.0926,-5.1652,11.722,-4.6251,1.4121,-5.3521,-21.843,0.69411,20.994,-27.194,-13.998,21.619,-16.924,-1
-1058.2,-1618.3,-389.29,-193.1,-286.15,-103.17,-47.964,-24.536,64.237,40.493,21.791,6.4419,54.407,-0.62374,165.74,22.397,4.3853,20.46,56.965,20.574,-3.4244,-15.687,-46.522,4.646,11.424,4.5413,-8.2172,42.928,52.215,31.036,30.386,32.195,-20.936,-8.0859,11.03,-10.179,-5.3413,15.262,24.863,-3.4246,11.74,-40.073,-18.033,12.637,2.2777,5.5935,-22.943,-7.322,17.196,0.946,-1
-1032.8,-1692.5,-358.6,-232.6,-311.33,-136.75,-74.817,-12.061,98.425,46.759,-6.122,-3.8207,96.381,-46.972,43.608,42.339,-3.0678,29.62,67.266,-3.7453,10.003,-35.309,-40.72,-0.012157,5.1124,6.4925,-1.4992,42.647,11.995,28.304,59.042,41.814,-6.649,-4.1969,-6.7187,-0.27373,0.014763,4.859,7.2347,-15.053,-3.5445,-12.67,-14.566,-7.3953,5.5051,15.969,-3.0271,-15.15,21.522,-13.555,-1
-2053.6,585.71,-281.65,222.02,66.661,460.91,-95.729,-44.305,-190.09,238.35,57.071,-352.7,155.89,-100.89,-241.21,352,-400.65,335.77,-118.54,-16.583,-99.469,18.987,25.469,-12.541,-26.541,-0.55928,33.561,-24.883,-149.01,-0.63878,27.943,-91.364,10.402,51.397,23.347,-27.418,69.973,-34.108,19.337,5.5423,6.3732,40.278,40.382,-85.325,19.534,46.777,16.05,-29.724,67.547,-77.845,-1
-1132,-1464.6,-391.4,-239.93,-327.89,-61.202,20.037,16.002,56.354,96.888,-2.389,-24.641,-52.432,-21.044,64.716,107.51,-58.553,47.737,179.46,1.418,-25.346,-26.616,-27.324,2.8213,25.475,21.248,-15.271,29.53,20.222,-6.092,24.159,-6.5362,13.9,-1.7654,7.9108,11.451,-12.091,-4.0241,22.209,-20.607,13.99,7.2128,-36.577,20.951,4.05,7.8931,-6.6591,24.94,-35.797,-1.8062,-1
-1102.5,-1539.4,-403.41,-202.38,-266.31,-95.962,49.756,19.646,78.276,86.281,-19.88,-112.95,119.53,-62.521,-29.728,130.96,-108.61,106.54,46.88,-25.731,-17.461,-19.984,-20.416,-14.243,17.256,6.7912,10.465,22.593,-53.039,-4.37,77.652,8.6327,-23.549,-4.2318,-51.718,14.736,-15.487,2.2627,24.801,-16.719,0.83887,-1.7489,-31.355,14.588,12.94,7.789,33.873,11.171,13.086,-7.6613,-1
-1112.9,-1530.4,-405.27,-185.46,-256.55,-65.399,-46.101,4.2404,50.676,131.12,19.416,-20.182,105.42,-56.062,-14.746,56.236,-91.198,57.733,90.96,4.222,-38.828,-16.094,-46.526,6.8917,20.636,5.9112,-7.6529,21.784,-6.1544,20.626,36.36,15.433,-16.085,0.9463,-26.085,-29.698,-8.0413,0.53112,55.316,-1.3916,10.969,-18.995,-21.995,20.185,4.0817,23.105,2.4744,56.384,-52.549,3.6132,-1
-1903.9,-993.69,-536.34,-167.75,-106.55,-204.88,-157.93,-334.61,295.78,-188.79,-70.435,43.023,-27.314,-130.64,-123.69,-58.328,-48.265,29.848,-60.797,26.701,-34.654,-48.41,-57.291,-51.127,-46.135,-22.856,36.276,-32.543,0.71448,-14.87,3.4954,-10.166,-17.69,-8.1367,10.962,-2.9188,-1.8097,-28.116,-17.975,6.8078,-0.33218,-0.16044,-5.6657,5.9793,-0.024333,2.0632,-5.8938,-0.8016,-0.29664,-4.1578,-1
-1560.6,-973.31,-540.51,-184.69,-27.855,-17.852,90.452,-211.56,19.165,-88.425,-72.936,-45.622,78.225,55.739,3.7233,85.597,52.429,-65.227,96.868,29.23,-0.059445,28.96,-37.325,-38.952,-43.769,22.314,46.475,3.9107,-22.894,10.401,18.602,17.558,-13.689,18.896,19.759,9.511,16.404,10.43,1.7433,-12.586,-7.7284,3.2663,24.133,14.242,14.568,-7.0555,6.2911,1.2434,22.216,-16.662,-1
-1879,-988.5,-499.54,-169.46,-58.471,-199,-136.27,-234.5,198.02,-188.36,-72.399,16.512,-18.155,59.089,44.438,167.39,0.24189,-17.845,54.163,28.137,14.896,31.053,-2.4195,-29.553,-2.2266,32.53,14.89,10.227,-9.4606,-2.5688,18.488,-4.6628,-8.3101,11.51,6.9417,2.0387,13.481,5.2978,-1.3792,-5.0339,-6.3813,-6.1469,5.183,-14.989,13.477,-10.612,6.7784,-15.092,-1.2592,-8.9787,-1
-1615.9,-939.92,-524.23,-154.57,-4.3599,-77.947,22.992,-135.01,20.438,-69.809,-75.652,-56.564,241.7,88.959,1.269,105.2,-27.476,-46.251,17.805,38.589,51.134,35.829,-94.466,-60.333,-57.519,9.9229,28.696,25.605,-45.177,17.825,-40.75,29.511,14.006,32.373,25.194,-21.438,10.578,29.627,2.1381,-9.9946,-19.341,8.9698,17.659,-9.0417,29.57,0.94146,3.9628,13.953,-5.9264,3.3474,-1
-1499.6,-889.23,-487.66,-140.34,60.366,-53.756,86.346,-104.36,-98.42,-46.567,-130.11,-0.90782,131.11,62.325,11.621,153.71,16.198,-41.564,-39.509,12.306,52.575,29.584,-91.573,-66.575,-30.553,15.196,-3.2416,8.0676,-23.088,-18.97,-39.609,18.212,3.2818,37.03,21.848,-17.471,12.364,3.9227,-3.0944,-22.099,-42.782,14.031,23.508,9.3018,12.947,0.88517,-9.5584,-6.4104,-69.938,-25.451,-1
-1854.7,-997.63,-474.09,-122.94,-7.7823,-169.88,-94.077,-235.25,206.69,-192.45,-78.975,17.513,54.005,57.547,57.187,173.48,-6.0586,-31.621,55.223,45.062,9.1313,34.346,-19.36,-29.727,-19.168,26.099,14.415,13.619,-26.112,7.2863,9.5175,1.6489,-2.2852,23.163,15.677,-8.9487,4.2186,7.284,-9.1417,-20.198,-6.0996,-17.915,-25.262,4.2796,5.573,-10.434,11.656,-0.70834,-3.6597,-23.618,-1
-972.49,-1031.5,-490.48,-229.22,181.76,10.336,448.1,-75.962,-193.32,-238.84,-64.4,-56.234,-307.92,34.046,67.277,166.64,79.52,-69.204,75.873,21.518,-24.98,25.471,-32.373,-66.109,-52.171,31.903,65.421,-34.078,16.205,-73.742,89.017,-40.502,-32.844,-3.7603,-5.6145,35.433,36.499,6.5402,16.655,9.7244,19.781,-34.459,-19.637,11.919,-0.77802,-22.081,-12.6,-4.1007,-10.393,-5.2425,-1
-1249.6,-1018.7,-545.62,-178.91,118.94,-33.613,272.5,-86.576,-39.619,-174.15,-69.336,-145.45,-104.58,39.276,29.005,164.12,73.972,-81.035,76.215,57.562,12.311,47.613,-54.128,-72.079,-50.126,22.163,16.874,-27.145,-23.689,-19.944,2.2445,-8.3671,-6.2363,20.461,17.148,0.78651,11.663,-3.3331,-15.979,-33.195,-16.714,-27.845,12.324,20.291,14.759,-19.629,-4.5492,-1.1053,-14.574,-4.8476,-1
-491.1,-1048.3,-510.01,-240.26,240.02,187.67,738.24,-195.85,-333.63,-98.491,-34.393,-46.616,30.362,110.53,0.39225,98.62,7.5376,-63.353,53.534,19.297,-10.061,9.197,-69.975,-61.841,-61.487,3.2653,87.888,-7.3313,11.62,-43.511,106.34,-13.515,-59.069,-15.279,28.941,58.041,20.603,-20.467,26.969,56.823,24.681,-30.797,10.277,23.118,-28.324,-45.881,-2.9414,-47.144,-21.545,-1.229,-1
94.189,-1025.8,-823.59,-175.13,291.54,146.6,808.08,-62.206,-315.29,-43.246,-15.875,-25.177,375.98,162.05,-49.448,17.919,65.301,-110.19,24.209,19.572,-14.14,11.268,-176.94,-96.256,-137.91,61.685,-74.84,-90.209,-68.706,4.9747,-194.49,30.547,73.83,73.417,36.804,-56.626,-0.12303,-2.1769,-75.259,-60.543,-46.695,-13.23,17.605,-36.924,56.417,-12.335,26.59,-2.5301,-42.065,16.166,-1
-1174.9,-1027.2,-498.65,-214.11,165.51,-14.229,386.33,-96.582,-83.375,-133.58,-56.668,-68.893,62.859,80.208,-18.528,113.79,-71.122,-29.92,23.347,47.922,19.263,18.214,-70.052,-55.816,-61.369,20.274,5.9485,-9.9199,-37.93,-7.4066,-40.46,4.8183,14.813,28.402,15.791,3.4931,13.616,-8.0843,-24.265,-27.081,-15.845,-21.731,-8.9658,9.249,9.1277,-9.1713,19.271,5.0839,-14.496,-15.894,-1
-1340.8,-1009.9,-630.11,-168.76,100.8,8.4151,265.96,-37.868,27.1,-189.8,-39.294,12.857,-240.26,-143.48,-128.28,-52.155,11.605,20.379,-37.491,6.1178,-26.105,-24.09,-8.0715,-21.298,-5.2632,-21.209,43.974,-47.85,45.154,-53.785,84.05,-36.59,-50.513,-29.551,-23.449,45.995,20.081,-17.53,16.226,48.308,31.503,-3.9953,-1.6188,12.21,-31.793,-6.6224,-3.7577,-5.7291,-9.512,8.743,-1
-1488.8,-1005.7,-608.24,-154.06,84.185,-20.944,209.47,-135.4,103.62,-102.91,-37.632,-0.13013,141.49,-79.848,-157.73,-106.44,-97.88,40.267,-85.409,10.914,-10.967,-22.806,-84.742,-23.923,-55.807,-16.572,7.1161,-21.425,-12.533,-7.0471,-73.952,-5.6315,34.151,20.831,10.229,-23.31,5.5374,1.6192,-16.823,3.1878,-14.026,10.421,13.837,-2.5914,8.0287,2.5764,4.4327,5.7154,-17.996,14.66,-1
