-103.48,3463.3,-639.67,32.946,-242.45,-120.83,-733.67,180.47,-262.12,506.27,157.86,261.83,-22.101,-17.556,7.4872,-9.6226,88.74,-129.76,42.968,81.12,1.8058,24.274,-59.397,-2.5405,34.371,142.25,-55.267,92.004,-105.79,81.483,-12.832,50.967,-2.644,-46.99,46.814,-7.8054,9.7569,29.632,-23.31,-39.569,-28.658,-5.2898,46.938,-29.284,-37.904,-62.089,-33.632,-4.5304,-15.33,-38.029,-1
-254.65,4170.2,-783.07,-73.533,-326.36,-170.62,-1094.4,-127.44,-264.85,477.26,-275.76,6.6186,-34.77,126.87,648,120.63,32.906,-219.58,43.349,79.302,-62.07,34.651,-20.921,54.819,-111.38,23.613,29.627,-7.3087,40.25,19.59,23.145,-20.839,10.867,41.467,81.017,31.383,64.98,8.7865,-28.118,20.583,6.9544,5.9559,-7.0682,-4.0754,-48.851,-26.044,-35.035,-19.916,60.207,-5.4104,-1
-130.64,2924.8,-771.98,47.09,-146.08,313.36,-250.44,142.95,-158.92,-415.53,-513.11,-232.69,88.751,39.521,353.04,194.61,-35.146,-14.687,43.838,3.3679,11.224,162.13,48.624,57.196,-0.83157,-102.57,-70.913,39.786,-6.2764,48.945,-62.348,25.318,69.023,15.866,-88.992,13.963,23.629,12.936,-35.039,-54.948,-1.2644,-8.4023,42.02,-37.939,-9.5381,-48.679,24.689,-15.349,12.395,-33.677,-1
577.86,3910.2,-927.74,488.63,-43.236,-161.2,-455.17,199.54,-156.46,376.37,-48.993,-154.56,120.63,54.151,-286.67,-144.49,74.61,258.69,119.31,65.852,-122.08,-179.31,72.093,-214.05,-114.19,-32.297,148.32,-110.25,-62.656,37.923,128.58,-97.79,33.23,49.676,28.854,-88.942,28.024,6.611,-90.827,48.888,13.214,11.463,6.1658,8.5403,-68.302,-6.7247,22.531,-47.321,-2.0958,-34.663,-1
490.63,5613.2,-1093,-15.644,-79.624,72.487,-876.3,-128.46,-257.27,66.07,-91.849,-35.092,-214.77,126.73,514.38,226.2,-82.303,-162.15,153.63,28.574,-29.9,-3.53,-36.268,-56.265,89.874,-13.564,141.35,-7.3652,-30.03,202.08,-39.121,-18.936,-44.602,-73.02,-60.396,46.913,-67.269,54.56,-48.189,-69.576,100.73,-6.3368,-0.34081,-74.432,-71.924,-20.271,-8.0771,-32.999,-9.4335,-10.9,-1
694.47,3718.2,-992.51,173.65,-262.88,404.66,-599.06,428.07,-140.62,-243.21,-161.48,34.396,105.56,-189.85,-249.54,-49.727,-3.4004,163.41,27.805,18.91,139.98,168.6,-7.7185,63.431,42.592,-128.01,91.772,74.453,-14.834,-20.237,-72.413,21.611,68.205,20.578,-29.299,-8.3731,82.016,61.813,25.657,-18.636,-1.2289,14.672,33.546,13.67,-27.865,-22.453,-14.354,-2.4052,15.625,5.2194,-1
388.26,4324.5,-1165.8,324.42,-108.46,17.833,-770.1,-183.73,-129.93,-151,-325.65,-300.08,90.578,-34.692,-179.59,-32.671,-27.51,77.913,101.13,165.61,69.943,-165.77,-59.225,-24.003,95.564,32.052,4.2157,125.86,28.361,-1.3753,21.852,31.833,-81.177,17.257,6.7327,-12.953,-5.914,-0.53645,14.082,18.704,48.079,34.839,28.658,-50.576,-36.678,-40.144,26.105,-0.55497,-66.83,-9.2073,-1
327.51,3776.4,-1011.8,208.5,-1.9411,303.34,66.041,275.5,39.352,-325.4,-125.76,-154.37,-80.955,-127.04,100.84,34.28,43.719,92.373,-65.8,-35.654,-18.598,238.96,119.78,80.688,-46.695,-141.21,12.671,58.345,-13.056,3.4168,-105.35,80.075,75.931,23.643,-14.324,-45.278,18.162,13.626,-32.984,-41.368,10.809,8.9252,-9.0075,-41.78,-13.48,-21.948,14.829,7.1585,-18.158,-11.059,-1
194.64,3812.5,-1109,4.4957,-25.677,35.025,-604.96,108.08,-180,63.572,57.223,-13.168,-39.902,-13.77,-234.37,-40.139,22.916,189.71,17.061,114.84,29.08,-65.422,6.35,-94.133,36.656,-13.819,18.304,73.695,39.557,41.312,8.0171,28.105,3.9607,-7.5222,35.078,-13.06,7.4078,-18.058,-1.491,10.081,-13.98,20.159,-14.434,22.081,39.41,21.279,0.65312,4.0729,20.141,-4.0229,-1
445.54,5893.8,-1421.6,227.52,-236.72,57.918,-205.75,278.92,-6.964,238.74,97.778,139.7,-73.474,13.965,-119.82,121.86,-147.51,101.19,118.17,261.82,202.32,-109.07,-201.66,34.644,148.01,106.21,-46.774,42.708,-9.0301,-60.368,-28.183,28.386,-30.305,-4.3749,-8.2829,9.8937,13.294,7.9691,11.858,-5.1214,16.579,8.4208,-47.284,-58.715,-10.797,-13.702,-4.3764,-10.568,-2.2131,16.189,-1
781.89,5092.2,-1158.5,216.1,-486.94,-128.53,-785.15,283.57,-178.24,310.8,-59.511,57.951,-85.758,-119.51,267.27,-53.335,97.256,-180.93,15.019,207.11,46.196,-120.34,-101.59,59.793,4.4461,123.3,-100.25,58.896,-126.13,-86.469,0.50286,-18.245,-27.444,28.17,57.182,9.3993,-21.08,3.1982,42.018,27.062,13.733,-4.5089,-40.739,-14.288,-23.295,-48.707,-24.716,45.731,14.706,2.287,-1
445.83,3595.1,-1018.8,209.73,-540.13,-149.08,-830.13,266.01,-161.14,117.71,17.795,290.11,74.641,-153.62,-428.98,-0.36643,-63.055,161.11,58.698,201.41,-75.561,-98.217,30.141,8.3686,3.8976,68.546,-76.772,53.717,-88.581,-110.57,65.357,-3.2024,10.011,18.039,37.37,-4.0604,-46.844,-25.298,20.467,1.6167,-11.922,-24.19,-25.286,-19.495,9.8779,-38.35,-38.313,14.64,-19.687,-17.474,-1
-52.448,2091.5,-642.01,248.1,-300.55,-27.337,-391.8,15.944,-28.685,147.1,48.082,117.33,-56.218,-201.25,-219.05,-80.134,36.453,104.8,33.537,198.7,22.295,-104.4,-42.774,-40.37,13.171,68.535,-60.915,72.562,-43.311,-25.744,33.507,15.808,14.88,23.356,14.089,14.129,-2.4655,-16.806,28.336,1.9747,-14.14,6.6946,-10.036,-3.7686,-13.386,-0.44149,-16.104,2.9721,0.31105,-24.961,-1
-1489.3,-1403.2,-544.64,-51.656,-348.92,-105.87,-205.85,-23.645,-60.556,-111.31,21.714,-39.163,-123.58,-61.143,-49.59,-6.2919,-107.36,-77.06,42.012,-67.082,-16.171,4.2586,20.398,-113.56,-11.633,-78.433,-14.377,-9.6452,-19.852,-19.263,19.518,-15.452,-41.425,-27.996,11.57,-0.44963,8.891,-28.921,11.009,-16.168,-6.5312,-9.0971,-14.888,10.196,0.034271,-9.6518,-15.463,-1.095,9.1633,-1.0345,-1
467.19,-368.63,540.6,300.49,194.06,-515.41,74.388,-3.1731,-63.857,-107.76,83.293,-18.954,105.2,102.14,-100.77,-90.226,33.649,81.085,-235.87,-219.19,95.239,45.771,8.6203,-29.605,-158.19,26.61,-2.5634,-171.67,40.572,-1.9622,-71.688,31.421,80.901,-84.284,68.584,39.372,82.973,11.614,33.563,15.214,19.667,-23.355,19.212,-33.064,-21.144,27.349,34.901,-30.462,11.347,9.7752,-1
707.04,-469.27,440.73,170.89,93.466,-169.52,214.85,5.6524,-278.4,18.191,-159.55,143.04,-23.93,-71.66,-4.5625,103.14,17.849,-111.88,-150.05,37.662,213.69,67.993,10.522,-23.083,156.9,-3.4204,-22.327,32.35,-23.518,83.6,-10.858,-18.964,46.011,-64.594,33.436,-19.533,41.308,-28.623,29.581,-0.22227,-18.546,-6.6478,-19.162,-1.9324,18.841,-11.064,63.783,-31.291,42.109,26.765,-1
1667.2,1.9867,396.56,428.63,238.3,-586.16,387.59,-183.11,-389.34,151.02,-85.383,17.348,10.737,-87.121,-23.395,-263.27,-210.12,28.537,-23.379,50.44,105.62,19.677,-4.558,25.915,-11.407,24.286,-50.336,66.524,-110.2,93.244,24.994,-15.294,52.75,-5.3514,-31.924,46.651,25.194,-28.948,-11.428,-23.69,-10.077,2.6174,-6.7349,52.594,-39.611,19.781,-43.928,-26.071,-24.824,9.3713,-1
1995.4,77.855,700.17,315.98,251.02,-263.4,-465.43,8.4504,-52.871,104.65,-244.76,229.96,-41.845,-31.018,-25.263,-114.94,-133.69,25.599,-130.61,-48.029,160.2,-86.621,32.664,-26.258,40.507,20.37,-58.273,-76.88,-36,117.75,26.239,-2.4785,53.919,-42.895,23.465,76.772,16.848,-33.943,-3.1871,17.361,-24.645,-28.656,28.74,28.605,-25.548,-25.827,-42.917,-0.3996,-28.96,12.635,-1
3602.3,880.94,266.67,-45.722,-4.9681,-238.06,-298.39,193.87,62.428,171.07,-423.18,289.52,110.79,-166.43,-61.184,199.43,14.294,-120.11,-43.984,-18.297,190.15,-19.815,49.694,-44.499,175.7,-106.74,9.3811,-36.944,-19.442,108.57,32.802,-62.603,43.692,16.958,-23.462,-63.514,26.328,-56.195,2.0928,60.438,24.971,-53.741,115.75,18.042,0.88902,-23.029,-54.678,-12.54,-26.288,10.117,-1
1809.8,198.05,469.27,157.03,35.968,-386.36,-274.14,278.1,225.27,256.73,-325.28,453.59,-56.381,85.723,-52.298,132.07,23.229,-60.979,-88.496,-104.04,102.75,-2.5563,17.3,-70.6,25.219,-60.229,-14.533,-5.6142,0.91161,15.652,85.137,7.1356,42.677,-3.6514,-35.75,-20.125,25.206,-33.483,0.55776,10.762,0.0055676,2.3757,63.356,76.812,-1.5574,-42.911,-0.0021445,-40.346,-38.529,29.409,-1
2441.7,281.83,661.31,-274.52,121.95,-666.49,408.07,0.60644,-183.23,117.38,23.756,-102.53,9.4337,-61.136,-30.162,-15.666,-85.748,-33.067,44.833,-7.182,142.63,-68.665,3.9321,-56.211,-8.9013,69.712,-19.453,-24.089,105.6,-117.73,98.427,31.711,31.92,-6.662,38.055,38.319,-20.254,-45.388,-26.57,8.6239,-0.6442,-30.995,30.085,33.504,-56.064,9.4559,-13.988,-36.839,-10.46,14.297,-1
217.34,-476.95,696.68,568.57,168.97,-109.37,62.256,142.04,168.64,363.76,4.9952,-30.958,-71.47,-17.683,-86.733,66.835,-49.442,-19.354,21.018,1.2147,97.641,-31.446,61.175,29.213,-202.99,-25.321,1.5427,146.82,18.49,65.866,111.71,-1.275,10.901,-18.791,25.168,15.273,-24.701,30.16,13.816,-17.874,6.2149,15.64,-20.269,-46.097,53.222,-35.75,-31.422,-16.99,15.777,11.66,-1
2133.9,257.18,753.13,64.056,83.246,7.7802,261.11,47.51,-80.294,327.55,-120.74,43.007,-116.27,-253.06,-4.7878,192.42,-21.632,-41.173,63.019,-1.8541,126.12,142.06,-48.616,20.138,41.405,-130.89,1.908,28.409,-79.808,174.09,-109.93,-61.948,-56.601,-61.485,-92.233,61.095,14.141,5.3414,23.384,42.35,-7.5929,-56.748,19.618,-7.1672,40.936,-12.308,-13.568,4.6294,-8.9619,-8.1799,-1
1322.1,-114.92,1109.7,-129.26,244.41,-502.98,191.13,333.47,-54.486,257.48,-8.6214,100.23,-48.68,-22.38,-72.366,204.39,56.931,-97.9,-27.318,-165.39,82.877,156.2,-31.87,-67.532,30.127,-12.415,-25.914,-67.77,-3.2408,111.83,-29.689,-73.595,-89.192,-24.325,-100.15,109.73,-28.723,11.742,23.047,-8.196,-1.8491,-57.065,10.065,-2.3405,5.7465,28.177,25.915,22.853,21.972,-10.3,-1
2115.4,224.88,909.65,95.892,237.31,-323.03,-44.766,185.31,316.43,366.55,-67.777,205.29,-79.863,-21.698,-10.239,-49.358,-83.623,135.13,-21.66,-127.65,109.95,99.339,-29.049,-128.76,-152.49,-3.3714,8.367,48.632,89.523,-10.877,165.26,22.971,135.54,29.272,-26.265,-76.806,17.713,-64.817,3.3354,62.586,7.0844,-27.47,10.92,52.692,-10.004,-44.539,-4.2433,-10.642,18.08,18.177,-1
-1625.2,51.336,-446.74,-108.13,450.31,-182.46,83.494,7.1123,53.516,3.947,59.243,-26.852,-22.672,-126.6,13.851,-114.52,-57.538,-138.43,6.4831,20.163,7.3336,-63.938,-40.339,-13.37,-2.7216,-5.8893,1.9899,0.046482,2.6136,-32.489,10.452,-22.091,-0.83784,10.835,-2.5832,-7.5104,-1.2293,10.758,3.1351,-5.1056,-3.1569,-8.5072,0.23353,2.9858,-1.1328,1.2446,4.3147,-0.49682,11.807,-2.8782,-1
-83.053,596.93,-253.31,-192.42,-118.01,-21.143,-66.904,-72.214,102.05,6.1884,-291.14,72.275,-73.834,61.595,94.261,122.6,184.73,38.433,147.05,-33.104,-77.14,-35.465,38.754,-71.468,-11.918,-4.2895,-6.0335,-65.839,-79.926,-7.7295,40.653,-23.996,-4.4582,20.407,29.698,27.401,61.683,43.449,31.42,183.39,36.988,39.664,1.52,46.84,-14.063,-13.859,-2.5391,-31.444,27.112,13.96,-1
172.1,212.96,148.56,-114.17,-349.05,-69.962,74.817,-101.43,-109.92,-233.97,-221.33,172.57,-253.75,181.9,-75.673,98.349,134.8,-41.365,94.2,96.934,-13.21,92.758,-69.974,-44.918,-2.263,38.698,-7.0932,67.906,55.96,-67.991,-37.843,-91.038,-80.423,54.985,79.447,85.836,17.566,-47.435,-41.309,-53.035,-43.736,-8.6139,-42.846,-5.2496,-21.238,-23.864,-37.902,14.8,9.8643,-74.694,-1
4392.9,936,234.5,451.42,-93.26,25.365,-249.14,566.5,-230.03,-179.63,-14.654,-297.62,-385.16,105.72,-36.182,97.448,-2.0892,92.121,45.306,472.33,-162.54,101.57,-174.91,-105.27,-62.354,204.82,63.813,-258.21,128.93,76.381,46.539,-199.81,-17.162,-69.202,73.515,38.212,-67.822,-147.26,85.773,127.63,25.885,-144.86,-31.366,-63.009,106.16,-64.876,-21.01,69.05,36.158,-123.55,-1
1794.1,-219.3,-209.83,133.12,54.796,-197.05,-45.928,-232.92,264.25,-259.91,-323.8,-101.01,-35.169,5.1766,178.3,183.27,165.83,112.7,199.12,199.17,-110.84,0.92617,-93.465,-122.65,-70.429,-17.089,-33.995,-25.7,74.933,-57.982,-10.893,-99.18,-31.313,101.39,39.835,12.343,-1.0241,-61.448,-49.78,-28.909,-22.93,-16.445,38.608,71.808,97.576,-74.254,-140.84,97.576,38.852,-16.688,-1
980.76,-634.06,144.32,-71.148,-284.94,-1.5722,-282.73,-206.7,612.44,-110.12,-11.233,43.097,-236.89,50.306,147.53,335.99,96.137,-62.155,357.34,-0.91129,-18.159,46.066,-163.13,44.036,10.564,-89.297,87.666,-53.952,100.98,44.073,-27.989,47.91,-70.735,7.7799,27.471,-29.283,-2.2228,-93.083,58.036,5.0719,-112.69,-99.826,-51.94,35.719,105.29,-90.365,-79.785,19.589,-48.562,-39.192,-1
535.44,-918.6,-3.0751,29.662,-394.67,-150.34,-130.27,-284.87,570.94,-178.32,190.05,-17.704,-38.576,66.969,18.359,206.47,50.826,137.79,185.54,157.87,-16.287,-50.712,-0.43885,52.163,-205.91,47.873,47.701,-11.049,104.03,-51.419,80.381,-9.0725,-27.253,-30.498,-2.9205,-24.539,-9.7921,-13.439,40.471,-17.489,24.141,-92.019,-45.181,-73.269,67.454,53.948,9.5234,23.827,-50.851,-34.233,-1
-1164.2,-190.69,-30.66,136.51,92.042,208.26,-188.69,-38.667,129.79,-95.956,-71.542,19.64,46.251,13.898,-7.0497,76.498,-38.093,119.33,88.006,81.2,23.178,49.258,-26.631,26.516,-26.832,153.16,-92.381,-32.777,85.29,-44.525,26.391,19.195,-37.452,65.364,-52.23,36.037,10.548,-50.969,5.2964,-46.502,-14.966,-27.688,38.092,-21.896,3.1593,4.945,63.114,13.96,3.332,-2.7677,-1
971.47,-475.43,198.14,-199.56,-346.12,-43.239,-81.353,184.1,-468.65,-181.09,-246.19,-18.006,-247.77,105.94,-139.07,-39.863,199.6,-108.17,304.97,34.305,-64.09,-34.068,-106.78,-27.897,-5.7692,-12.369,-168.09,-131.72,36.623,-6.5952,141.1,21.579,32.775,-34.831,38.022,-5.4981,-4.0994,42.936,-82.128,33.791,-50.259,1.3699,-19.985,-44.004,99.727,10.59,-50.7,8.0411,-56.846,76.854,-1
237.54,-749.21,-148.49,239.89,-404.42,57.439,-47.175,-76.531,265.25,-102.19,-126.91,-45.674,-266.49,122.55,-152.83,138.34,-64.509,-54.763,-27.541,29.737,-23.096,-46.694,-92.045,-36.503,-23.91,-64.835,20.478,-37.992,49.484,-2.0804,72.301,-101.08,-24.496,43.109,23.827,33.834,-36.275,-28.906,0.23425,-56.016,19.073,3.4937,-71.941,-62.529,-31.197,113.67,-13.663,-40.326,-99.172,79.489,-1
-444,-380.72,-250.58,300.28,-49.537,-178.25,-198.82,-34.677,67.025,-138.39,-28.565,15.017,-113.56,92.286,-174.29,13.8,43.025,36.668,149.95,102.59,19.042,2.3214,-59.702,-11.655,-145.68,-66.645,-37.211,-57.501,80.334,-67.162,-25.007,-58.755,-56.148,12.394,-15.079,-4.3807,-58.351,-69.604,57.814,-68.762,18.584,-27.537,11.251,54.186,-31.659,-25.754,34.534,-15.462,-6.3082,66.07,-1
462.51,-750.07,-295.8,126.61,-179.43,-35.057,-159.76,-80.234,119.92,-396.47,53.084,209.25,-229.3,251.5,-383.77,-218.2,86.769,-108.21,-9.5919,124.63,66.958,-16.66,-78.407,-149.75,-51.233,-21.899,-13.681,-22.599,72.653,-46.652,13.196,-47.696,-131.19,101.19,1.0174,-21.968,-56.066,-31.722,10.186,-53.936,31.362,-0.94793,-65.372,8.2353,-46.855,96.158,-59.887,9.6519,-61.88,8.144,-1
-11.613,-303.73,-128.23,181.75,-270.69,-27.64,9.8543,18.953,-88.759,-108.67,-82.735,-94.98,-66.14,46.447,34.783,182.5,15.73,23.213,185.5,-7.9647,-13.388,-86.719,0.50607,-66.536,-33.383,-47.117,-67.118,-29.597,87.931,-39.417,89.579,-61.563,20.558,25.848,47.342,-37.888,5.8294,-16.314,14.172,-63.037,1.226,12.927,11.126,-66.82,66.786,40.075,-23.733,-7.9357,-2.0145,52.816,-1
-601.11,119.35,-176.84,189.09,-90.601,48.523,-171.23,21.711,54.447,-139.18,-70.992,113.76,-189.5,63.698,52.489,77.05,55.316,-85.422,-40.26,-143.68,8.6183,47.47,85.738,7.3231,-13.922,11.678,58.663,-4.5882,-25.19,-35.17,30.553,39.566,25.41,23.41,-12.986,-22.857,-21.67,27.902,-7.0794,23.309,-23.382,61.014,-46.614,-32.796,-20.768,-28.296,17.648,-0.065526,-27.539,62.672,-1
-784.79,-970.77,-406.24,-61.44,237.45,-138.72,61.147,-159.31,-192.56,-228.02,164.91,30.324,32.857,3.8879,-118.93,-73.15,-13.036,-124.08,18.998,18.761,-19.683,8.6202,14.604,-5.8328,13.991,-22.289,12.579,-21.739,25.152,-36.47,-20.238,-3.6209,11.178,1.6831,-3.9287,-20.562,-6.7893,-8.2403,-8.6993,18.043,11.352,0.10388,7.5355,-27.798,-10.292,-4.5213,-15.067,-3.8249,11.399,-6.3076,-1
879.3,-58.61,-159.43,-23.173,-378.52,27.071,99.224,-161.32,-88.715,-0.64172,5.5814,165.13,40.967,84.615,1.8682,-31.466,-28.663,9.1925,-34.393,47.214,-7.9737,-88.735,44.427,-47.528,-60.418,78.023,37.797,86.554,30.718,56.783,-117.37,-34.71,-27.684,-7.2511,31.618,26.374,-87.484,28.207,5.2452,-73.45,-42.261,-102.47,-22.294,31.364,49.416,22.012,-15.223,-49.424,-1.7795,-13.517,-1
2102.6,255.55,452.07,842.32,-1384.9,292.37,248.29,87.518,-188.99,31.394,115.83,-7.879,-64.075,-15.759,-220.97,83.34,-71.845,-47.515,-92.11,-104.61,41.548,-149.46,17.758,14.881,47.796,12.983,-28.538,-11.698,0.94711,-62.515,-17.609,17.761,47.757,-113.67,-48.747,32.209,-163.28,76.387,-158.9,-19.46,121.01,10.776,-66.915,-26,2.9173,37.433,-25.29,73.267,-30.469,-41.49,-1
4067.8,1154,236.2,988.03,-1245.1,466.19,496.09,-454.83,-214.68,-162.79,21.051,-240.04,12.041,-89.897,-523.46,239.17,174.43,169.28,-131.79,10.636,-190.53,-77.207,53.081,20.266,-105.54,-13.109,51.323,23.722,71.628,-35.085,57.457,22.059,-34.052,15.867,-28.194,-43.732,38.836,44.721,-8.8844,8.9938,-0.19562,-55.142,-9.8827,-28.616,30.781,65.981,7.8137,-0.85043,-8.1719,-27.511,-1
3132,587.35,142.95,613.74,-1501.4,377.4,257.46,-484.1,219.05,76.724,124.63,803.66,-85.171,-281.48,-179.42,-126.12,51.636,-23.551,45.469,90.093,-122.54,-1.7172,64.802,-37.881,-132.88,-7.894,117.91,113.22,55.12,-63.858,-128.06,-44.553,12.015,22.973,-45.501,-58.769,70.417,9.158,61.964,-7.7791,-17.14,5.9498,-11.714,-4.8964,68.62,39.304,-19.417,-23.593,-29.936,-24.503,-1
2096.9,216.56,122.94,259.24,-1294.2,235.68,214.9,-442.46,220.82,-18.042,31.358,4.7349,49.654,-151.71,-139.7,3.76,-20.369,-84.563,2.5177,-1.9993,-12.492,-4.488,74.191,-8.9085,-43.05,5.9701,115.93,89.806,88.371,2.2473,-68.674,-88.782,25.878,98.31,51.853,-33.002,60.129,79.236,84.307,-48.536,-57.338,-113.67,-82.962,-38.189,75.359,34.984,-25.055,-19.997,6.103,-49.187,-1
63.516,-484.11,-13.619,75.679,-401.53,-30.213,55.083,-135.8,80.685,-48.488,-101.54,-13.467,2.9669,3.0247,27.438,-70.036,-36.001,-91.366,-28.484,-110.16,23.191,20.835,43.037,-23.428,-24.371,7.5827,-30.809,0.84425,-29.985,53.387,28.365,-12.066,39.052,12.503,-14.227,26.439,14.886,10.16,76.97,-29.141,-22.785,20.781,-38.185,-10.339,-2.3098,-5.0184,-36.452,-2.9637,-17.367,-24.489,-1
91.755,-420.43,-18.194,-103.77,-134.33,-100.06,39.407,-133.53,51.341,26.473,-97.62,59.513,-38.43,0.27514,65.765,-128.12,-88.947,-52.05,-18.627,-46.386,77.841,-17.632,113.5,-46.057,-39.235,-1.7187,15.396,-16.635,37.225,56.773,-33.945,-60.623,-37.145,-26.425,35.743,4.0776,2.0835,-24.809,49.273,13.273,-38.302,-49.663,24.438,60.667,20.511,19.836,8.1346,-24.098,-21.514,-4.0571,-1
1710.4,159.02,58.043,106.65,-783.2,189.6,10.514,-550.52,448.3,205.19,-69.004,240.1,-155.45,-288.42,-186.46,36.649,26.424,-33.175,72.156,149.85,54.599,8.1312,-58.646,-113.84,-111.82,13.182,68.73,87.061,14.621,-32.232,-43.603,-49.319,68.958,58.519,-22.239,-30.193,56.409,41.283,-1.0233,6.0752,-6.3009,-6.0158,-54.013,-40.28,38.332,-35.621,10.7,5.2992,16.038,-13.556,-1
1197.9,129.79,-47.736,53.908,-532.93,-17.347,-105.42,-11.362,197.69,220.12,-46.675,315.19,-25.986,40.193,134.49,-286.71,-77.272,-65.973,-44.473,-49.929,-61.17,29.426,-114.32,56.207,-57.126,58.685,-31.839,67.331,-48.847,-8.0884,-50.867,87.545,85.106,78.647,-35.334,2.7727,-3.0262,4.577,-4.0952,7.5362,-4.6207,3.5722,19.727,-24.33,11.557,68.82,14.218,-7.7268,5.295,6.272,-1
1320.6,51.503,-61.614,8.4898,-741.34,38.332,118.67,-364.89,201.03,66.687,-85.988,-442.29,43.383,51.164,-226.5,74.48,3.3043,62.443,7.1932,-95.31,-23.134,39.779,-75.965,-97.063,-23.693,-32.884,-39.99,14.7,3.5747,-16.684,-13.74,58.505,29.712,96.681,-0.45273,13.739,-29.468,18.528,14.096,-40.024,6.437,-43.648,19.09,16.976,-0.35744,-27.439,-29.515,7.6018,-15.135,-8.6701,-1
1216.2,124.12,83.034,278.11,-693.33,87.725,32.403,-89.843,80.924,-83.276,-61.17,-170.74,117.64,86.839,97.949,-23.205,-11.181,-127.58,-27.968,-19.235,-0.491,-5.2271,-20.042,-26.864,-49.218,-1.5996,-23.648,-11.266,3.3298,-2.5929,3.5831,-36.038,70.769,20.471,-15.549,27.272,35.319,36.401,26.781,8.0947,-34.143,35.876,41.305,-19.101,44.921,-10.129,12.099,-4.1972,-18.373,-10.977,-1
280.58,-250.55,37.813,291.31,-204.25,-102.42,138.58,-434.56,237.43,63.846,-208.08,-65.967,138.42,108.68,245.75,-192.31,-150.91,-95.172,-48.374,18.262,-34.211,-55.707,-63.25,75.315,-36.168,33.453,-8.1157,51.298,22.519,83.791,-93.358,41.694,32.35,22.502,8.6614,-29.451,-9.2856,-21.756,7.1868,-4.3122,-44.518,-1.0566,2.2986,-3.7091,12.254,8.9693,27.376,2.7278,-2.9054,14.71,-1
331.99,-508.24,-106.55,-148.14,155.86,183.87,-47.315,-51.424,214.31,28.352,-88.135,-283.54,-41.683,17.279,-0.42574,26.411,42.894,33.738,32.472,14.242,38.472,-30.151,-19.952,69.112,17.642,24.885,-10.604,-16.287,31.579,-41.788,63.356,-63.664,-72.15,-35.459,-72.141,-26.384,-4.1975,-22.176,19.083,-32.195,-37.075,9.3711,-22.077,34.556,32.04,-29.463,-35.956,-25.426,16.687,24.247,-1
583.67,-404.32,-104.38,-308.84,261.17,296.97,-220.94,57.3,238.2,43.046,-200.45,66.213,-38.035,-125.2,-3.4278,29.034,11.029,-19.144,57.715,7.7223,10.909,35.8,-7.3157,3.2248,-50.964,14.923,90.381,24.403,24.882,-59.078,-36.2,-48.575,56.603,110.92,110.8,-49.548,66.094,-0.43133,31.695,-35.326,-46.538,-8.6827,-18.523,60.506,7.6358,34.896,8.4697,30.21,13.65,34.89,-1
621.93,-462.02,-44.022,-292.28,118.45,389.99,-6.2025,139.78,167.12,-37.885,-105.18,-360.86,-59.119,42.449,-80.785,39.9,-203.06,-41.507,-10.201,-13.355,-47.61,-21.671,132.8,-39.56,88.181,-15.958,13,-66.794,-13.421,-39.71,17.491,-26.972,37.908,51.326,22.995,-14.148,17.633,-20.743,-5.6778,-7.4817,-20.561,9.7728,38.221,16.078,-20.08,35.344,52.364,-18.954,32.506,-10.074,-1
1285.3,-378.58,-334.38,-74.984,256.93,210.13,-106.43,-304.29,344.58,87.932,-284.11,-240.45,-121.77,-2.1634,-146.02,10.923,-224.31,-127.2,-49.586,-54.566,-0.95477,40.097,68.13,-15.022,134.56,2.4405,29.208,-7.2136,-12.264,-32.386,-14.96,-8.0509,15.914,57.939,48.102,-54.44,-3.9784,-15.599,0.64852,0.1658,-6.0244,4.8674,-16.642,-11.643,-31.843,53.364,-23.229,0.31431,16.536,-31.599,-1
654.68,-325.1,-33.861,-173.27,-7.2343,404.67,92.714,86.717,112.72,-89.495,-82.974,13.016,10.85,-98.745,-9.3245,22.412,105.97,-3.2547,70.409,39.692,-23.311,-10.625,15.824,-12.536,16.299,-36.97,7.3891,-55.517,-22.028,13.213,12.631,-49.424,25.948,68.662,28.058,8.0961,-3.8742,54.418,-37.484,-3.8738,9.7865,-23.787,5.4182,29.057,-0.45292,46.025,6.2163,-26.661,-34.399,-19.809,-1
185.44,-464.36,-292.29,-272.58,-81.398,361.12,-43.115,177.98,34.797,-11.618,20.939,50.697,7.4159,-73.267,-79.118,1.1281,1.3071,-72.957,-32.705,-27.473,-21.944,36.437,-1.7589,-110.81,-18.289,-38.761,-25.773,71.878,-13.736,9.6519,-24.298,-31.99,-5.3233,-43.53,-33.657,34.582,-39.445,37.144,-36.582,58.414,31.715,-35.556,19.507,16.149,-11.084,-20.504,-19.236,-7.1797,11.082,18.686,-1
677.12,-528.9,-177.47,-326.54,188.41,264.41,-147.39,25.096,210.28,-4.4078,-140.2,-41.692,-6.7123,-55.02,149.44,24.198,267.82,107.11,117.17,48.794,28.598,-63.03,-20.58,76.546,-8.3057,42.772,17.5,-21.144,-17.747,-17.396,22.017,-25.436,34.347,37.925,13.28,-36.909,7.0112,27.149,-8.101,-16.178,1.4014,-7.6969,-26.124,18.686,-3.6077,24.395,24.122,-1.7138,-13.887,12.877,-1
902.64,-408.09,-357.77,-160.95,154.85,354.3,-196.14,-126.85,285.3,35.038,-191.94,9.1379,-94.175,-29.407,-98.442,-12.229,-139.48,-58.553,-75.26,-21.932,-45.275,18.572,55.835,-8.2444,18.557,3.8544,67.744,-9.4515,52.167,-19.143,-33.7,-47.264,13.068,49.738,37.281,-27.644,50.596,32.017,39.411,6.3794,-40.429,-2.5204,-13.778,21.916,-6.1421,6.4807,79.459,10.98,13.757,-14.938,-1
937.34,-435.81,-216.04,-312.26,111.24,617.29,-71.405,275.43,181.77,-82.519,-138.06,-132.26,-22.224,-43.846,97.894,-31.134,232.32,119.67,109.21,21.865,-22.28,-89.207,8.9249,53.956,7.8079,32.014,61.251,-32.589,47.226,-39.378,24.264,-25.666,61.04,116.66,104.11,-11.028,50.182,-14.764,35.724,-6.2431,-19.289,-5.0318,-34.732,22.436,9.0303,32.182,-52.134,3.2699,24.665,-6.556,-1
1539.5,-357.84,-449.67,-278.12,139.82,590.94,-159.55,145.96,300.74,47.864,-269.14,-113.68,-113.5,33.363,-122.46,-6.3755,-254.41,-126.41,-138.66,25.619,-56.05,63.854,-17.681,-33.132,-18.568,-10.393,-48.112,54.562,15.895,39.578,11.767,-80.865,-45.118,-111.94,-58.73,-4.9995,8.3351,25.554,-23.9,20.035,-3.888,5.4353,36.572,-40.818,-16.836,-37.988,17.056,46.778,-0.34525,-2.5311,-1
-108,-556.05,-143.61,-271.34,114.17,259.54,-111.61,78.227,58.951,-57.38,-56.002,60.085,6.5106,-43.051,41.358,1.915,188.55,15.363,37.623,25.569,-24.284,-34.665,34.559,14.507,2.0428,17.604,10.426,-35.455,-29.967,32.255,14.641,-30.378,20.759,33.447,2.1868,-13.084,4.0203,33.253,-7.2878,-27.283,-4.9992,11.441,9.3502,22.376,13.669,6.6151,15.291,10.165,1.1401,-16.1,-1
683.97,-361.1,-370.42,-87.329,31.864,313.98,-200.59,154.44,192.95,68.536,-147.19,-256.93,-129.03,-10.539,-98.249,-36.414,-90.581,-67.909,-92.646,8.5696,-35.857,52.612,24.59,-70.575,25.933,34.121,-31.606,22.974,4.1653,-35.198,-29.384,-50.243,-12.622,-37.004,-74.235,101.51,-34.405,52.716,-74.222,-63.913,-55.977,-58.723,-22.031,-51.099,-5.3411,6.9527,-14.464,-10.728,-4.2967,-0.40767,-1
559.01,-434.6,-317.64,-222.57,227.44,188.72,-298.24,-54.503,457.4,44.823,-267.87,122.49,-129.93,-108.44,10.331,-19.963,19.076,-55.642,4.216,45.834,-10.747,28.115,67.293,-31.55,23.921,14.932,35.473,-2.9911,5.0293,24.347,-32.356,-40.389,17.764,-69.648,-109.63,39.878,-16.927,22.202,-58.037,-18.268,29.27,-26.193,-8.8072,-29.37,-46.437,8.8722,-52.043,6.9154,18.426,27.517,-1
619.79,-419.31,119.08,335.47,272.82,400.71,359.61,-361.38,-367.94,-89.889,-4.0414,-135.35,-146.97,-141.33,22.329,12.767,31.254,-20.28,-156.39,47.491,2.1031,-100.69,-70.592,67.19,-82.239,9.318,-54.789,-7.7919,-32.842,1.3324,72.747,-4.7351,106.92,-2.7693,38.575,29.144,30.201,-23.326,26.64,-2.1108,56.125,22.368,-42.757,28.708,-15.683,-18.419,-0.46524,-13.858,5.8412,-33.017,1
1193,367.41,15.436,501.42,222.61,446.02,346.97,-256.51,-188.81,260.73,52.247,-316.16,221.52,-46.796,-190.51,104.58,83.426,230.34,-205.39,31.468,45.784,-115.7,24.667,2.9264,107.58,-36.755,73.006,-104.22,-68.228,-23.261,30.898,-9.3997,4.1136,-113.47,-21.895,-102.07,13.066,-45.265,1.8536,36.904,-66.053,64.196,-47.545,47.673,-72.976,-18.878,-18.479,-1.0305,52.114,-11.908,1
708.32,560.04,-75.916,119.83,271.12,366.84,363.52,-319.35,3.3804,397.54,52.518,-249.11,-86.491,23.322,-59.485,22.133,18.879,-68.685,-235.84,-46.291,-22.625,-141.09,16.882,19.181,-61.401,-7.6536,-103.38,-102.09,-60.412,-94.034,37.37,-111.23,79.9,-7.5631,86.393,30.416,2.6075,1.2841,-12.471,-79.186,-33.571,-17.147,12.56,29.339,-22.706,10.933,-37.516,26.726,46.727,-45.533,1
176.26,-395.34,-95.943,193.88,-11.895,539.35,300.03,-582.11,-111.42,112,73.655,-151.8,-44.238,-22.361,-52.933,136.36,187.75,20.289,-216.72,42.466,48.342,-95.797,-10.081,106.38,-125.05,-115.09,-109.51,-87.194,-45.447,-43.71,98.434,-40.804,61.788,-138.81,-35.997,-38.032,48.738,-22.491,40.5,56.227,-40.586,32.693,-32.983,-27.593,17.803,-9.7595,-10.971,9.4576,-24.258,28.305,1
1314.6,-89.7,-163.86,82.944,176.15,484.34,563.83,-383.12,-132.25,595.54,-64.356,-167.9,-278.57,258.99,80.95,38.75,-114.77,-168.1,-127,-147.76,-68.044,-245.29,-42.909,87.493,-34.749,-75.573,-95.907,-124.7,-45.444,-117.33,38.713,-62.907,3.559,-13.27,3.9642,-4.8587,54.933,10.633,-26.738,-133.02,49.7,-61.05,-15.219,35.37,37.673,5.6482,-1.1132,29.735,24.049,-54.631,1
-223.75,-439.54,58.321,38.445,229.01,602.48,141.96,-282.61,64.146,324.86,-117.19,176.03,-59.824,70.332,135.8,48.865,-173.4,-12.035,145.62,-19.558,12.761,54.159,159.27,3.1897,118.38,-10.679,24.353,-138.87,30.236,-43.423,49.904,-180.97,-101.7,-42.033,65.953,43.412,4.373,-92.923,64.423,-55.328,4.878,34.058,-15.817,-7.5581,-64.298,-52.807,10.101,-22.713,-52.596,-8.5279,1
854.96,465.4,7.5011,269.95,188.67,339.22,382.43,-211.94,-299.76,20.72,-94.338,-270.25,87.682,-298.24,-189.36,49.132,38.325,-49.015,-116.96,7.3819,28.223,-99.622,29.525,35.35,3.7751,-77.792,-49.59,-82.984,-59.918,-112.79,103,-8.292,49.778,-58.802,-41.313,-56.062,26.64,-6.352,16.288,-111.53,-25.295,-7.7272,-31.639,91.984,-4.0246,-41.127,-10.923,34.606,24.198,-39.666,1
1588.4,-639.95,-218.54,-83.654,617.27,502.83,34.515,-101.79,-19.745,324.08,37.251,221.34,-34.103,-18.909,213.22,-127.64,-193.51,-63.627,265.19,54.687,-46.959,-17.508,111.78,181.08,-203.73,66.708,63.805,28.452,65.581,29.048,151.45,94.297,-71.466,38.479,143.87,65.961,-66.46,55.149,-28.214,81.09,-21.046,-13.69,-20.256,8.7479,165.47,-137.46,-27.288,46.265,63.58,34.448,1
973.3,1185.3,-409.53,231.83,-14.873,97.992,189.02,-433.7,-178.61,-398.69,-176.31,-98.005,-20.33,-158.05,-92.707,-7.9528,-525.63,-278.8,170.19,-155.01,-166.9,-105.97,26.061,-82.72,168.55,60.063,5.9243,127.66,-94.321,30.536,68.551,164.84,-79.923,111.1,-59.783,-28.839,-49.869,-35.576,-58.804,7.0949,63.136,5.7786,-10.74,-21.783,15.2,-2.0995,-22.601,10.367,22.528,-52.839,1
-274.93,-530.69,-38.421,192.94,228.35,440.17,80.886,-292.24,56.328,-158.99,21.343,6.833,-41.465,74.585,102.51,13.474,-225.62,-8.0321,-120.46,-14.607,-76.773,125.42,76.556,-73.982,-1.1786,71.661,42.023,45.629,20.616,65.177,16.182,-165.24,-50.872,-7.76,37.859,2.6514,-123.59,5.6131,156.83,7.6022,39.053,12.24,-7.7603,11.418,-44.052,18.992,9.3214,-36.221,-24.281,-28.183,1
-554.01,-443.54,108.33,152.49,114.19,335.08,178.4,-360.46,96.634,-80.618,-109.73,-14.369,-1.3868,111.5,159.03,54.183,143.16,2.6118,-105.39,6.236,15.877,98.902,132.04,-3.6018,-30.614,34.412,-102.62,-124.65,29.5,60.597,85.091,-108.77,-71.085,-27.051,69.592,-64.978,-2.3443,-23.601,-38.141,16.742,26.719,36.228,-18.028,-16.015,80.951,-60.679,-14.699,13.576,39.793,-8.6856,1
-833.65,-1035.8,-320.72,-157.16,-218.26,-24.644,-327.65,-44.372,-55.681,-157.66,-14.282,-91.992,-88.882,-137.37,-98.935,-66.184,-24.276,-15.651,5.5195,-26.514,-58.126,9.5595,27.521,-7.4816,-34.029,24.055,-7.1622,-3.1199,-16.347,-20.982,4.8502,2.1404,0.43217,12.584,3.0039,-7.807,5.208,-6.097,0.041928,5.7722,13.225,2.696,-5.2068,-10.331,-8.9028,4.4552,6.2529,4.9863,-3.0337,2.0934,-1
2177,259.22,-350.34,86.289,12.827,39.419,-201.9,-101.87,86.495,164.75,-29.301,153.68,124.15,-24.748,35.793,-155.07,33.735,-62.934,-216.13,39.369,-17.165,-67.574,54.857,45.762,8.5284,133.05,128.31,-6.004,59.929,68.959,135.06,32.552,-42.649,-70.766,-61.015,-33.581,11.956,-37.538,-1.6251,-7.1485,45.887,-0.87378,-36.3,-17.578,-2.4082,-8.0473,-24.317,23.511,-36.39,50.595,-1
836.8,-295.24,-11.78,91.189,82.852,-229.37,-180.7,-25.874,27.074,80.908,56.253,16.901,-5.1813,89.056,20.382,30.415,71.88,-35.498,-162.33,74.725,-131.65,-80.685,28.575,75.38,-44.871,-60.708,-0.61774,30.83,93.665,19.315,96.873,-18.328,-17.591,8.5092,-102.12,-50.293,-44.484,-20.652,-1.212,-94.363,29.087,8.3994,-46.256,7.0081,18.415,5.5994,-0.7578,-22.521,-16.73,-0.4333,-1
1237.5,-113.3,-327.35,122.77,-35.441,-235.95,-19.333,-86.423,57.707,157.36,77.256,-13.885,375.14,-91.455,-10.588,-13.685,-36.503,-30.176,-7.0783,91.613,-136.35,-123.72,-97.468,-74.225,34.051,-61.643,-19.754,-4.5,-17.978,-62.411,-76.655,-60.352,39.829,53.957,-13.815,-132.04,-7.1112,130.55,28.434,-32.084,9.3595,95.603,-66.336,6.7652,-25.62,-5.4478,15.736,-69.665,34.143,10.828,-1
1329.1,-67.651,-528.54,172.06,-22.329,-432.41,-51.955,-89.81,64.668,276.63,1.9826,9.1249,-174.74,95.334,114.33,-14.53,-18.426,46.525,-190.7,72.737,-44.863,-16.237,22.253,-17.685,5.0107,110.98,103.62,-29.533,48.844,70.654,114.74,5.139,-14.863,-8.2268,-87.668,-6.6619,-12.886,-71.549,-6.1455,-74.796,11.047,-39.24,-6.5607,-16.023,22.934,-27.247,-15.954,39.311,-36.413,51.197,-1
-833.87,-1035.5,-321.03,-157.52,-217.78,-24.494,-327.65,-44.085,-55.779,-157.76,-14.042,-91.777,-89.227,-137.68,-99.39,-66.416,-24.511,-15.204,5.7483,-26.377,-58.299,9.5685,27.353,-7.6014,-34.588,24.349,-7.0006,-2.9756,-15.922,-20.604,4.5032,2.0713,0.48081,12.078,3.1346,-7.224,5.5385,-5.9664,0.45974,5.8754,12.545,2.7862,-5.5838,-10.121,-8.6334,4.0237,6.5633,5.3643,-2.8145,1.5592,-1
-833.64,-1035.8,-320.71,-157.15,-218.28,-24.65,-327.65,-44.385,-55.677,-157.66,-14.29,-91.999,-88.874,-137.36,-98.919,-66.174,-24.273,-15.669,5.5106,-26.517,-58.117,9.5592,27.526,-7.4792,-34.012,24.043,-7.1679,-3.1261,-16.362,-20.994,4.8646,2.1424,0.42704,12.603,2.9947,-7.8306,5.1883,-6.1018,0.024822,5.7666,13.249,2.6872,-5.1904,-10.344,-8.9081,4.4717,6.2466,4.9704,-3.0405,2.1208,-1
2239.3,257.86,-856.37,392.43,2.6871,-885.38,268.4,-67.142,26.572,160.69,-92.334,-72.616,95.64,-67.636,-5.9289,-58.745,-54.938,16.891,-27.561,51.075,-117.64,97.105,14.402,10.072,-3.1319,-58.126,-163.15,44.507,54.064,49.153,78.157,24.773,-1.5722,-34.133,44.928,57.511,-25.539,5.7146,-10.18,66.621,13.709,-18.626,7.4717,-29.468,-5.059,-19.841,-18.56,49.644,-27.224,33.477,-1
1422.5,-17.043,-417.72,156.34,-81.758,-916.4,501.57,35.005,-40.951,-152.88,-97.988,-65.319,-119.12,94.431,-142.52,143.87,134.68,23.908,42.149,2.894,-74.835,-71.238,-172.42,-148.64,-57.108,77.892,19.601,-117.96,63.745,-24.848,-5.2005,41.327,-8.037,5.969,-49.33,-5.6742,-20.395,-28.888,6.0445,-106.58,-23.933,-9.6037,-82.278,34.086,24.152,-6.3298,11.276,-41.467,27.307,17.148,-1
1569.7,-57.722,-430.57,43.254,-16.488,-512.76,-231.74,-152.38,29.356,731.67,-26.315,-14.522,-63.452,150.01,-161.53,95.082,38.521,-22.472,46.374,-23.218,-87.419,-25.688,-69.456,-25.766,-24.483,-95.413,-127.06,-32.36,79.865,-96.053,-53.704,-30.398,10.927,85.373,14.827,-98.657,-17.089,136.57,52.356,44.291,-33.199,76.678,0.3158,24.76,-9.4047,1.8371,-1.7743,-74.331,53.036,-14.924,-1
1650.1,49.403,-234.65,-78.501,-16.361,-651.43,103.82,-90.409,-108.67,236.79,20.97,-1.396,-58.461,72.521,-143.97,101.61,74.164,3.2982,-87.094,7.0135,-45.015,-91.771,-79.225,-42.956,-110.59,87.462,92.284,-41.897,35.61,28.915,88.216,17.094,-4.3644,45.011,-37.672,35.144,-28.917,-65.046,13.201,-23.225,6.175,-12.267,-4.4105,18.911,28.919,-8.4019,25.32,-0.70562,33.841,27.809,-1
1765.5,7.5769,-438.96,138.75,-128.09,-336.16,-96.464,-199.3,41.246,822.42,-22.154,-22.747,120.5,38.482,-229.52,41.794,76.159,23.485,-136.57,31.487,-139.14,-5.8045,-13.175,-18.284,-88.651,63.264,58.629,-9.1176,48.468,17.417,90.594,4.0517,-19.001,-2.0582,-39.821,-57.91,-24.52,16.841,2.3555,-12.449,-7.6267,39.777,-32.374,33.126,26.953,-5.68,17.253,-11.431,7.0744,-5.1351,-1
1276.7,-156.84,-263.56,-31.378,-85.052,-486.68,-146.29,-174,6.6759,657.83,-38.911,10.92,489.16,-163.98,-175.53,-119.15,-37.34,-74.91,-94.51,31.186,-102.23,-28.783,-45.252,-93.904,-52.444,47.292,97.558,1.4867,32.547,60.912,89.243,28.445,1.7013,-21.259,-52.587,26.98,-41.758,-68.685,-16.362,-21.058,20.55,6.8888,-20.062,28.331,33.095,-23.024,24.791,-3.2086,-57.177,-14.327,-1
-1084.3,-562.13,-756.52,-23.858,-407.79,-40.453,-47.99,267.36,-42.899,-28.214,-173.63,-164.52,-33.459,18.303,-88.168,-11.469,9.0413,-10.902,-9.9125,-47.326,-13.894,-36.341,3.755,-15.928,-42.717,-53.027,-45.1,-21.202,16.952,-9.6111,-16.843,-66.071,11.035,-6.2483,-17.758,-20.682,12.587,-0.22118,1.519,-0.21369,-8.3953,6.7812,6.2924,-12.167,3.2639,1.019,-2.8354,0.6292,1.2606,1.123,-1
-132.47,-309.9,-434.88,242.27,-242,120.24,196.16,-138.83,-17.686,26.1,112.66,44.206,-183.06,-111.27,122.2,-120.87,-40.46,56.824,4.089,-14.338,-19.64,15.804,72.552,51.709,48.744,52.528,58.624,10.754,39.831,-28.824,13.579,-9.9748,0.24742,-1.7322,-26.979,-1.5957,6.5877,-9.3734,-43.51,-40.692,-7.7241,-36.218,-3.9226,13.321,13.049,22.289,19.805,14.268,9.527,7.6766,-1
808.41,-291.51,13.419,59.113,-111.99,-224.65,107.17,-355.43,107.98,63.417,99.369,84.243,43.486,178.62,98.834,99.494,-3.2828,-159.03,-63.656,13.383,-113.88,51.275,53.249,-39.153,-32.704,-63.361,-48.29,-28.767,-27.792,-0.28376,15,50.313,-8.5861,7.7798,-38.462,-45.056,-45.44,-50.342,-14.33,5.8282,26.339,-8.5357,17.077,10.606,-3.0906,-16.716,33.662,0.92226,26.261,4.7265,-1
195.96,-344.27,-282.12,-14.796,-309.96,-102.75,-48.693,-518.84,13.408,-4.4986,102.61,77.242,45.336,190.64,85.265,-2.3836,88.944,68.207,52.239,-39.378,-38.639,-29.65,39.328,13.573,32.182,-2.0879,-31.052,-23.333,-4.9472,-7.9459,-34.667,-33.604,11.67,-30.587,20.709,25.112,-7.5804,32.338,-39.754,27.832,-80.962,21.078,-38.698,-7.1498,62.446,3.5825,87.486,30.187,-6.8964,5.7286,-1
363.03,-273.02,-573.33,11.445,-316.18,-90.138,48.031,-83.564,-227.96,-65.308,-20.68,171.45,84.223,37.583,-27.673,157.21,-43.633,59.814,-24.324,-22.437,-26.702,32.247,25.319,33.832,27.53,1.1908,-20.419,-0.2579,15.888,-24.307,13.419,98.197,-17.614,14.651,-63.294,0.80323,-31.599,49.112,7.6423,-23.244,40.799,-31.139,-23.099,-22.303,-10.999,-69.297,46.71,-1.4439,4.9229,4.515,-1
-450.51,-562.08,-327.05,-30.729,-294.19,-85.968,-152.3,-261.44,-25.377,-46.236,18.834,145.68,50.753,37.557,-10.893,103.15,-13.123,13.716,-21.093,-20,-55.277,28.593,10.526,13.471,-8.8443,16.122,23.893,8.093,-0.047726,0.18422,12.172,-10.236,-11.694,-47.004,3.2803,8.799,-17.611,-8.3338,-19.49,5.3189,-5.585,6.5243,-10.456,15.361,29.386,26.707,33.792,20.845,2.0807,-26.138,-1
692.17,-248.7,-599.32,-95.141,-355.45,-142.19,-153.61,-127.07,-53.226,34.41,-37.623,99.204,-76.568,-222.93,70.914,-66.455,-113.66,12.738,-56.224,-31.214,-63.706,-24.859,-14.139,-127.3,2.0961,-6.7166,34.354,7.1258,42.866,-36.805,18.241,111.05,-73.426,-10.08,-51.245,-22,-26.991,-66.351,25.848,9.2236,54.701,9.9634,-53.142,-9.4882,-9.4731,1.3718,-14.603,0.60539,-21.323,7.853,-1
852.6,-201.43,-530.36,-6.8934,-372.37,-32.897,-33.955,-546.03,-348.98,-111.5,-65.3,115.94,-60.335,-243.46,-54.081,107.22,31.627,-52.959,-27.734,-56.334,-28.893,-94.809,-59.813,-12.402,-28.578,23.436,66.783,24.308,28.737,-18.507,22.738,3.5436,-12.98,-51.315,-55.148,-2.1338,-11.162,-55.638,-14.263,29.227,9.3392,2.2402,-22.832,-16.76,-1.3952,-6.6577,-14.639,31.774,8.0504,-31.696,-1
919.06,-225.01,-547.21,-86.713,-369.73,-135.26,-138.14,-432.91,-226.62,-54.572,-85.379,17.186,-9.7211,4.3231,163.5,-147.82,52.008,61.106,5.2908,15.637,-165.77,-57.655,-35.303,-72.531,-19.561,-19.025,17.405,-0.84296,29.829,-1.8211,-24.241,20.74,-68.744,1.7075,39.889,20.792,-23.88,25.197,-17.794,-9.4808,1.437,-61.913,36.517,37.982,-18.751,15.432,-20.475,-24,-10.356,-37.338,-1
470.02,-357.87,-306.16,105.5,-236.79,-92.206,-187.48,-546.35,-353.63,-214.75,-5.1338,-41.89,171.78,501.33,177.68,-47.317,109.14,-7.5996,23.932,-2.6794,39.715,-29.074,46.185,55.236,1.8155,-39.778,-91.83,-17.989,-18.347,-9.8266,10.916,43.509,-10.118,8.2593,-15.739,10.688,-16.857,-13.046,0.36807,40.92,-28.214,25.829,-54.876,-22.941,-19.459,3.0394,-47.606,35.711,3.2877,0.80331,-1
495.68,-456.5,-191.37,17.783,-293.27,258.52,335.27,-452.97,-415.36,-37.281,-132.45,118.42,-160.03,-246.98,77.194,-40.206,10.996,-37.381,-37.567,-98.072,98.458,14.375,26.295,54.215,18.654,11.678,-24.312,10.737,-6.4037,-20.972,16.617,5.6494,2.5815,-31.553,-0.014307,18.144,4.2004,0.87194,9.8117,18.898,-33.579,46.698,-22.887,5.671,-18.807,29.852,-48.573,9.1119,13.309,-6.4004,-1
939.46,-213.68,-518.07,216.7,-246.78,46.972,-103.81,-301.46,-172.47,-133.34,-13.682,95.617,93.378,226.28,-85.574,288.85,-55.752,-25.647,28.982,-59.053,57.225,4.1577,-100.72,169.82,49.493,15.486,-14.384,5.2246,-8.6415,2.2831,-4.2576,0.38909,50.443,-8.8074,-8.0621,10.481,18.138,-29.962,-14.672,-6.5876,1.0818,39.536,-18.214,-9.0859,-13.411,-15.154,-53.549,21.364,6.8899,-1.4784,-1
158.35,-823.61,-366.28,-200.3,53.507,-185.14,-230.18,506.13,77.956,-41.233,70.745,257.97,68.052,-99.448,21.825,-82.74,-93.824,10.389,-20.212,-18.859,47.135,7.3066,67.118,49.13,65.396,-18.776,-41.066,28.596,16.546,34.213,-22.646,95.676,-5.3275,8.2598,5.9264,39.883,29.052,-29.085,-9.1635,25.199,-21.627,27.093,17.802,-18.351,27.63,-2.88,7.3597,8.8171,-24.521,-1.5657,-1
153.46,-862.38,-309.61,-113.15,-4.6703,95.862,211.79,188.03,35.891,-30.724,186.49,42.01,-13.099,-106.13,-11.844,-84.494,170.63,-95.477,-10.249,-83.577,-55.484,-4.8869,62.28,90.365,4.6316,-108.89,112.75,13.454,-41.743,36.057,19.174,-0.94743,-39.823,-41.327,5.3638,20.348,28.261,0.52693,19.411,-27.636,-18.594,25.796,41.311,64.063,23.677,-23.891,-9.1797,-47.286,-5.5366,29.211,-1
-116.97,-901.75,-600.21,-233.1,95.645,-15.933,92.227,643.39,146.2,-63.747,65.893,486.15,129.95,34.791,-96.041,-91.55,51.846,-5.0461,-27.565,-65.287,-59.838,-44.461,43.323,58.412,47.538,42.074,-45.05,-6.3251,4.1298,-2.9109,3.6816,-14.648,-2.6329,50.298,-37.754,-42.426,-4.9066,-1.6495,18.304,-3.4023,35.923,9.9069,6.8832,27.255,-29.609,15.612,-45.351,16.506,56.058,-16.257,-1
109,-743.57,-614.07,-152.29,20.154,-404.62,-221.86,421.68,209.46,-126.17,189.71,-1.064,79.833,-259.95,55.538,-117.83,236.38,-88.805,49.317,-48.748,-11.232,-36.238,56.788,52.917,-2.2435,35.785,37.061,1.903,42.246,8.897,-38.898,26.521,5.3774,8.5872,3.1038,14.349,-12.169,-27.923,-10.581,-25.59,-35.107,0.010744,-5.971,-17.752,8.0529,-22.973,-17.495,-46.274,7.6122,10.141,-1
683.04,-773.26,-612.78,-78.021,99.97,-525.02,-345.3,358.03,175.91,-91.096,-34.368,57.647,13.685,-166.95,29.196,-129.37,139.15,4.081,37.682,-60.349,-40.676,-65.384,78.75,47.972,53.621,4.6858,32.772,23.344,71.066,46.203,13.35,42.4,31.093,18.871,32.839,-19.218,-18.618,14.362,-1.8148,-72.309,-53.041,7.5399,-23.692,-33.14,-17.821,-6.9035,11.407,-5.5006,-21.114,28.295,-1
-355.54,-797.84,-627.64,-149.89,53.868,-286.59,-147.96,547.76,108.46,-41.527,47.463,-165.86,-35.402,-202.48,-35.639,-65.602,-77.074,21.269,6.0943,-8.6171,51.086,20.327,56.468,40.346,23.476,-17.38,60.558,42.346,58.527,31.768,-37.066,3.7564,-11.525,-4.8132,15.094,20.223,2.0771,9.0941,12.305,-13.79,-45.899,11.381,23.448,34.676,-12.882,-15.765,-31.982,-24.294,20.42,-20.937,-1
1930.9,-817.46,-898.26,-98.59,119.41,-201.99,72.145,477.16,-198.53,120.24,-47.486,-281.58,-128.8,-226.7,-140.93,-126.78,92.33,-28.562,44.083,-22.048,3.8983,74.894,-5.892,13.893,2.1433,61.984,-8.1624,8.8512,7.7555,-64.617,-34.855,-57.93,32,54.141,62.273,58.937,58.367,-40.008,67.874,42.874,28.825,6.1229,34.473,27.302,-9.5344,14.134,23.488,67.992,7.4784,-43.794,-1
265.26,-855.83,-462.26,-224.43,98.89,-329.06,-223.8,985.21,210.3,-177.64,-23.491,-128.33,52.356,-62.617,73.542,-155.5,264.73,-49.872,-20.497,12.679,19.761,-50.518,17.922,-48.047,51.615,37.811,-76.848,-70.288,9.1863,7.7403,-10.003,72.065,-12.437,2.7174,-66.082,13.024,28.959,-5.9183,-8.3116,18.449,-17.722,-5.5069,-21.321,-0.81616,2.7834,47.608,-15.064,66.467,32.993,-21.491,-1
239,-904.41,-723.14,-66.556,-23.101,-295.73,-283.15,405.15,226.49,41.897,-145.65,-490.04,-139.95,-160.26,-53.458,-74.012,153.71,28.206,49.888,63.519,119.08,66.284,33.871,-11.143,80.078,-35.11,94.614,-7.5329,29.392,63.531,77.167,-11.45,-44.918,45.388,88.816,-30.782,-41.848,23.816,29.241,-61.889,-40.082,-2.0472,97.969,48.38,34.862,-13.564,-32.255,-18.887,6.0049,-13.813,-1
1300.2,-789.26,-577.56,-205.71,194.34,-497.28,352.28,167.38,-186.16,11.896,150.53,-146.04,-18.769,-161.47,89.831,-78.528,119.28,-74.779,92.479,-45.078,-18.978,-59.107,74.342,97.68,-14.453,-92.865,83.576,82.193,4.3687,7.664,27.294,61.228,17.099,-9.5831,-9.4331,40.606,15.933,-15.117,0.33598,-59.849,-35.032,25.478,49.09,-6.9223,0.60923,11.622,50.848,3.3705,17.404,-15.484,-1
41.434,-807.85,-608.72,-129.56,100.84,-297.88,-97.478,215.01,-38.266,16.634,71.266,-1.1737,23.884,-74.696,65.545,-76.213,150.91,-71.827,30.649,-65.4,-20.908,6.663,80.016,80.635,13.783,80.037,57.159,-14.541,-69.979,-20.483,0.50985,-102.55,19.289,61.39,39.318,28.07,52.117,-26.212,47.846,-20.835,22.871,9.338,-6.7856,-15.534,18.982,36.812,88.471,41.787,-17.2,12.02,-1
1266.8,-790.82,-494.39,-147.12,205.27,-566.54,8.4091,224.1,-96.986,11.094,-134.75,357.9,150.49,21.474,89.545,-89.957,83.153,56.213,-39.6,-79.281,-8.9241,-153.58,50.424,74.213,60.396,-63.879,23.184,53.698,-16.598,67.821,2.1808,54.765,102.83,51.153,51.382,-54.938,-4.0634,39.048,14.752,-94.157,-46.475,41.024,-31.282,-35.033,-98.049,-4.8148,-6.226,-27.833,-99.685,11.457,-1
