0,0,0,0,0,0,0,0,0,0,0,0,0,0,0,0,0,0,0,0,0,0,0,0,0,0,0,0,0,0,0,0,0,0,0,0,0,0,0,0,0,0,0,0,0,0,0,0,0,0,0,0,0,0,0,0,0,0,0,0,0,0,0,0,0,0,0,0,0,0,0,0,0,0,0,0,0,0,0,0,0,0,0,0,0,0,0,0,0,0,0,0,0,0,0,0,0,0,0,0,0,0,0,0,0,0,0,0,0,0,0,0,0,0,0,0,0,0,0,0,0,0,0,0,0,0,0,0,0,0,0,0,0,0,0,0,0,0,0,0,0,0,0,0,0,0,0,0,0,0,0,0,0,0,0,0,0,0,0,0,0,0,0,0,0,0,0,0,0,0,0,0,0,0,0,0,0,0,0,0,0,0,0,0,0,0,0,0,0,0,0,0,0,0,0,0,0,0,0,0,0,0,0,0,0,0,0,0,0,0,0,0,0,0,0,0,0,0,0,0,0,0,0,0,0,0,0,0,0,0,0,0,0,0,0,0,0,0,0,0,0,0,0,0,0,0,0,0,0,0,0,0,0,0,0,0,0,0,0,0,0,0,0,0,0,0,0,0,0,0,0,0,0,0,0,0,0,0,0,0,0,0,0,0,0,0,0,0,0,0,0,0,0,0,0,0,0,0,0,0,0,0,0,0,0,0,0,0,0,0,0,0,0,0,0,0,0,0,0,0,0,0,0,0,0,0,0,0,0,0,0,0,0,0,0,0,0,0,0,0,0,0,0,0,0,0,0,0,0,0,0,0,0,0,0,0,0,0,0,0,0,0,0,0,0,0,0,0,20.633,3.236,1.5839,0.33478,0.24293,0.24293,0.33478,1.5839,3.236,13.521,-1.8089,-1.8009,-2.3243,-2.3772,-2.323,0.15418,0.12928,0.16935,0.0078867,0.056102,0.001011,0.28732,0.96478,-0.050607,-0.011574,0.017037,0.72656,1.1587,0.69189,0.42985,0.22818,1,0.61025,0.56624,0.48218,0.35409,0.18999,0.065466,0.034556,0.14381,0.29726,0.66759,0.73906,0.64096,0.04303,0.048836,26.975,0.79554,0.79294,0.65483,0.40119,0.40119,0.65483,0.79294,0.79554,8.5084,1.3672,1.3465,0.87866,0.4631,1.5851,2.4431,2.2366,2.2873,0.010009,-0.044122,-0.047884,-0.065494,0.37109,-0.058412,0.014076,-0.00037571,1.1953,0.15771,0.61279,0.56198,0.075737,1,0.843,0.71696,0.54216,0.39226,0.13762,0.0091119,0.12822,0.23166,0.32734,0.29315,0.16776,0.56691,0.6806,0.67093,0,0,0,0,0,0,0,0,0,0,0,0,0,0,0,0,0,0,0,0,0,0,0,0,0,0,0,0,0,0,0,0,0,0,0,0,0,0,0,0,0,0,0,0,0,0,0,0,0,0,0,0,0,0,0,0,0,0,0,0,0,0,0,0,0,0,0,0,0,0,0,0,0,0,0,0,0,0,0,0,0,0,0,0,0,0,0,0,0,0,0,0
7.5,387.31,175.23,174.83,110.5,110.5,174.83,175.23,387.31,414.56,103.04,94.567,60.327,-99.101,-40.146,50.696,3.5555,0.082864,3.8714,-18.802,29.172,-118.72,129.53,-7.2335,-6.204,4.0274,151.63,81.688,1.0313,0.15625,2149.1,1,0.087448,0.14547,0.13176,0.20282,0.12855,0.10805,0.11609,0.029832,0.017158,0.13468,0.19699,0.49394,0.13763,0.013236,7.5,387.31,175.23,174.83,110.5,110.5,174.83,175.23,387.31,414.56,103.04,94.567,60.327,-99.101,-40.146,50.696,3.5555,0.082864,3.8714,-18.802,29.172,-118.72,129.53,-7.2335,-6.204,4.0274,151.63,81.688,1.0313,0.15625,2149.1,1,0.087448,0.14547,0.13176,0.20282,0.12855,0.10805,0.11609,0.029832,0.017158,0.13468,0.19699,0.49394,0.13763,0.013236,7.5,387.31,175.23,174.83,110.5,110.5,174.83,175.23,387.31,414.56,103.04,94.567,60.327,-99.101,-40.146,50.696,3.5555,0.082864,3.8714,-18.802,29.172,-118.72,129.53,-7.2335,-6.204,4.0274,151.63,81.688,1.0313,0.15625,2149.1,1,0.087448,0.14547,0.13176,0.20282,0.12855,0.10805,0.11609,0.029832,0.017158,0.13468,0.19699,0.49394,0.13763,0.013236,215.19,288.95,156.26,190.91,117.81,117.81,190.91,156.26,288.95,222.84,15.245,18.056,-33.396,78.868,9.8394,15.861,-0.03448,-5.271,-0.92581,7.4268,-6.9084,58.674,-5.5723,-8.7618,-2.1565,0.57539,97.063,98.625,0.28125,4.4831,942.34,1,0.0027402,0.10817,0.056104,0.075529,0.068843,0.12127,0.14785,0.004396,0.036475,0.078292,0.26686,0.4365,0.17385,0.015702,215.19,288.95,156.26,190.91,117.81,117.81,190.91,156.26,288.95,222.84,15.245,18.056,-33.396,78.868,9.8394,15.861,-0.03448,-5.271,-0.92581,7.4268,-6.9084,58.674,-5.5723,-8.7618,-2.1565,0.57539,97.063,98.625,0.28125,4.4831,942.34,1,0.0027402,0.10817,0.056104,0.075529,0.068843,0.12127,0.14785,0.004396,0.036475,0.078292,0.26686,0.4365,0.17385,0.015702,215.19,288.95,156.26,190.91,117.81,117.81,190.91,156.26,288.95,222.84,15.245,18.056,-33.396,78.868,9.8394,15.861,-0.03448,-5.271,-0.92581,7.4268,-6.9084,58.674,-5.5723,-8.7618,-2.1565,0.57539,97.063,98.625,0.28125,4.4831,942.34,1,0.0027402,0.10817,0.056104,0.075529,0.068843,0.12127,0.14785,0.004396,0.036475,0.078292,0.26686,0.4365,0.17385,0.015702,1,81.493,129.61,63.174,134.25,134.25,63.174,129.61,81.493,59.939,5.7431,6.4264,-8.4372,0.56589,10.549,2.5657,-10.209,1.158,1.1134,6.2347,36.324,22.923,10.581,-31.201,11.417,-6.3935,31,67,1,0.020833,348.74,1,0.011997,0.0033099,0.056084,0.02686,0.27565,0.03764,0.0063242,0.030173,0.12949,0.13569,0.27695,0.19701,0.22056,0.14428,53,19.344,27.989,47.032,63.534,63.534,47.032,27.989,19.344,23.72,-3.5706,-2.8361,-2.3827,-1.0254,-1.9305,-8.5889,-3.7225,0.70076,-0.46953,1.1875,1.7627,1.6128,-4.2308,-1.7471,-1.2453,1.8562,22,24,1,1.1042,28.734,1,0.012024,0.049464,0.048295,0.08482,0.038686,0.1118,0.016794,0.020215,0.01369,0.045455,0.055556,0.3,0.12963,0.060185,14.964,2.2102,1.1976,0.38415,0.70451,0.70451,0.38415,1.1976,2.2102,14.066,-2.0669,-2.1378,-2.2715,-2.6614,-0.27545,0.26306,0.27626,0.33498,0.017816,-0.20533,0.062833,-0.83862,-0.025744,0.010111,-0.011851,0.021067,0.78369,0.91895,0.10474,0.31176,0.23881,1,0.69679,0.61687,0.4935,0.37454,0.22419,0.13167,0.018495,0.16055,0.251,0.87373,0.91764,0.37285,0.12865,0.11406,24.794,1.6532,1.1844,0.73776,0.78225,0.78225,0.73776,1.1844,1.6532,9.5552,0.92169,0.97545,0.34699,0.25737,2.0744,2.1659,2.1695,2.1631,0.0060388,0.2206,-0.27258,-0.67906,0.12099,-0.038766,-0.028262,0.020273,1.2964,0.063965,0.63623,0.51654,0.11546,1,0.71412,0.55159,0.4661,0.3321,0.081266,0.055086,0.13763,0.16876,0.2412,0.16733,0.12233,0.58185,0.57719,0.5905,298.84,0.84392,0.44376,0.27283,0.24729,0.24729,0.27283,0.44376,0.84392,5.459,18.794,18.824,18.603,17.363,17.121,17.315,17.321,17.394,-0.0015147,0.1057,-0.14763,-0.11293,0.056299,-0.012521,0.0039573,0.011855,6.6497,6.0169,6.1305,6.2259,0.045507,1,0.78352,0.57638,0.35043,0.12623,0.098384,0.17343,0.20608,0.21248,0.20248,0.99207,0.92285,0.91318,0.92028,0.92309,158.91,0.85296,0.45073,0.32378,0.34859,0.34859,0.32378,0.45073,0.85296,7.1295,8.0286,8.0173,8.1246,9.2449,9.9362,9.8133,9.8817,9.8684,-0.0015777,-0.047226,0.021517,0.078614,-0.11165,0.0054073,0.0032149,-0.0051683,3.5589,2.8363,3.4766,3.3107,0.068775,1,0.82316,0.66945,0.49576,0.31083,0.077958,0.040894,0.11856,0.17628,0.19683,0.80676,0.92238,0.98205,0.98022,0.98157
116.94,424.97,413.23,190.94,123.64,123.64,190.94,413.23,424.97,550.71,63.629,68.385,29.582,-209.97,73.965,38.409,-2.4555,6.5587,1.9386,24.164,-21.822,-63.309,10.314,-3.5924,-2.7472,3.9427,174.44,84.438,0.3125,2.4362,2636.4,1,0.10014,0.15765,0.14283,0.2003,0.26874,0.20504,0.071708,0.02382,0.0044421,0.11957,0.3876,0.39685,0.048927,0.027828,116.94,424.97,413.23,190.94,123.64,123.64,190.94,413.23,424.97,550.71,63.629,68.385,29.582,-209.97,73.965,38.409,-2.4555,6.5587,1.9386,24.164,-21.822,-63.309,10.314,-3.5924,-2.7472,3.9427,174.44,84.438,0.3125,2.4362,2636.4,1,0.10014,0.15765,0.14283,0.2003,0.26874,0.20504,0.071708,0.02382,0.0044421,0.11957,0.3876,0.39685,0.048927,0.027828,116.94,424.97,413.23,190.94,123.64,123.64,190.94,413.23,424.97,550.71,63.629,68.385,29.582,-209.97,73.965,38.409,-2.4555,6.5587,1.9386,24.164,-21.822,-63.309,10.314,-3.5924,-2.7472,3.9427,174.44,84.438,0.3125,2.4362,2636.4,1,0.10014,0.15765,0.14283,0.2003,0.26874,0.20504,0.071708,0.02382,0.0044421,0.11957,0.3876,0.39685,0.048927,0.027828,120,234.42,327.32,382.41,13.297,13.297,382.41,327.32,234.42,462.27,-0.3116,-14.319,-7.1219,200.93,-133.97,9.0279,-8.2248,-7.5392,-2.856,-61.728,100.18,-143.96,54.648,-2.4577,0.7358,-0.42163,163.75,138.13,2.4063,2.5,3172.5,1,0.41443,0.21368,0.36065,0.37485,0.058593,0.0072017,0.13489,0.08663,0.0019916,0.15309,0.45131,0.45084,0.054411,0.019381,120,234.42,327.32,382.41,13.297,13.297,382.41,327.32,234.42,462.27,-0.3116,-14.319,-7.1219,200.93,-133.97,9.0279,-8.2248,-7.5392,-2.856,-61.728,100.18,-143.96,54.648,-2.4577,0.7358,-0.42163,163.75,138.13,2.4063,2.5,3172.5,1,0.41443,0.21368,0.36065,0.37485,0.058593,0.0072017,0.13489,0.08663,0.0019916,0.15309,0.45131,0.45084,0.054411,0.019381,120,234.42,327.32,382.41,13.297,13.297,382.41,327.32,234.42,462.27,-0.3116,-14.319,-7.1219,200.93,-133.97,9.0279,-8.2248,-7.5392,-2.856,-61.728,100.18,-143.96,54.648,-2.4577,0.7358,-0.42163,163.75,138.13,2.4063,2.5,3172.5,1,0.41443,0.21368,0.36065,0.37485,0.058593,0.0072017,0.13489,0.08663,0.0019916,0.15309,0.45131,0.45084,0.054411,0.019381,81,137.64,74.437,48.867,60,60,48.867,74.437,137.64,139.21,4.6092,-2.714,31.653,0.14605,23.249,-14.141,-6.4131,-0.061532,-0.53087,-29.087,-7.2464,26.967,-35.662,-19.674,-0.84317,1.9437,44,29,0.5,1.6875,233.84,1,0.07834,0.097308,0.11284,0.14876,0.10437,0.11029,0.065558,0.098986,0.096558,0.27066,0.23737,0.40682,0.15152,0.093434,30,8.9406,30.305,20.421,35.32,35.32,20.421,30.305,8.9406,24.158,1.7227,0.77758,0.55835,1.664,-3.8622,-4.1613,-3.3828,-1.1415,-0.42228,-4.9248,1.0035,5.2291,1.7542,3.1001,-0.5852,0.90556,5,12,0,0.625,8.6223,1,0.16236,0.057488,0.18511,0.093422,0.067705,0.024445,0.053362,0.020898,0.22687,0.13636,0.13889,0.33333,0.12963,0.13889,23.308,2.3307,1.5324,1.167,0.50417,0.50417,1.167,1.5324,2.3307,13.162,-1.3458,-1.3587,-1.9098,-2.3731,-2.4061,-1.996,0.68147,0.41785,0.026929,0.041065,-0.13724,0.038537,-0.10236,1.023,-0.068775,-0.0014217,1.0879,0.96777,0.72949,0.48559,0.24586,1,0.61894,0.49678,0.34591,0.21031,0.034978,0.14487,0.17347,0.20262,0.21072,0.57373,0.77553,0.77195,0.5945,0.15026,25.344,1.6254,1.7567,1.8027,1.2623,1.2623,1.8027,1.7567,1.6254,8.5342,2.3765,2.3238,1.0762,0.60984,0.57067,2.2974,2.148,2.2707,0.042614,-0.055487,0.010515,-0.22889,-0.37293,0.070962,0.012429,0.015622,1.6465,0.088379,0.4187,0.528,0.11769,1,0.51236,0.43283,0.23028,0.19716,0.015708,0.058942,0.18042,0.25541,0.29071,0.29586,0.13694,0.19846,0.51483,0.47644,302.61,0.7552,0.49678,0.39457,0.3743,0.3743,0.39457,0.49678,0.7552,4.9472,19.158,19.217,18.608,17.801,17.586,17.455,17.432,17.402,-0.0066392,0.19881,-0.20063,0.034509,-0.032659,0.0044931,-0.0046278,-0.002541,6.7735,6.1513,6.209,6.3044,0.042144,1,0.75102,0.53678,0.34356,0.20166,0.090988,0.058096,0.012473,0.04953,0.10792,0.98131,0.92742,0.91579,0.91073,0.90891,160.92,0.91283,0.50653,0.42498,0.46646,0.46646,0.42498,0.50653,0.91283,7.2832,7.9085,7.8806,7.9522,10.193,9.9988,9.8387,9.8303,9.8041,-0.0010806,-0.10757,-0.10492,0.32811,-0.038985,0.0056114,-0.00046491,-0.004996,3.7827,2.77,3.4702,3.3526,0.09785,1,0.76877,0.51465,0.23849,0.0072901,0.23239,0.27882,0.2395,0.17451,0.1114,0.7473,0.94462,0.9291,0.91923,0.91739
270.06,272.76,162.79,266.25,184.58,184.58,266.25,162.79,272.76,841.53,185.41,184.69,65.2,43.496,-199.14,52.616,63.985,-0.88271,3.6497,9.3713,-29.406,-12.291,-96.533,68.714,-8.89,-6.4847,106.25,76.438,11.281,5.6263,2178.4,1,0.56539,0.18783,0.097532,0.20091,0.26979,0.19475,0.11138,0.14855,0.17762,0.32979,0.13595,0.55141,0.5719,0.11948,270.06,272.76,162.79,266.25,184.58,184.58,266.25,162.79,272.76,841.53,185.41,184.69,65.2,43.496,-199.14,52.616,63.985,-0.88271,3.6497,9.3713,-29.406,-12.291,-96.533,68.714,-8.89,-6.4847,106.25,76.438,11.281,5.6263,2178.4,1,0.56539,0.18783,0.097532,0.20091,0.26979,0.19475,0.11138,0.14855,0.17762,0.32979,0.13595,0.55141,0.5719,0.11948,270.06,272.76,162.79,266.25,184.58,184.58,266.25,162.79,272.76,841.53,185.41,184.69,65.2,43.496,-199.14,52.616,63.985,-0.88271,3.6497,9.3713,-29.406,-12.291,-96.533,68.714,-8.89,-6.4847,106.25,76.438,11.281,5.6263,2178.4,1,0.56539,0.18783,0.097532,0.20091,0.26979,0.19475,0.11138,0.14855,0.17762,0.32979,0.13595,0.55141,0.5719,0.11948,213.94,141.17,293.21,266.48,71.553,71.553,266.48,293.21,141.17,343.75,-9.0833,-7.7405,2.9018,-7.5775,120.83,-20.744,-14.886,1.1448,-0.4852,3.4059,-17.567,25.667,-13.711,10.58,-6.2872,8.082,112.19,158,1.0625,4.457,1226.7,1,0.36846,0.090776,0.041931,0.16246,0.13282,0.1203,0.0059823,0.082293,0.020013,0.01309,0.066588,0.22488,0.24644,0.063643,213.94,141.17,293.21,266.48,71.553,71.553,266.48,293.21,141.17,343.75,-9.0833,-7.7405,2.9018,-7.5775,120.83,-20.744,-14.886,1.1448,-0.4852,3.4059,-17.567,25.667,-13.711,10.58,-6.2872,8.082,112.19,158,1.0625,4.457,1226.7,1,0.36846,0.090776,0.041931,0.16246,0.13282,0.1203,0.0059823,0.082293,0.020013,0.01309,0.066588,0.22488,0.24644,0.063643,213.94,141.17,293.21,266.48,71.553,71.553,266.48,293.21,141.17,343.75,-9.0833,-7.7405,2.9018,-7.5775,120.83,-20.744,-14.886,1.1448,-0.4852,3.4059,-17.567,25.667,-13.711,10.58,-6.2872,8.082,112.19,158,1.0625,4.457,1226.7,1,0.36846,0.090776,0.041931,0.16246,0.13282,0.1203,0.0059823,0.082293,0.020013,0.01309,0.066588,0.22488,0.24644,0.063643,28,230.98,177.82,182.85,145.25,145.25,182.85,177.82,230.98,168.88,-0.54461,-1.9752,-10.927,33.514,5.0894,12.228,-10.32,-37.936,0.69716,-3.0317,-16.088,15.98,-64.877,-12.764,4.5155,-9.0997,55,85,0.5,0.58333,549.27,1,0.076824,0.085167,0.096897,0.14697,0.045835,0.11193,0.086845,0.024102,0.07015,0.034225,0.13856,0.39882,0.2,0.13856,27,24.464,16.75,46.861,41.015,41.015,46.861,16.75,24.464,22.958,-5.2323,-4.9186,-4.2419,-1.8853,-1.7576,4.3616,-3.6377,-1.4994,-0.34721,0.021672,-2.3475,-1.5901,-3.5281,2.1896,0.96666,-0.30069,12,18,1,0.5625,19.953,1,0.13683,0.10301,0.14378,0.098463,0.032739,0.017186,0.074642,0.032797,0.011746,0.075758,0.1358,0.13889,0.34568,0.067901,31.11,1.4193,0.81152,0.50118,0.64643,0.64643,0.50118,0.81152,1.4193,9.3239,0.26061,0.18702,-1.5811,-2.2537,-2.5236,-2.467,-2.6118,1.4058,0.03991,-0.1426,-0.033533,-0.070205,-0.078884,-0.032167,-0.33985,1.0817,0.86523,0.93848,0.8147,0.64813,0.1484,1,0.3804,0.13747,0.013582,0.019681,0.045118,0.06833,0.10921,0.1596,0.17032,0.4684,0.85114,0.95479,0.92993,0.60186,20.53,0.38738,0.73768,0.69349,0.56938,0.56938,0.69349,0.73768,0.38738,7.8281,2.7595,2.81,1.9362,0.80252,0.70195,0.52325,0.79783,2.727,-0.012957,0.1456,-0.11327,0.0021462,-0.012984,-0.1002,-0.27405,0.60408,1.312,0.15918,0.27832,0.42771,0.075973,1,0.62611,0.39413,0.21155,0.062497,0.094049,0.14472,0.1783,0.18424,0.21072,0.58602,0.21755,0.17934,0.16288,0.44271,307.67,0.56066,0.44013,0.32514,0.2721,0.2721,0.32514,0.44013,0.56066,7.8856,19.098,19.097,19.255,18.706,17.641,17.479,17.584,17.543,0.00044926,-0.0015556,0.25472,-0.15385,-0.11282,0.05215,-0.0064896,-0.0034031,6.79,6.1471,6.2412,6.4098,0.068791,1,0.87078,0.74009,0.59068,0.43203,0.18345,0.019816,0.11901,0.21254,0.27248,0.99775,0.97134,0.91451,0.9137,0.91413,155.5,0.44893,0.78679,0.43975,0.38005,0.38005,0.43975,0.78679,0.44893,9.302,8.0831,8.0801,7.9778,8.3296,9.6609,10.003,9.8147,9.842,0.0011663,-0.0076496,-0.19951,0.013839,0.13318,-0.12606,0.0040865,0.0024691,3.5714,2.8341,3.3933,3.2396,0.091521,1,0.87493,0.7564,0.61259,0.45557,0.21613,0.057205,0.092165,0.20361,0.29328,0.79611,0.83339,0.97097,0.97826,0.97428
492.38,420.48,163.38,86.603,135.06,135.06,86.603,163.38,420.48,1062.3,51.002,64.765,99.477,39.144,-0.3252,-88.049,-112.27,294.84,-7.3377,27.082,4.9411,-15.11,27.874,-17.721,146.86,-28.85,178.75,80.188,3.4063,10.258,2824.8,1,0.39094,0.017204,0.12515,0.13766,0.15423,0.13306,0.09198,0.076235,0.080311,0.18423,0.081235,0.034895,0.25268,0.53982,492.38,420.48,163.38,86.603,135.06,135.06,86.603,163.38,420.48,1062.3,51.002,64.765,99.477,39.144,-0.3252,-88.049,-112.27,294.84,-7.3377,27.082,4.9411,-15.11,27.874,-17.721,146.86,-28.85,178.75,80.188,3.4063,10.258,2824.8,1,0.39094,0.017204,0.12515,0.13766,0.15423,0.13306,0.09198,0.076235,0.080311,0.18423,0.081235,0.034895,0.25268,0.53982,492.38,420.48,163.38,86.603,135.06,135.06,86.603,163.38,420.48,1062.3,51.002,64.765,99.477,39.144,-0.3252,-88.049,-112.27,294.84,-7.3377,27.082,4.9411,-15.11,27.874,-17.721,146.86,-28.85,178.75,80.188,3.4063,10.258,2824.8,1,0.39094,0.017204,0.12515,0.13766,0.15423,0.13306,0.09198,0.076235,0.080311,0.18423,0.081235,0.034895,0.25268,0.53982,60.125,11.186,292.72,25.776,102.26,102.26,25.776,292.72,11.186,378.89,2.1241,2.3418,7.2879,-9.3816,-19.947,84.772,49.877,-158.19,0.18235,1.4157,-0.60496,-1.1196,-33.534,88.816,-31.281,-18.689,95.375,67.5,0.03125,1.2526,890.84,1,0.38846,0.19868,0.28217,0.30883,0.32522,0.18328,0.11219,0.0042525,0.0074243,0.021446,0.035168,0.045609,0.4534,0.37498,60.125,11.186,292.72,25.776,102.26,102.26,25.776,292.72,11.186,378.89,2.1241,2.3418,7.2879,-9.3816,-19.947,84.772,49.877,-158.19,0.18235,1.4157,-0.60496,-1.1196,-33.534,88.816,-31.281,-18.689,95.375,67.5,0.03125,1.2526,890.84,1,0.38846,0.19868,0.28217,0.30883,0.32522,0.18328,0.11219,0.0042525,0.0074243,0.021446,0.035168,0.045609,0.4534,0.37498,60.125,11.186,292.72,25.776,102.26,102.26,25.776,292.72,11.186,378.89,2.1241,2.3418,7.2879,-9.3816,-19.947,84.772,49.877,-158.19,0.18235,1.4157,-0.60496,-1.1196,-33.534,88.816,-31.281,-18.689,95.375,67.5,0.03125,1.2526,890.84,1,0.38846,0.19868,0.28217,0.30883,0.32522,0.18328,0.11219,0.0042525,0.0074243,0.021446,0.035168,0.045609,0.4534,0.37498,24,69.383,66.875,54.443,34.152,34.152,54.443,66.875,69.383,26.242,-6.7399,-0.36408,-5.7476,-0.19992,7.0907,-10.324,1.5012,0.99797,-6.9676,0.73656,4.0947,2.9004,12.68,-10.452,-24.986,18.979,17,41,0,0.5,106.55,1,0.30217,0.10648,0.092901,0.11896,0.11172,0.084764,0.01847,0.084665,0.048223,0.19512,0.081301,0.1439,0.18428,0.30623,18,15.048,8.2778,7.9373,20.744,20.744,7.9373,8.2778,15.048,36.309,-3.7139,-3.8009,-2.1875,-4.012,-3.2338,-4.8628,7.0492,0.41276,-0.19137,-0.95784,0.94959,2.1589,-1,-4.0734,4.273,-4.6214,15,6,1,0.375,10.92,1,0.031509,0.042225,0.017079,0.046061,0.074403,0.066427,0.063322,0.17614,0.099732,0.084848,0.096296,0.11333,0.11111,0.28889,29.271,1.575,0.16618,0.31209,0.38002,0.38002,0.31209,0.16618,1.575,9.9068,1.5197,1.5212,-0.95708,-2.1062,-2.4802,-2.3643,-2.5599,-0.097796,-0.02416,-0.074346,-0.11984,-0.086469,-0.062035,0.11932,-0.55234,0.92565,0.56055,0.92432,0.78613,0.6098,0.15839,1,0.43949,0.26704,0.17176,0.074157,0.010879,0.053308,0.121,0.15646,0.17735,0.43053,0.80695,0.94987,0.88578,0.68962,24.2,1.0335,1.0992,0.74379,0.44234,0.44234,0.74379,1.0992,1.0335,8.0942,2.6485,2.734,2.2833,0.996,0.92664,0.54327,1.4586,1.7861,-0.019156,0.25563,-0.098077,-0.064876,0.028533,-0.14771,0.58046,-0.37628,1.0288,0.09668,0.37207,0.50417,0.075511,1,0.6851,0.44074,0.19096,0.03443,0.15675,0.2006,0.19928,0.19935,0.22272,0.82849,0.34335,0.30171,0.25138,0.67104,316.38,0.47889,0.46571,0.29885,0.25297,0.25297,0.29885,0.46571,0.47889,6.4274,19.012,19.013,19.091,19.105,19.128,18.751,17.657,17.603,-0.00038964,0.00087692,0.013933,-0.020015,0.19766,-0.20859,0.0067086,-0.016272,6.7611,6.2128,6.7385,6.5913,0.052521,1,0.83004,0.6744,0.49884,0.32275,0.078533,0.065196,0.14841,0.17737,0.20118,0.99717,0.99905,0.99764,0.95221,0.92086,149.05,0.41227,0.46793,0.25758,0.19069,0.19069,0.25758,0.46793,0.41227,8.3146,8.2868,8.2838,8.2573,8.2363,8.1124,8.555,10.284,9.7034,0.00050901,-0.0092652,0.0047041,0.011517,-0.28877,0.27066,0.051454,-0.15803,3.6791,2.8613,2.9186,3.1052,0.091287,1,0.84991,0.66085,0.43847,0.22776,0.020143,0.12271,0.17472,0.18686,0.19461,0.79394,0.79114,0.7837,0.90066,0.96848
512.25,147.27,63.396,43.358,22.138,22.138,43.358,63.396,147.27,765.6,-27.405,-24.538,57.707,1.6751,17.103,-43.847,-193.85,-25.849,8.1432,37.65,-4.2668,-10.46,54.116,-91.637,53.901,-6.7867,48.125,112.19,1.7188,10.672,1274.1,1,0.59266,0.30155,0.021725,0.14524,0.14845,0.057802,0.0073063,0.011048,0.024656,0.17366,0.051501,0.085237,0.52392,0.3113,512.25,147.27,63.396,43.358,22.138,22.138,43.358,63.396,147.27,765.6,-27.405,-24.538,57.707,1.6751,17.103,-43.847,-193.85,-25.849,8.1432,37.65,-4.2668,-10.46,54.116,-91.637,53.901,-6.7867,48.125,112.19,1.7188,10.672,1274.1,1,0.59266,0.30155,0.021725,0.14524,0.14845,0.057802,0.0073063,0.011048,0.024656,0.17366,0.051501,0.085237,0.52392,0.3113,512.25,147.27,63.396,43.358,22.138,22.138,43.358,63.396,147.27,765.6,-27.405,-24.538,57.707,1.6751,17.103,-43.847,-193.85,-25.849,8.1432,37.65,-4.2668,-10.46,54.116,-91.637,53.901,-6.7867,48.125,112.19,1.7188,10.672,1274.1,1,0.59266,0.30155,0.021725,0.14524,0.14845,0.057802,0.0073063,0.011048,0.024656,0.17366,0.051501,0.085237,0.52392,0.3113,180.81,50.575,116.71,70.327,157.23,157.23,70.327,116.71,50.575,392.39,-10.347,-11.811,1.3161,3.8883,-48.896,84.902,90.356,-126.49,-0.062688,-5.6738,9.9782,5.4059,-58.9,82.924,-30.106,-21.383,75.625,82.25,0.125,3.7669,994.87,1,0.39399,0.11447,0.23771,0.34221,0.38654,0.16614,0.060305,0.0029209,0.12254,0.038754,0.048632,0.19043,0.61626,0.43203,180.81,50.575,116.71,70.327,157.23,157.23,70.327,116.71,50.575,392.39,-10.347,-11.811,1.3161,3.8883,-48.896,84.902,90.356,-126.49,-0.062688,-5.6738,9.9782,5.4059,-58.9,82.924,-30.106,-21.383,75.625,82.25,0.125,3.7669,994.87,1,0.39399,0.11447,0.23771,0.34221,0.38654,0.16614,0.060305,0.0029209,0.12254,0.038754,0.048632,0.19043,0.61626,0.43203,180.81,50.575,116.71,70.327,157.23,157.23,70.327,116.71,50.575,392.39,-10.347,-11.811,1.3161,3.8883,-48.896,84.902,90.356,-126.49,-0.062688,-5.6738,9.9782,5.4059,-58.9,82.924,-30.106,-21.383,75.625,82.25,0.125,3.7669,994.87,1,0.39399,0.11447,0.23771,0.34221,0.38654,0.16614,0.060305,0.0029209,0.12254,0.038754,0.048632,0.19043,0.61626,0.43203,3,152.07,79.676,172.26,106.91,106.91,172.26,79.676,152.07,89.117,3.792,2.762,4.0562,1.5955,-3.3619,-3.2514,-22.839,12.873,1.2508,0.29504,4.0195,0.95683,4.4226,10.615,50.998,-31.64,58,86,0.5,0.0625,494.02,1,0.15585,0.19067,0.27986,0.10003,0.10867,0.03274,0.005292,0.0021612,0.0021272,0.046512,0.031008,0.046512,0.28295,0.33592,42,35.688,21.328,13.077,25.912,25.912,13.077,21.328,35.688,5.8162,-0.26242,-1.0123,0.98775,-2.1129,-4.923,-4.2188,3.669,-12.956,0.14833,-2.3077,-2.0491,1.5016,0.5936,-3.4017,-2.6165,-1.4038,5,14,0.5,0.875,10.367,1,0.099121,0.19385,0.17653,0.095979,0.054515,0.0087866,0.071319,0.059967,0.0037199,0.11039,0.071429,0.12857,0.10317,0.34127,3.0977,2.3537,0.76121,1.2884,0.97217,0.97217,1.2884,0.76121,2.3537,23.584,2.6371,2.5979,3.1374,0.3637,-1.7277,-2.3838,-1.736,0.4527,0.0046503,-0.13114,0.66201,-0.51523,-0.044645,-0.40377,0.67644,-0.068727,1.1538,1.0439,0.33838,0.064534,0.56217,1,0.80656,0.64405,0.46172,0.29437,0.037273,0.1024,0.20256,0.27984,0.32475,0.86289,0.40843,0.55624,0.73687,0.31974,26.798,0.6457,0.36725,0.48962,0.51298,0.51298,0.48962,0.36725,0.6457,3.0905,0.86557,0.82335,1.2341,2.5577,1.5282,0.71672,1.7154,2.2713,-0.0047916,-0.17342,0.1352,0.18473,-0.061607,-0.31082,0.19685,-0.036574,0.98779,0.24414,0.49219,0.55829,0.060197,1,0.65398,0.33759,0.038036,0.33623,0.61749,0.63898,0.56475,0.42154,0.21173,0.40017,0.88224,0.46535,0.33245,0.79349,314.63,0.64126,0.34726,0.30077,0.26246,0.26246,0.30077,0.34726,0.64126,7.0712,19.071,19.062,19.042,19.168,19.062,18.08,17.644,17.798,0.0028074,-0.021584,0.014391,0.022929,-0.028008,-0.041913,-0.0048728,0.035205,6.7806,6.2221,6.7248,6.5547,0.051244,1,0.8912,0.7739,0.63112,0.47509,0.22943,0.067173,0.083607,0.21088,0.31039,0.99307,0.99882,0.98136,0.93008,0.92264,150.63,0.85879,0.48755,0.40045,0.32095,0.32095,0.40045,0.48755,0.85879,8.6163,8.2943,8.2999,8.2767,8.234,8.1783,8.9374,10.162,10.107,-0.0021962,0.013443,-0.01103,0.015612,-0.087982,0.078543,0.038245,-0.040509,3.651,2.8858,2.9372,3.1382,0.086678,1,0.86889,0.73352,0.56544,0.38498,0.12939,0.0039233,0.11322,0.18745,0.24443,0.80236,0.7969,0.80823,0.91866,0.99002
346.31,47.17,238.85,100.64,53.382,53.382,100.64,238.85,47.17,577.24,-3.4394,14.023,-21.612,77.959,122.21,-26.586,-55.795,6.6273,2.4669,73.336,-70.965,57.744,4.0512,-118.48,35.323,-14.203,73,87.25,6.2813,7.2148,1530.4,1,0.26562,0.049892,0.13399,0.14672,0.12569,0.1915,0.26576,0.26422,0.1777,0.33544,0.39605,0.37393,0.42463,0.21944,346.31,47.17,238.85,100.64,53.382,53.382,100.64,238.85,47.17,577.24,-3.4394,14.023,-21.612,77.959,122.21,-26.586,-55.795,6.6273,2.4669,73.336,-70.965,57.744,4.0512,-118.48,35.323,-14.203,73,87.25,6.2813,7.2148,1530.4,1,0.26562,0.049892,0.13399,0.14672,0.12569,0.1915,0.26576,0.26422,0.1777,0.33544,0.39605,0.37393,0.42463,0.21944,346.31,47.17,238.85,100.64,53.382,53.382,100.64,238.85,47.17,577.24,-3.4394,14.023,-21.612,77.959,122.21,-26.586,-55.795,6.6273,2.4669,73.336,-70.965,57.744,4.0512,-118.48,35.323,-14.203,73,87.25,6.2813,7.2148,1530.4,1,0.26562,0.049892,0.13399,0.14672,0.12569,0.1915,0.26576,0.26422,0.1777,0.33544,0.39605,0.37393,0.42463,0.21944,47.75,167.98,75.029,47.364,156.19,156.19,47.364,75.029,167.98,102.6,-0.69005,0.19436,6.2262,-15.377,7.1854,30.807,-11.68,-4.7506,-0.95876,0.12776,-7.3633,8.8829,-27.565,94.007,11.134,-7.0847,56.313,90.563,0.59375,0.99479,488.98,1,0.14003,0.35451,0.22597,0.091145,0.088998,0.058431,0.023648,0.039716,0.076772,0.030742,0.065716,0.058178,0.27099,0.31746,47.75,167.98,75.029,47.364,156.19,156.19,47.364,75.029,167.98,102.6,-0.69005,0.19436,6.2262,-15.377,7.1854,30.807,-11.68,-4.7506,-0.95876,0.12776,-7.3633,8.8829,-27.565,94.007,11.134,-7.0847,56.313,90.563,0.59375,0.99479,488.98,1,0.14003,0.35451,0.22597,0.091145,0.088998,0.058431,0.023648,0.039716,0.076772,0.030742,0.065716,0.058178,0.27099,0.31746,47.75,167.98,75.029,47.364,156.19,156.19,47.364,75.029,167.98,102.6,-0.69005,0.19436,6.2262,-15.377,7.1854,30.807,-11.68,-4.7506,-0.95876,0.12776,-7.3633,8.8829,-27.565,94.007,11.134,-7.0847,56.313,90.563,0.59375,0.99479,488.98,1,0.14003,0.35451,0.22597,0.091145,0.088998,0.058431,0.023648,0.039716,0.076772,0.030742,0.065716,0.058178,0.27099,0.31746,5,55.043,94.896,63.553,142.4,142.4,63.553,94.896,55.043,76.785,-5.6343,-4.5119,-5.9168,1.1389,-5.5327,26.682,-15.97,16.026,0.043033,4.3315,14.775,-7.6033,-13.501,21.617,-29.836,29.334,51,48,1.5,0.10417,272.22,1,0.096895,0.11635,0.0039411,0.1013,0.032335,0.014329,0.048827,0.091624,0.05184,0.089127,0.18736,0.080392,0.42048,0.3159,38,10.996,25.753,3.6056,9.2416,9.2416,3.6056,25.753,10.996,10.366,-3.5319,-3.1078,-0.30572,-3.8644,-3.6726,-2.1392,-0.40637,-6.1055,-0.036262,1.4631,0.10515,-0.19671,-0.19671,-2.2575,2.2627,-2.8943,3,4,1,0.79167,2.8067,1,0.20629,0.12375,0.2373,0.23962,0.15682,0.13469,0.2172,0.10178,0.076069,0.18182,0.38889,0.4,0.52778,0.41667,9.4214,1.9021,0.51673,0.29349,0.31545,0.31545,0.29349,0.51673,1.9021,17.356,-0.50137,-0.59432,-2.1249,-2.7453,-0.4145,0.89288,1.1443,0.028854,0.056701,-0.15924,-0.1161,-0.9631,0.28114,-0.055291,0.12412,-0.32305,0.65723,0.99658,0,0.19628,0.31229,1,0.7801,0.67841,0.52979,0.36537,0.14605,0.00051499,0.14527,0.25771,0.36249,0.62131,0.87571,0.42224,0.34351,0.25619,28.231,2.6659,0.25095,1.3522,0.35684,0.35684,1.3522,0.25095,2.6659,6.5249,2.5382,2.5497,1.1311,0.68473,2.309,2.2265,2.4144,0.042254,-0.02588,-0.042777,-0.080671,-0.076962,-0.0065593,-0.10691,-0.016165,-0.47308,1.4478,0,0.77539,0.58814,0.10072,1,0.39179,0.14565,0.048885,0.050056,0.18097,0.24123,0.26849,0.25011,0.29181,0.36968,0.19723,0.57477,0.54784,0.33112,318.38,0.63596,0.35242,0.30015,0.2691,0.2691,0.30015,0.35242,0.63596,6.6749,19.224,19.225,19.248,19.175,19.333,18.812,17.692,17.777,-0.00074675,0.0015035,0.02125,-0.030355,0.24401,-0.25249,0.010316,0.0094618,6.8291,6.2102,6.7874,6.6329,0.057923,1,0.84414,0.67917,0.49742,0.30489,0.047455,0.081364,0.15636,0.18339,0.1929,0.99596,0.99345,0.99781,0.94307,0.91764,148.09,0.88375,0.3443,0.32264,0.24975,0.24975,0.32264,0.3443,0.88375,7.1153,8.2236,8.2203,8.2578,8.2553,8.1581,8.5799,9.9742,9.683,0.0007511,-0.0097997,0.002869,-0.0013367,-0.1824,0.33178,-0.10889,0.023577,3.6265,2.8977,2.9193,3.0852,0.068077,1,0.81918,0.63832,0.45188,0.26129,0.016259,0.095508,0.15632,0.17869,0.19269,0.80397,0.80426,0.80033,0.90604,0.95513
40,93.329,56.797,100.19,182.48,182.48,100.19,56.797,93.329,538.63,141.9,154.17,61.951,-109.97,-32.225,-3.0222,4.2772,0.19194,-8.2295,18.57,29.153,10.57,11.74,-1.9597,1.7193,-2.149,68.438,94.438,0.4375,0.83333,1043.4,1,0.30976,0.14611,0.022348,0.073432,0.25848,0.27928,0.24683,0.15329,0.018106,0.31256,0.42297,0.28379,0.023605,0.015736,40,93.329,56.797,100.19,182.48,182.48,100.19,56.797,93.329,538.63,141.9,154.17,61.951,-109.97,-32.225,-3.0222,4.2772,0.19194,-8.2295,18.57,29.153,10.57,11.74,-1.9597,1.7193,-2.149,68.438,94.438,0.4375,0.83333,1043.4,1,0.30976,0.14611,0.022348,0.073432,0.25848,0.27928,0.24683,0.15329,0.018106,0.31256,0.42297,0.28379,0.023605,0.015736,40,93.329,56.797,100.19,182.48,182.48,100.19,56.797,93.329,538.63,141.9,154.17,61.951,-109.97,-32.225,-3.0222,4.2772,0.19194,-8.2295,18.57,29.153,10.57,11.74,-1.9597,1.7193,-2.149,68.438,94.438,0.4375,0.83333,1043.4,1,0.30976,0.14611,0.022348,0.073432,0.25848,0.27928,0.24683,0.15329,0.018106,0.31256,0.42297,0.28379,0.023605,0.015736,153.75,59.121,70.522,37.932,136.32,136.32,37.932,70.522,59.121,197.64,-9.1468,-4.573,-10.978,86.121,-17.488,-5.7911,1.4055,-0.030093,0.59933,19.053,-5.6181,-31.52,0.053838,-0.0013766,-0.82583,0.33693,46.188,61.563,0.3125,3.2031,348.84,1,0.012184,0.11099,0.15081,0.17566,0.012684,0.038519,0.094467,0.041395,0.01899,0.072543,0.45663,0.36142,0.027073,0.011957,153.75,59.121,70.522,37.932,136.32,136.32,37.932,70.522,59.121,197.64,-9.1468,-4.573,-10.978,86.121,-17.488,-5.7911,1.4055,-0.030093,0.59933,19.053,-5.6181,-31.52,0.053838,-0.0013766,-0.82583,0.33693,46.188,61.563,0.3125,3.2031,348.84,1,0.012184,0.11099,0.15081,0.17566,0.012684,0.038519,0.094467,0.041395,0.01899,0.072543,0.45663,0.36142,0.027073,0.011957,153.75,59.121,70.522,37.932,136.32,136.32,37.932,70.522,59.121,197.64,-9.1468,-4.573,-10.978,86.121,-17.488,-5.7911,1.4055,-0.030093,0.59933,19.053,-5.6181,-31.52,0.053838,-0.0013766,-0.82583,0.33693,46.188,61.563,0.3125,3.2031,348.84,1,0.012184,0.11099,0.15081,0.17566,0.012684,0.038519,0.094467,0.041395,0.01899,0.072543,0.45663,0.36142,0.027073,0.011957,231,4.5939,46.807,26.665,70.46,70.46,26.665,46.807,4.5939,160.2,2.1967,2.392,1.2671,41.41,30.543,4.8474,0.90107,0.19613,0.84,3.5086,27.748,-25.499,-12.996,0.96984,2.6864,-2.1959,54,18,2.5,4.8125,155.01,1,0.10976,0.15432,0.019492,0.035569,0.1003,0.20591,0.079518,0.13825,0.018104,0.082492,0.30864,0.23889,0.11111,0.080247,35,24.92,7.0075,37,39.952,39.952,37,7.0075,24.92,17.682,0.53381,-1.249,0.97882,-1.9018,-6.5175,-2.1091,-0.71202,-0.056036,0.58435,-4.7197,-3.4754,-1.5724,0.68168,0.66682,-0.64573,0.62739,6,23,0,0.72917,14.414,1,0.061024,0.096854,0.11748,0.17172,0.042106,0.18993,0.071917,0.017609,0.070531,0.071146,0.072464,0.17826,0.043478,0.019324,17.638,2.4971,1.4803,1.3933,0.97368,0.97368,1.3933,1.4803,2.4971,18.304,2.7823,2.8854,1.998,-0.80492,-2.0608,-2.3872,-2.4809,-2.6042,-0.013811,0.33918,-0.1259,-0.13313,-0.052152,-0.023983,0.028957,-0.047348,1.0034,0.9292,0.74146,0.36746,0.46943,1,0.81472,0.65888,0.48811,0.33192,0.13054,0.030738,0.050312,0.11031,0.16487,0.77854,0.32987,0.76652,0.86056,0.88959,24.412,0.41696,0.024081,0.035524,0.12005,0.12005,0.035524,0.024081,0.41696,7.3398,1.0617,1.0598,2.1795,2.5092,1.2627,0.95069,0.88202,0.70914,-0.026045,-0.093265,0.29686,-0.053754,-0.069685,0.019139,-0.012317,-0.02597,1.0122,0.24219,0.38354,0.50859,0.059253,1,0.84226,0.67812,0.46798,0.25665,0.012248,0.10045,0.17324,0.22179,0.24836,0.64803,0.84687,0.39836,0.3254,0.27282,284.45,17.385,2.5016,6.5796,4.7536,4.7536,6.5796,2.5016,17.385,22.524,19.103,19.1,19.218,18.004,17.889,17.84,18.779,0.28287,0.0018895,-0.0057494,-0.02558,-0.16856,0.0029778,-0.49937,-0.80902,-3.167,6.7947,0,6.3743,5.9261,3.2933,1,0.25487,0.0030055,0.0036169,0.010274,0.018041,0.01973,0.021146,0.022326,0.024845,0.99699,0.93689,0.93227,0.93731,0.52298,145.59,8.0249,1.4947,3.1501,2.2634,2.2634,3.1501,1.4947,8.0249,18.052,8.255,8.2555,8.1156,9.5933,9.9465,9.6766,10.125,0.15242,0.0028409,0.011028,-0.12969,0.33605,-0.030732,-0.27985,-0.43755,-1.7066,3.652,0,3.4406,3.0332,0.91535,1,0.25659,0.00038935,0.013422,0.02807,0.047074,0.057149,0.067939,0.078449,0.083109,0.79424,0.92742,0.95803,0.94256,0.52446
606.81,120.93,57.121,14.264,17.14,17.14,14.264,57.121,120.93,322.64,116.84,112.85,-15.202,118.12,52.955,6.3161,17.955,-9.5242,-5.1408,-31.915,12.703,0.81495,-5.0319,-11.097,-2.9501,-3.3703,52.625,17.813,6.2188,12.642,346.66,1,0.40909,0.07228,0.1564,0.26295,0.083394,0.039505,0.048153,0.085767,0.092495,0.31192,0.74083,0.27827,0.051201,0.11705,606.81,120.93,57.121,14.264,17.14,17.14,14.264,57.121,120.93,322.64,116.84,112.85,-15.202,118.12,52.955,6.3161,17.955,-9.5242,-5.1408,-31.915,12.703,0.81495,-5.0319,-11.097,-2.9501,-3.3703,52.625,17.813,6.2188,12.642,346.66,1,0.40909,0.07228,0.1564,0.26295,0.083394,0.039505,0.048153,0.085767,0.092495,0.31192,0.74083,0.27827,0.051201,0.11705,606.81,120.93,57.121,14.264,17.14,17.14,14.264,57.121,120.93,322.64,116.84,112.85,-15.202,118.12,52.955,6.3161,17.955,-9.5242,-5.1408,-31.915,12.703,0.81495,-5.0319,-11.097,-2.9501,-3.3703,52.625,17.813,6.2188,12.642,346.66,1,0.40909,0.07228,0.1564,0.26295,0.083394,0.039505,0.048153,0.085767,0.092495,0.31192,0.74083,0.27827,0.051201,0.11705,3.5,51.203,46.695,29.271,25.186,25.186,29.271,46.695,51.203,61.735,9.2776,9.878,-3.8377,-4.0789,3.2633,-5.9359,-20.67,49.922,-0.26375,1.3679,-5.9481,4.093,-3.5028,3.719,-4.1374,17.605,43.313,8.75,1.7188,0.072917,57.155,1,0.038575,0.1317,0.13669,0.14155,0.05848,0.061637,0.065097,0.066393,0.03021,0.048931,0.06718,0.045599,0.0768,0.25124,3.5,51.203,46.695,29.271,25.186,25.186,29.271,46.695,51.203,61.735,9.2776,9.878,-3.8377,-4.0789,3.2633,-5.9359,-20.67,49.922,-0.26375,1.3679,-5.9481,4.093,-3.5028,3.719,-4.1374,17.605,43.313,8.75,1.7188,0.072917,57.155,1,0.038575,0.1317,0.13669,0.14155,0.05848,0.061637,0.065097,0.066393,0.03021,0.048931,0.06718,0.045599,0.0768,0.25124,3.5,51.203,46.695,29.271,25.186,25.186,29.271,46.695,51.203,61.735,9.2776,9.878,-3.8377,-4.0789,3.2633,-5.9359,-20.67,49.922,-0.26375,1.3679,-5.9481,4.093,-3.5028,3.719,-4.1374,17.605,43.313,8.75,1.7188,0.072917,57.155,1,0.038575,0.1317,0.13669,0.14155,0.05848,0.061637,0.065097,0.066393,0.03021,0.048931,0.06718,0.045599,0.0768,0.25124,33,54.131,43.527,51.118,47.437,47.437,51.118,43.527,54.131,29.948,-0.34446,-1.4559,7.0579,-4.1181,-4.4316,-1.3992,-6.0305,-14.247,0.29044,-3.1866,0.52785,0.25147,0.3342,6.2613,13.088,-11.677,31,27,1,0.6875,72.943,1,0.17551,0.039247,0.013617,0.016445,0.054641,0.062492,0.15117,0.14349,0.0492,0.1173,0.11111,0.1129,0.046595,0.45878,34,7.0051,8.4347,21.656,18.456,18.456,21.656,8.4347,7.0051,8.5599,-1.9746,-2.8765,-1.4113,-4.9932,0.40139,-5.0814,0.93415,-0.4431,-0.11207,-3.737,-0.099536,0.49337,-0.35646,-0.12434,-0.038854,-0.25216,3,7,1,0.70833,3.3599,1,0.079387,0.15414,0.11274,0.1561,0.087731,0.039996,0.05365,0.14835,0.11236,0.23377,0.28571,0.14286,0.20635,0.1746,24.598,2.52,1.0447,0.9813,0.91409,0.91409,0.9813,1.0447,2.52,13.033,-0.65325,-0.68525,-1.7596,-2.3247,-2.318,-2.869,0.24249,0.88524,0.0099628,-0.086426,-0.032062,0.056803,-0.13919,-1.3983,0.26394,-0.070045,1.189,0.98389,0.75977,0.51245,0.28235,1,0.56888,0.38832,0.13622,0.043781,0.11917,0.14726,0.14837,0.14636,0.14119,0.44719,0.68451,0.7106,0.6663,0.44444,25.102,0.82981,0.77416,0.5374,0.51931,0.51931,0.5374,0.77416,0.82981,7.465,2.6298,2.6668,1.5412,0.98365,0.66513,1.1067,2.1438,2.203,-0.013157,0.094443,-0.11523,-0.04299,0.0022919,-0.24144,0.10505,-0.068124,1.1729,0.22363,0.45142,0.52296,0.060301,1,0.66621,0.44778,0.25351,0.10216,0.055833,0.17281,0.29015,0.38617,0.4412,0.5576,0.29008,0.2351,0.43297,0.71228,331.36,0.31653,0.24784,0.18338,0.1187,0.1187,0.18338,0.24784,0.31653,0.59574,19.54,19.542,19.535,19.519,19.591,19.574,19.576,19.113,-0.00045231,0.0069469,-0.011279,0.0045104,0.0082023,0.0024423,0.1367,-0.19905,6.9303,6.6866,6.9106,6.9033,0.001575,1,0.12194,0.083299,0.04517,0.012481,0.032928,0.052046,0.084748,0.099092,0.10832,0.9968,0.99603,0.99943,0.99784,0.98989,137.18,0.36858,0.29591,0.19725,0.10394,0.10394,0.19725,0.29591,0.36858,0.57673,8.0968,8.0978,8.1267,8.0852,8.0481,8.0478,7.9544,8.487,-0.00076,0.0011561,0.0091967,-0.0088124,-0.0012897,0.0084338,-0.18912,0.25343,3.0859,2.8177,2.8464,2.858,0.001881,1,0.027218,0.037744,0.046579,0.046256,0.020551,0.023094,0.038708,0.044427,0.033163,0.92998,0.92628,0.92189,0.92058,0.93164
244.56,267.71,172.91,33.943,125.25,125.25,33.943,172.91,267.71,1009.3,127.68,133.44,74.93,67.377,-72.932,-204.95,168.68,8.1939,-4.3816,6.9782,-23.538,41.174,-46.887,-18.378,-58.85,12.102,171.56,83.188,16.438,5.0951,2425.2,1,0.48904,0.2236,0.049317,0.22979,0.29421,0.2665,0.17595,0.098583,0.087073,0.19265,0.11131,0.2674,0.2708,0.28877,244.56,267.71,172.91,33.943,125.25,125.25,33.943,172.91,267.71,1009.3,127.68,133.44,74.93,67.377,-72.932,-204.95,168.68,8.1939,-4.3816,6.9782,-23.538,41.174,-46.887,-18.378,-58.85,12.102,171.56,83.188,16.438,5.0951,2425.2,1,0.48904,0.2236,0.049317,0.22979,0.29421,0.2665,0.17595,0.098583,0.087073,0.19265,0.11131,0.2674,0.2708,0.28877,244.56,267.71,172.91,33.943,125.25,125.25,33.943,172.91,267.71,1009.3,127.68,133.44,74.93,67.377,-72.932,-204.95,168.68,8.1939,-4.3816,6.9782,-23.538,41.174,-46.887,-18.378,-58.85,12.102,171.56,83.188,16.438,5.0951,2425.2,1,0.48904,0.2236,0.049317,0.22979,0.29421,0.2665,0.17595,0.098583,0.087073,0.19265,0.11131,0.2674,0.2708,0.28877,226.44,235.99,116.65,153.05,41.607,41.607,153.05,116.65,235.99,409.09,-12.161,-10.612,6.2195,-23.062,80.147,90.511,-78.698,-14.763,-0.99611,2.4875,5.8114,-23.021,60.458,0.35593,57.218,-30.615,83.5,75.313,0.21875,4.7174,926.97,1,0.2999,0.17806,0.15306,0.23871,0.35073,0.29105,0.045185,0.087788,0.023896,0.025313,0.061627,0.44469,0.23212,0.4521,226.44,235.99,116.65,153.05,41.607,41.607,153.05,116.65,235.99,409.09,-12.161,-10.612,6.2195,-23.062,80.147,90.511,-78.698,-14.763,-0.99611,2.4875,5.8114,-23.021,60.458,0.35593,57.218,-30.615,83.5,75.313,0.21875,4.7174,926.97,1,0.2999,0.17806,0.15306,0.23871,0.35073,0.29105,0.045185,0.087788,0.023896,0.025313,0.061627,0.44469,0.23212,0.4521,226.44,235.99,116.65,153.05,41.607,41.607,153.05,116.65,235.99,409.09,-12.161,-10.612,6.2195,-23.062,80.147,90.511,-78.698,-14.763,-0.99611,2.4875,5.8114,-23.021,60.458,0.35593,57.218,-30.615,83.5,75.313,0.21875,4.7174,926.97,1,0.2999,0.17806,0.15306,0.23871,0.35073,0.29105,0.045185,0.087788,0.023896,0.025313,0.061627,0.44469,0.23212,0.4521,70,166.86,81.453,238.02,140.31,140.31,238.02,81.453,166.86,78.504,8.0313,6.8233,-5.0838,-10.731,1.9385,7.2051,0.14753,-18.518,-1.8492,-10.628,-0.99824,-61.3,8.0987,-6.4379,-35.303,23.141,35,69,1,1.4583,310.72,1,0.19538,0.057962,0.13233,0.021871,0.032279,0.010829,0.052949,0.045619,0.27706,0.071146,0.085346,0.3029,0.080515,0.26087,55,12.438,6.6035,7,16.654,16.654,7,6.6035,12.438,5.218,-3.3248,-3.5625,-2.0837,-5.2789,-2.7385,-2.3534,-4.091,-0.5852,0.58362,1.0442,-0.14226,-3.652,1.5732,3.9225,-1.5081,1.8692,5,5,1,1.1458,3.3613,1,0.050252,0.1129,0.063148,0.023894,0.012759,0.18374,0.023034,0.10739,0.1818,0.25455,0.4,0.18,0.46667,0.33333,33.803,1.9964,0.65478,0.98469,0.68475,0.68475,0.98469,0.65478,1.9964,6.7754,0.98309,0.94044,-1.2991,-2.1126,-2.4621,-2.4177,-2.6096,-1.979,0.0065594,-0.13749,-0.078654,-0.10293,-0.056596,0.021636,-0.21302,0.29173,0.36963,1.1089,0.83203,0.70423,0.096611,1,0.50362,0.3289,0.23502,0.15761,0.070074,0.018627,0.049655,0.1002,0.12224,0.36151,0.67733,0.78446,0.78443,0.76648,21.397,0.44173,0.59917,0.14465,0.24936,0.24936,0.14465,0.59917,0.44173,6.5898,2.7114,2.779,2.1069,0.93249,0.82526,0.84686,0.6571,2.0902,-0.0013143,0.24768,-0.14427,-0.080536,0.096905,-0.16589,-0.19112,0.43923,0.96973,0.18213,0.34082,0.44577,0.062316,1,0.67912,0.43371,0.20443,0.039888,0.10282,0.10977,0.13265,0.12902,0.13394,0.8407,0.33787,0.31647,0.25691,0.47773,321.44,0.67147,0.36975,0.30944,0.28571,0.28571,0.30944,0.36975,0.67147,7.9678,19.684,19.683,19.739,19.786,18.944,18.301,18.152,18.18,0.00067092,-0.003342,0.0086777,0.18064,-0.064841,-0.083784,-0.013093,0.01558,6.9838,6.3947,6.6302,6.6967,0.06406,1,0.8892,0.78004,0.65874,0.52672,0.30054,0.14329,0.0083786,0.14939,0.27552,0.99844,0.99761,0.94979,0.92073,0.92011,153.31,0.94059,0.36705,0.36259,0.31948,0.31948,0.36259,0.36705,0.94059,10.351,8.1151,8.113,8.0872,8.0061,8.8605,10.221,9.9077,9.7092,0.00063916,-0.005543,0.011959,-0.25009,0.16289,0.20375,-0.060167,0.0053279,3.6567,2.8547,3.2029,3.1939,0.10431,1,0.89155,0.77174,0.63161,0.47327,0.2209,0.059043,0.086099,0.21656,0.32806,0.78233,0.78238,0.89218,0.99031,0.93822
145.5,232.58,155.08,131.57,74.823,74.823,131.57,155.08,232.58,943.88,-11.008,5.6621,142.18,63.518,-12.498,18.923,-210.26,104.79,-3.2877,51.335,6.0107,-11.239,-4.6785,2.2106,1.3514,63.439,69.438,102.31,5.4375,3.0313,1751.9,1,0.54288,0.26414,0.066284,0.017184,0.019793,0.062577,0.023406,0.001336,0.030073,0.39285,0.2191,0.047587,0.32526,0.62289,145.5,232.58,155.08,131.57,74.823,74.823,131.57,155.08,232.58,943.88,-11.008,5.6621,142.18,63.518,-12.498,18.923,-210.26,104.79,-3.2877,51.335,6.0107,-11.239,-4.6785,2.2106,1.3514,63.439,69.438,102.31,5.4375,3.0313,1751.9,1,0.54288,0.26414,0.066284,0.017184,0.019793,0.062577,0.023406,0.001336,0.030073,0.39285,0.2191,0.047587,0.32526,0.62289,145.5,232.58,155.08,131.57,74.823,74.823,131.57,155.08,232.58,943.88,-11.008,5.6621,142.18,63.518,-12.498,18.923,-210.26,104.79,-3.2877,51.335,6.0107,-11.239,-4.6785,2.2106,1.3514,63.439,69.438,102.31,5.4375,3.0313,1751.9,1,0.54288,0.26414,0.066284,0.017184,0.019793,0.062577,0.023406,0.001336,0.030073,0.39285,0.2191,0.047587,0.32526,0.62289,370.13,77.541,136.25,146.81,45.743,45.743,146.81,136.25,77.541,425.52,-19.466,-20.724,5.1607,2.3271,-16.559,99.753,86.304,-93.416,0.42625,-3.283,7.2341,-7.0958,-18.826,8.1545,12.762,-46.524,107.94,52.188,2.0313,7.7109,551.35,1,0.47156,0.18063,0.039587,0.019891,0.2877,0.22546,0.35338,0.071311,0.028287,0.039375,0.03056,0.04557,0.37052,0.21174,370.13,77.541,136.25,146.81,45.743,45.743,146.81,136.25,77.541,425.52,-19.466,-20.724,5.1607,2.3271,-16.559,99.753,86.304,-93.416,0.42625,-3.283,7.2341,-7.0958,-18.826,8.1545,12.762,-46.524,107.94,52.188,2.0313,7.7109,551.35,1,0.47156,0.18063,0.039587,0.019891,0.2877,0.22546,0.35338,0.071311,0.028287,0.039375,0.03056,0.04557,0.37052,0.21174,370.13,77.541,136.25,146.81,45.743,45.743,146.81,136.25,77.541,425.52,-19.466,-20.724,5.1607,2.3271,-16.559,99.753,86.304,-93.416,0.42625,-3.283,7.2341,-7.0958,-18.826,8.1545,12.762,-46.524,107.94,52.188,2.0313,7.7109,551.35,1,0.47156,0.18063,0.039587,0.019891,0.2877,0.22546,0.35338,0.071311,0.028287,0.039375,0.03056,0.04557,0.37052,0.21174,9,86.76,90.269,102.81,111.13,111.13,102.81,90.269,86.76,92.775,-7.2434,-5.0705,4.741,-5.655,-12.704,53.27,-26.186,-15.669,-1.1504,4.3021,-2.9681,1.4691,-48.099,1.193,14.103,-8.6188,46,44,0.5,0.1875,264.54,1,0.098095,0.20456,0.093473,0.11486,0.018892,0.092558,0.084179,0.10722,0.020189,0.08498,0.045894,0.13696,0.49034,0.36473,34,9.8278,6.0012,19.079,8.8575,8.8575,19.079,6.0012,9.8278,16.483,-2.9405,-2.8927,-1.2485,-3.6314,-2.9142,-3.8969,-3.0518,12.387,-0.30619,-0.83493,1.6379,3.0575,0.45162,2.0344,-8.7484,9.8406,8,5,1,0.70833,5.1046,1,0.01613,0.22095,0.021832,0.066929,0.11436,0.020218,0.075837,0.040943,0.072045,0.14773,0.20833,0.15,0.20833,0.34722,17.233,1.584,1.3636,0.56178,0.25301,0.25301,0.56178,1.3636,1.584,14.357,-0.61406,-0.68756,-1.7298,-2.1121,-2.7991,-0.056465,0.47543,0.69453,0.044589,-0.12675,-0.08378,-0.13469,-0.61751,-0.11078,-0.0023904,0.046659,0.80957,0.97607,0.54932,0.35903,0.22557,1,0.75893,0.62808,0.46055,0.30087,0.10083,0.047581,0.20297,0.31444,0.38842,0.54032,0.77594,0.81701,0.24946,0.23584,25.257,0.74544,0.39194,1.0785,0.78562,0.78562,1.0785,0.39194,0.74544,9.2829,2.7148,2.7647,1.5358,0.36368,0.47841,1.9693,2.2188,2.0756,0.0048265,0.20243,-0.027867,-0.23187,-0.29243,0.15912,-0.059517,0.016144,1.3018,0.041016,0.59521,0.52618,0.098449,1,0.73517,0.49822,0.31129,0.16022,0.13249,0.33159,0.44279,0.49263,0.48646,0.50464,0.11495,0.20049,0.63295,0.56835,324.43,0.60498,0.38236,0.27055,0.22107,0.22107,0.27055,0.38236,0.60498,4.6835,19.392,19.386,19.37,19.454,19.462,19.357,18.528,18.042,0.0014356,-0.018518,0.011717,-0.0031094,0.093754,0.007407,-0.12634,-0.0030018,6.8897,6.3531,6.8543,6.759,0.031565,1,0.77902,0.5921,0.40639,0.23893,0.022815,0.086528,0.15083,0.172,0.18374,0.99412,0.99819,0.99813,0.97695,0.93291,150.38,0.61372,0.34434,0.36875,0.29673,0.29673,0.36875,0.34434,0.61372,7.7427,8.3584,8.3569,8.3449,8.3449,8.2291,8.6937,10.073,10.067,0.00092151,-0.002669,-0.0058318,0.012109,-0.25169,0.12652,0.12377,-0.09571,3.6403,2.916,2.9505,3.1329,0.077876,1,0.84751,0.68157,0.49364,0.30102,0.047243,0.078359,0.16064,0.19282,0.2048,0.81079,0.80987,0.80447,0.90549,0.98976
729.19,609.46,235.86,184.65,51.272,51.272,184.65,235.86,609.46,767.96,140.99,143.66,163.28,7.3765,-222.28,225.75,16.245,21.442,-5.4246,-7.9993,4.2038,-21.926,-43.463,-81.089,1.8785,-0.371,156.13,105.44,12.438,15.191,3617.1,1,0.31547,0.061755,0.090158,0.14778,0.34599,0.26747,0.16135,0.15068,0.084608,0.35483,0.16026,0.39087,0.49128,0.083222,729.19,609.46,235.86,184.65,51.272,51.272,184.65,235.86,609.46,767.96,140.99,143.66,163.28,7.3765,-222.28,225.75,16.245,21.442,-5.4246,-7.9993,4.2038,-21.926,-43.463,-81.089,1.8785,-0.371,156.13,105.44,12.438,15.191,3617.1,1,0.31547,0.061755,0.090158,0.14778,0.34599,0.26747,0.16135,0.15068,0.084608,0.35483,0.16026,0.39087,0.49128,0.083222,729.19,609.46,235.86,184.65,51.272,51.272,184.65,235.86,609.46,767.96,140.99,143.66,163.28,7.3765,-222.28,225.75,16.245,21.442,-5.4246,-7.9993,4.2038,-21.926,-43.463,-81.089,1.8785,-0.371,156.13,105.44,12.438,15.191,3617.1,1,0.31547,0.061755,0.090158,0.14778,0.34599,0.26747,0.16135,0.15068,0.084608,0.35483,0.16026,0.39087,0.49128,0.083222,145.69,211.58,152.24,178.28,41.067,41.067,178.28,152.24,211.58,417.19,-8.6568,-8.7553,10.379,-21.414,195.24,-133.4,1.8349,-2.8227,-0.045815,-0.51925,6.5458,5.9278,-68.164,31.363,8.6284,-7.5427,126.63,129.88,0.375,3.0352,1796.5,1,0.32714,0.14417,0.33988,0.35721,0.13327,0.022189,0.066185,0.001927,0.00011314,0.020693,0.073468,0.48239,0.37408,0.050262,145.69,211.58,152.24,178.28,41.067,41.067,178.28,152.24,211.58,417.19,-8.6568,-8.7553,10.379,-21.414,195.24,-133.4,1.8349,-2.8227,-0.045815,-0.51925,6.5458,5.9278,-68.164,31.363,8.6284,-7.5427,126.63,129.88,0.375,3.0352,1796.5,1,0.32714,0.14417,0.33988,0.35721,0.13327,0.022189,0.066185,0.001927,0.00011314,0.020693,0.073468,0.48239,0.37408,0.050262,145.69,211.58,152.24,178.28,41.067,41.067,178.28,152.24,211.58,417.19,-8.6568,-8.7553,10.379,-21.414,195.24,-133.4,1.8349,-2.8227,-0.045815,-0.51925,6.5458,5.9278,-68.164,31.363,8.6284,-7.5427,126.63,129.88,0.375,3.0352,1796.5,1,0.32714,0.14417,0.33988,0.35721,0.13327,0.022189,0.066185,0.001927,0.00011314,0.020693,0.073468,0.48239,0.37408,0.050262,72,33.52,261.74,124.85,195.18,195.18,124.85,261.74,33.52,13.391,-21.408,-13.528,15.604,-32.958,4.8951,8.1458,-14.643,-1.7045,-2.2175,22.073,32.027,26.998,-37.62,-28.596,-8.7489,9.3293,50,91,0.5,1.5,496.26,1,0.32671,0.12705,0.082972,0.060013,0.084076,0.10521,0.12785,0.015842,0.079232,0.096903,0.16484,0.10879,0.2674,0.11722,26,22.296,32.123,35.763,4.4862,4.4862,35.763,32.123,22.296,17.539,-1.355,-1.38,-1.4105,-3.4387,0.032083,3.5643,-6.523,-0.34372,0.73396,2.3358,-3.8433,0.24075,5.3099,-3.7782,0.15685,1.1447,14,10,1,0.54167,12.509,1,0.010781,0.080171,0.14049,0.04503,0.13483,0.0011635,0.11153,0.1143,0.027628,0.14935,0.21429,0.12143,0.27778,0.095238,32.476,2.3402,0.61692,0.6429,0.59664,0.59664,0.6429,0.61692,2.3402,8.8133,1.4437,1.3605,-0.79328,-2.1402,-2.4588,-2.5686,-2.5584,-2.2104,0.033871,-0.19849,-0.21985,-0.057717,-0.043353,-0.11892,0.020985,0.055196,0.58691,0.99609,0.84058,0.67658,0.13595,1,0.59447,0.4586,0.34964,0.15074,0.037168,0.016523,0.05461,0.099698,0.12854,0.31159,0.76699,0.88422,0.92326,0.83268,21.337,0.70482,0.35478,0.50855,0.38692,0.38692,0.50855,0.35478,0.70482,5.5844,2.5462,2.5938,2.2641,1.1811,0.96241,0.94668,0.68415,0.8966,-0.015179,0.12769,-0.0079291,-0.10734,0.006823,0.072095,-0.090538,0.11262,0.93896,0.19385,0.34619,0.44453,0.051981,1,0.79066,0.59927,0.41592,0.24356,0.042144,0.039167,0.0845,0.094558,0.10329,0.88243,0.45051,0.35455,0.3331,0.26885,324.92,0.72851,0.41054,0.32453,0.25102,0.25102,0.32453,0.41054,0.72851,8.3976,19.895,19.891,19.966,20.039,19.192,18.476,18.289,18.361,0.00050995,-0.014043,0.011172,0.18567,-0.054116,-0.053011,0.0019971,0.013258,7.0703,6.4605,6.7065,6.7691,0.070254,1,0.89415,0.78922,0.66575,0.52624,0.29678,0.13968,0.013717,0.15763,0.28687,0.99727,0.99824,0.94958,0.91755,0.91633,154.76,0.80757,0.60831,0.34573,0.31777,0.31777,0.34573,0.60831,0.80757,10.581,8.0829,8.0807,8.0472,7.8666,9.637,10.174,9.8044,9.8323,0.00061632,-0.0063216,0.02852,-0.43602,0.57645,-0.11727,0.008539,-0.00080573,3.8273,2.8271,3.3899,3.2243,0.12555,1,0.83801,0.65682,0.47164,0.31813,0.14591,0.051379,0.047066,0.16112,0.28531,0.74361,0.74208,0.91922,0.91287,0.90781
75.313,95.991,68.317,70.938,14.904,14.904,70.938,68.317,95.991,620.55,-11.338,-0.70469,79.666,52.154,4.0116,5.8399,-69.094,-178.26,-3.6148,27.72,-4.544,-3.3739,7.6942,15.314,0.23031,-22.515,35.375,74.5,1.8438,1.569,729.89,1,0.70181,0.49771,0.34714,0.2182,0.09443,0.051366,0.00082634,0.038042,0.035022,0.31559,0.24133,0.050252,0.087528,0.64057,75.313,95.991,68.317,70.938,14.904,14.904,70.938,68.317,95.991,620.55,-11.338,-0.70469,79.666,52.154,4.0116,5.8399,-69.094,-178.26,-3.6148,27.72,-4.544,-3.3739,7.6942,15.314,0.23031,-22.515,35.375,74.5,1.8438,1.569,729.89,1,0.70181,0.49771,0.34714,0.2182,0.09443,0.051366,0.00082634,0.038042,0.035022,0.31559,0.24133,0.050252,0.087528,0.64057,75.313,95.991,68.317,70.938,14.904,14.904,70.938,68.317,95.991,620.55,-11.338,-0.70469,79.666,52.154,4.0116,5.8399,-69.094,-178.26,-3.6148,27.72,-4.544,-3.3739,7.6942,15.314,0.23031,-22.515,35.375,74.5,1.8438,1.569,729.89,1,0.70181,0.49771,0.34714,0.2182,0.09443,0.051366,0.00082634,0.038042,0.035022,0.31559,0.24133,0.050252,0.087528,0.64057,359.38,47.131,25.152,80.642,24.543,24.543,80.642,25.152,47.131,391.44,-14.491,-17.023,3.0489,3.2585,-18.538,-0.59422,114.5,37.323,0.53957,-7.6657,8.5407,-1.3401,-9.8062,-4.2975,5.8769,-20.282,57.813,13.188,0.78125,7.487,349.04,1,0.61489,0.37757,0.20087,0.0060373,0.12866,0.1603,0.16092,0.15814,0.14863,0.079607,0.057898,0.089297,0.30799,0.59435,359.38,47.131,25.152,80.642,24.543,24.543,80.642,25.152,47.131,391.44,-14.491,-17.023,3.0489,3.2585,-18.538,-0.59422,114.5,37.323,0.53957,-7.6657,8.5407,-1.3401,-9.8062,-4.2975,5.8769,-20.282,57.813,13.188,0.78125,7.487,349.04,1,0.61489,0.37757,0.20087,0.0060373,0.12866,0.1603,0.16092,0.15814,0.14863,0.079607,0.057898,0.089297,0.30799,0.59435,359.38,47.131,25.152,80.642,24.543,24.543,80.642,25.152,47.131,391.44,-14.491,-17.023,3.0489,3.2585,-18.538,-0.59422,114.5,37.323,0.53957,-7.6657,8.5407,-1.3401,-9.8062,-4.2975,5.8769,-20.282,57.813,13.188,0.78125,7.487,349.04,1,0.61489,0.37757,0.20087,0.0060373,0.12866,0.1603,0.16092,0.15814,0.14863,0.079607,0.057898,0.089297,0.30799,0.59435,52,34.961,114.15,71.358,44.269,44.269,71.358,114.15,34.961,33.078,0.57959,-1.3338,-2.6201,-4.409,-7.3948,1.2479,3.7758,-8.6707,0.10879,-6.7807,1.3353,6.2503,5.5845,1.091,-12.744,7.1855,30,38,0,1.0833,116.63,1,0.077801,0.24958,0.15172,0.025696,0.032761,0.15438,0.090823,0.056605,0.010515,0.078947,0.070175,0.11316,0.42105,0.19883,45,15.85,37.212,23.302,25,25,23.302,37.212,15.85,17.708,17.481,13.166,-2.7471,-6.175,-0.93945,-6.2044,-0.89731,-1.7894,2.8577,-6.649,2.8865,-5.6852,4.4922,3.3084,-0.55676,0.24264,10,10,1,0.9375,14.315,1,0.14029,0.11234,0.24361,0.041204,0.15144,0.0013818,0.024803,0.021377,0.15153,0.31818,0.27778,0.25,0.31111,0.2,18.796,1.7442,1.4586,0.80746,0.73047,0.73047,0.80746,1.4586,1.7442,17.709,2.7634,2.9303,1.6941,-0.93988,-2.1624,-2.4575,-2.426,-2.4479,0.0087506,0.65196,-0.38274,-0.12229,-0.1137,-0.01334,0.039799,-0.034883,1.0581,0.91504,0.7749,0.39159,0.45164,1,0.79065,0.61902,0.42823,0.27781,0.1268,0.043122,0.04164,0.11729,0.16893,0.69912,0.34651,0.75722,0.81885,0.80639,23.54,0.69309,0.44171,0.36412,0.30289,0.30289,0.36412,0.44171,0.69309,7.4372,1.1643,1.1231,2.4852,2.2444,1.0416,1.0759,0.66645,0.70712,-0.013112,-0.19729,0.20191,-0.24187,-0.0077604,0.051515,-0.051338,0.04753,1.0693,0.17725,0.3811,0.49042,0.070405,1,0.8012,0.61515,0.40791,0.21139,0.003213,0.075891,0.08872,0.096997,0.11765,0.68705,0.70786,0.34128,0.31461,0.20457,331.41,1.1161,0.56508,0.45484,0.42168,0.42168,0.45484,0.56508,1.1161,6.7308,19.957,19.951,19.928,20.029,20.027,19.779,18.723,17.849,0.0013459,-0.017892,0.017595,0.0049101,0.11472,-0.10402,-0.046559,-0.14326,7.0838,6.2821,7.0473,6.9044,0.064442,1,0.75403,0.59519,0.44967,0.3019,0.076865,0.058306,0.13104,0.16453,0.18835,0.99484,0.99952,0.99775,0.96393,0.91033,144.34,1.0076,0.54757,0.45844,0.41716,0.41716,0.45844,0.54757,1.0076,7.0987,8.0826,8.0812,8.0583,8.0485,7.9786,8.1064,9.4327,10.218,-0.0004673,-0.0067457,-0.011911,0.016505,-0.12291,0.023466,0.14665,0.048664,3.6262,2.8071,2.8488,3.007,0.076317,1,0.77952,0.59184,0.40737,0.23074,0.0033907,0.10604,0.15382,0.16354,0.16794,0.7863,0.78406,0.77902,0.84105,0.97088
45.125,166.8,132.31,96.887,50.623,50.623,96.887,132.31,166.8,497.5,8.3811,3.924,14.605,99.96,-18.276,30.996,-7.1594,-179.49,-3.5803,-28.483,48.582,-12.561,-10.891,32.199,-18.357,-21.246,63.063,73.563,0.5,0.9401,801.6,1,0.50522,0.19243,0.099231,0.20698,0.20886,0.087182,0.04351,0.11301,0.18891,0.20561,0.4301,0.098131,0.18116,0.51638,45.125,166.8,132.31,96.887,50.623,50.623,96.887,132.31,166.8,497.5,8.3811,3.924,14.605,99.96,-18.276,30.996,-7.1594,-179.49,-3.5803,-28.483,48.582,-12.561,-10.891,32.199,-18.357,-21.246,63.063,73.563,0.5,0.9401,801.6,1,0.50522,0.19243,0.099231,0.20698,0.20886,0.087182,0.04351,0.11301,0.18891,0.20561,0.4301,0.098131,0.18116,0.51638,45.125,166.8,132.31,96.887,50.623,50.623,96.887,132.31,166.8,497.5,8.3811,3.924,14.605,99.96,-18.276,30.996,-7.1594,-179.49,-3.5803,-28.483,48.582,-12.561,-10.891,32.199,-18.357,-21.246,63.063,73.563,0.5,0.9401,801.6,1,0.50522,0.19243,0.099231,0.20698,0.20886,0.087182,0.04351,0.11301,0.18891,0.20561,0.4301,0.098131,0.18116,0.51638,280.44,39.649,78.619,21.031,39.481,39.481,21.031,78.619,39.649,273.38,21.603,21.879,-2.9478,11.193,2.5423,-19.438,17.635,140.94,-0.054305,0.85019,1.0946,8.3336,-5.4688,-27.497,5.6915,20.885,62.688,12.75,1.375,5.8424,259.04,1,0.48516,0.2507,0.039601,0.15027,0.18398,0.15141,0.17052,0.12802,0.082136,0.070516,0.062812,0.057428,0.093276,0.5211,280.44,39.649,78.619,21.031,39.481,39.481,21.031,78.619,39.649,273.38,21.603,21.879,-2.9478,11.193,2.5423,-19.438,17.635,140.94,-0.054305,0.85019,1.0946,8.3336,-5.4688,-27.497,5.6915,20.885,62.688,12.75,1.375,5.8424,259.04,1,0.48516,0.2507,0.039601,0.15027,0.18398,0.15141,0.17052,0.12802,0.082136,0.070516,0.062812,0.057428,0.093276,0.5211,280.44,39.649,78.619,21.031,39.481,39.481,21.031,78.619,39.649,273.38,21.603,21.879,-2.9478,11.193,2.5423,-19.438,17.635,140.94,-0.054305,0.85019,1.0946,8.3336,-5.4688,-27.497,5.6915,20.885,62.688,12.75,1.375,5.8424,259.04,1,0.48516,0.2507,0.039601,0.15027,0.18398,0.15141,0.17052,0.12802,0.082136,0.070516,0.062812,0.057428,0.093276,0.5211,28,47.994,45.311,82.292,80.964,80.964,82.292,45.311,47.994,32.852,2.4827,2.5885,-9.8744,-0.48757,-5.0457,3.0326,-2.5437,27.067,-0.60393,-1.6039,1.9203,-1.2316,3.5922,9.9902,-34.028,32.047,27,45,0,0.58333,114.55,1,0.027494,0.085236,0.062464,0.038446,0.013327,0.021993,0.040488,0.0058897,0.03863,0.10101,0.066667,0.064444,0.12346,0.4,46,23.082,1.4596,39.887,27.075,27.075,39.887,1.4596,23.082,11.771,-4.4435,-3.91,-7.5503,-1.5411,-2.5013,-3.4466,0.25681,-0.96043,-0.68269,-0.26822,1.3056,2.0728,-3.6498,-6.9993,1.5835,-1.4584,4,14,0,0.95833,12.254,1,0.055573,0.074606,0.20494,0.055518,0.22475,0.11146,0.12485,0.0099298,0.04646,0.20779,0.15873,0.11429,0.30159,0.11111,10.868,2.0233,1.1567,2.0262,1.2868,1.2868,2.0262,1.1567,2.0233,23.737,2.5875,2.5854,2.5564,2.8017,2.1547,-1.1061,-2.0104,-2.4033,-0.00010729,-0.0079148,-0.067674,0.27607,0.00094121,-0.13554,-0.049049,-0.042938,1.0132,0.85791,0.75146,0.22641,0.60459,1,0.8629,0.74692,0.61698,0.48166,0.26978,0.12483,0.025389,0.15183,0.26865,0.89928,0.94249,0.53706,0.6181,0.78367,25.011,0.16248,0.42688,0.33838,0.33237,0.33237,0.33838,0.42688,0.16248,7.1075,0.98298,0.9808,0.9621,1.0783,2.2872,2.438,1.1998,0.80294,-0.00024483,-0.0089112,-0.079615,-0.035731,0.22883,-0.005846,-0.095226,-0.0084925,1.0947,0.23486,0.37231,0.52106,0.05627,1,0.79907,0.60162,0.33849,0.065082,0.28581,0.45625,0.56069,0.55702,0.52342,0.31579,0.38388,0.75986,0.63683,0.28754,336.51,0.56321,0.27685,0.22593,0.21589,0.21589,0.22593,0.27685,0.56321,2.9014,19.832,19.83,19.907,19.97,20.053,20.083,19.733,18.791,0.0013352,-0.00082364,-0.018076,0.010087,-0.01232,0.11129,-0.096606,-0.11895,7.0954,6.618,7.0523,7.0105,0.015822,1,0.61049,0.32938,0.12612,0.012509,0.095296,0.11701,0.1276,0.14745,0.16898,0.99112,0.99527,0.99912,0.99692,0.95583,142.16,0.8405,0.48372,0.37507,0.34543,0.34543,0.37507,0.48372,0.8405,2.8982,8.2705,8.2777,8.2383,8.2069,8.2178,8.119,8.3552,9.781,-0.0044711,0.012016,0.0071295,0.00089634,0.020266,-0.12974,0.066591,0.2409,3.5254,2.8685,2.9043,2.9617,0.023796,1,0.52342,0.21396,0.025777,0.073962,0.098077,0.089112,0.070865,0.062643,0.063306,0.82736,0.82313,0.82323,0.8166,0.91494
619.31,3.1903,18.993,33.205,27.471,27.471,33.205,18.993,3.1903,402.33,-4.1521,-2.7586,-14.709,39.16,-1.0762,108.39,73.463,14.254,-0.13536,4.753,-18.827,4.766,11.836,-1.6194,-2.7257,-10.035,55.625,9.9375,6.625,12.902,310.46,1,0.51531,0.20416,0.055707,0.052086,0.075989,0.0098141,0.114,0.07194,0.043641,0.044842,0.24395,0.22888,0.67066,0.25605,619.31,3.1903,18.993,33.205,27.471,27.471,33.205,18.993,3.1903,402.33,-4.1521,-2.7586,-14.709,39.16,-1.0762,108.39,73.463,14.254,-0.13536,4.753,-18.827,4.766,11.836,-1.6194,-2.7257,-10.035,55.625,9.9375,6.625,12.902,310.46,1,0.51531,0.20416,0.055707,0.052086,0.075989,0.0098141,0.114,0.07194,0.043641,0.044842,0.24395,0.22888,0.67066,0.25605,619.31,3.1903,18.993,33.205,27.471,27.471,33.205,18.993,3.1903,402.33,-4.1521,-2.7586,-14.709,39.16,-1.0762,108.39,73.463,14.254,-0.13536,4.753,-18.827,4.766,11.836,-1.6194,-2.7257,-10.035,55.625,9.9375,6.625,12.902,310.46,1,0.51531,0.20416,0.055707,0.052086,0.075989,0.0098141,0.114,0.07194,0.043641,0.044842,0.24395,0.22888,0.67066,0.25605,9.8125,6.2938,21.851,14.865,8.7971,8.7971,14.865,21.851,6.2938,9.6418,-1.7717,-1.4425,-4.4973,6.5089,-5.9776,0.95566,3.7845,-5.2986,-0.45985,-0.29319,-0.36121,6.8787,-5.626,4.1869,-3.8648,1.0928,4.6875,7.5,0.375,0.20443,7.5382,1,0.26124,0.0070051,0.41791,0.47606,0.31673,0.19527,0.20333,0.42115,0.3146,0.22955,0.24537,0.40583,0.29815,0.32778,9.8125,6.2938,21.851,14.865,8.7971,8.7971,14.865,21.851,6.2938,9.6418,-1.7717,-1.4425,-4.4973,6.5089,-5.9776,0.95566,3.7845,-5.2986,-0.45985,-0.29319,-0.36121,6.8787,-5.626,4.1869,-3.8648,1.0928,4.6875,7.5,0.375,0.20443,7.5382,1,0.26124,0.0070051,0.41791,0.47606,0.31673,0.19527,0.20333,0.42115,0.3146,0.22955,0.24537,0.40583,0.29815,0.32778,9.8125,6.2938,21.851,14.865,8.7971,8.7971,14.865,21.851,6.2938,9.6418,-1.7717,-1.4425,-4.4973,6.5089,-5.9776,0.95566,3.7845,-5.2986,-0.45985,-0.29319,-0.36121,6.8787,-5.626,4.1869,-3.8648,1.0928,4.6875,7.5,0.375,0.20443,7.5382,1,0.26124,0.0070051,0.41791,0.47606,0.31673,0.19527,0.20333,0.42115,0.3146,0.22955,0.24537,0.40583,0.29815,0.32778,19,29.147,14.433,41.725,22.708,22.708,41.725,14.433,29.147,33.671,-7.7509,-6.7438,-2.5126,-2.6391,-3.5384,-5.6078,2.9804,17.267,-0.9138,0.73427,-1.7276,-2.8682,1.6038,1.9213,-9.3873,10.093,11,12,1,0.39583,17.478,1,0.0072421,0.047313,0.10128,0.03078,0.021842,0.11896,0.076218,0.00075131,0.010362,0.090909,0.11111,0.39167,0.2963,0.35185,80,34.537,6.97,31.953,11.483,11.483,31.953,6.97,34.537,10.922,-4.6905,-4.7772,-2.1346,-6.1291,-7.7053,-2.7624,-5.8345,-2.5901,-1.5397,-5.4191,6.7271,-0.15193,1.9821,-1.2435,-0.56601,1.0962,8,12,1,1.6667,12.61,1,0.22666,0.075178,0.062617,0.051181,0.039933,0.027372,0.01706,0.0022497,0.04012,0.17424,0.39815,0.20833,0.18519,0.15741,43.81,1.2879,0.4606,0.32183,0.25143,0.25143,0.32183,0.4606,1.2879,1.1445,2.621,2.6252,2.6359,2.6247,2.6291,2.5937,3.0057,1.3019,0.00013321,0.016147,0.011072,0.0020687,0.0023724,-0.13279,0.15432,-0.4665,1.0864,0.37598,0.93066,0.9127,0.017341,1,0.051194,0.25848,0.21889,0.090649,0.0071036,0.01026,0.0080389,0.0099978,0.0064622,0.85679,0.85558,0.8556,0.87131,0.75576,17.69,1.0281,0.35659,0.41372,0.19782,0.19782,0.41372,0.35659,1.0281,3.4459,0.81094,0.80948,0.81392,0.82165,0.83624,0.78718,1.2316,2.4076,0.0006641,-0.00325,0.0053738,-9.2696e-05,0.010098,-0.13691,0.1698,0.11098,0.87158,0.27734,0.29346,0.36855,0.029293,1,0.59498,0.30924,0.1773,0.01275,0.053281,0.056201,0.063016,0.066905,0.078525,0.3289,0.33383,0.33978,0.35319,0.78867,341.89,0.019695,0.011258,0.004983,0.0091411,0.0091411,0.004983,0.011258,0.019695,0.25636,20.16,20.157,20.165,20.177,20.126,20.098,20.16,20.14,0.00024716,-0.0071012,0.0054423,0.0094938,-0.015405,0.002173,0.0083803,-0.010465,7.1341,7.1014,7.1262,7.1226,0.00010218,1,0.78503,0.51957,0.21402,0.085981,0.39814,0.48704,0.48475,0.41587,0.30598,0.99918,0.99969,0.99688,0.99724,0.99896,135.86,0.019919,0.013914,0.0054721,0.0051392,0.0051392,0.0054721,0.013914,0.019919,0.22658,7.997,8.0014,7.976,7.9734,8.043,8.0195,8.0131,8.0136,-0.000646,0.014441,-0.012973,0.0034192,0.0020524,-0.0063174,-0.0046336,0.0036469,2.85,2.8127,2.8313,2.8305,8.7655e-05,1,0.73694,0.48259,0.18881,0.085888,0.32799,0.35449,0.30368,0.23308,0.16469,0.99074,0.98981,0.99727,0.99401,0.99405
20.688,34.264,72.46,30.762,28.206,28.206,30.762,72.46,34.264,28.375,-2.8569,-2.9364,-2.2433,0.934,-0.83628,16.19,-13.759,13.294,0.023611,-0.21885,0.86489,-2.2355,-0.51998,11.044,2.6613,3.5035,27.5,17.563,0.3125,0.43099,41.472,1,0.14344,0.12974,0.22083,0.031007,0.027313,0.0022212,0.044273,0.032356,0.037317,0.059091,0.022222,0.0775,0.15783,0.39571,20.688,34.264,72.46,30.762,28.206,28.206,30.762,72.46,34.264,28.375,-2.8569,-2.9364,-2.2433,0.934,-0.83628,16.19,-13.759,13.294,0.023611,-0.21885,0.86489,-2.2355,-0.51998,11.044,2.6613,3.5035,27.5,17.563,0.3125,0.43099,41.472,1,0.14344,0.12974,0.22083,0.031007,0.027313,0.0022212,0.044273,0.032356,0.037317,0.059091,0.022222,0.0775,0.15783,0.39571,20.688,34.264,72.46,30.762,28.206,28.206,30.762,72.46,34.264,28.375,-2.8569,-2.9364,-2.2433,0.934,-0.83628,16.19,-13.759,13.294,0.023611,-0.21885,0.86489,-2.2355,-0.51998,11.044,2.6613,3.5035,27.5,17.563,0.3125,0.43099,41.472,1,0.14344,0.12974,0.22083,0.031007,0.027313,0.0022212,0.044273,0.032356,0.037317,0.059091,0.022222,0.0775,0.15783,0.39571,2.3125,5.2757,17.949,2.7649,6.1116,6.1116,2.7649,17.949,5.2757,12.393,-8.2341,-6.2078,6.1404,0.54668,-1.8193,-1.3833,3.0999,-8.0316,-2.1286,0.51802,1.0746,-1.6917,1.3295,5.0745,-1.9883,-0.75937,8.9375,5.1875,0.125,0.048177,6.9397,1,0.19768,0.10728,0.15568,0.19745,0.051508,0.053862,0.036158,0.11987,0.0094057,0.33439,0.12587,0.081818,0.25719,0.26651,2.3125,5.2757,17.949,2.7649,6.1116,6.1116,2.7649,17.949,5.2757,12.393,-8.2341,-6.2078,6.1404,0.54668,-1.8193,-1.3833,3.0999,-8.0316,-2.1286,0.51802,1.0746,-1.6917,1.3295,5.0745,-1.9883,-0.75937,8.9375,5.1875,0.125,0.048177,6.9397,1,0.19768,0.10728,0.15568,0.19745,0.051508,0.053862,0.036158,0.11987,0.0094057,0.33439,0.12587,0.081818,0.25719,0.26651,2.3125,5.2757,17.949,2.7649,6.1116,6.1116,2.7649,17.949,5.2757,12.393,-8.2341,-6.2078,6.1404,0.54668,-1.8193,-1.3833,3.0999,-8.0316,-2.1286,0.51802,1.0746,-1.6917,1.3295,5.0745,-1.9883,-0.75937,8.9375,5.1875,0.125,0.048177,6.9397,1,0.19768,0.10728,0.15568,0.19745,0.051508,0.053862,0.036158,0.11987,0.0094057,0.33439,0.12587,0.081818,0.25719,0.26651,57,41.879,72.054,32.078,19.299,19.299,32.078,72.054,41.879,22.694,0.045781,2.1615,-1.1756,-1.1551,-8.0081,-4.1408,-1.8897,-11.447,-2.6189,-0.77096,-1.9275,-5.8014,1.0113,-5.6247,-0.020241,-1.9402,10,11,1,1.1875,18.496,1,0.068207,0.10757,0.2146,0.17334,0.016123,0.055638,0.075994,0.11704,0.17566,0.38843,0.30303,0.31818,0.23232,0.24242,52,15.414,13.338,4,9.8108,9.8108,4,13.338,15.414,2.9111,-0.69612,-1.9597,-1.8592,-2.9928,-3.5819,-3.6241,-1.755,-4.8258,0.76547,-2.1826,1.1465,-1.2431,-0.093303,-2.9804,-0.64921,-0.13258,1,4,1,1.0833,1.8227,1,0.23565,0.0081874,0.046125,0.088278,0.10895,0.01832,0.016861,0.1143,0.016213,0.34091,0.25,0.325,0.44444,0.36111,2.1299,2.3556,0.51865,1.4753,1.5474,1.5474,1.4753,0.51865,2.3556,16.806,2.6292,2.6408,2.5459,-1.6725,-2.5101,0.51904,0.51897,0.82779,0.0025112,0.051379,-0.54937,0.021556,0.17951,0.2926,-0.32025,0.30777,1.1362,0.92725,0.22388,0.044373,0.45262,1,0.68,0.43108,0.2081,0.055157,0.32353,0.40208,0.45702,0.48996,0.40014,0.79689,0.56257,0.64108,0.28339,0.22838,29.258,2.0667,0.40609,1.5267,0.50465,0.50465,1.5267,0.40609,2.0667,5.0598,0.8051,0.6463,1.9269,1.3058,0.74837,2.4727,2.4062,2.0582,-0.00085413,-0.59548,0.62854,-0.4376,0.79787,-0.14378,0.050349,-0.10967,1.3242,0.0043945,0.73535,0.60954,0.10669,1,0.51041,0.073752,0.16953,0.25974,0.22314,0.079786,0.092966,0.18251,0.084484,0.37852,0.36685,0.36681,0.60673,0.61115,348.3,0.042576,0.0096124,0.0025295,0.0078158,0.0078158,0.0025295,0.0096124,0.042576,0.054072,20.5,20.505,20.527,20.52,20.524,20.521,20.551,20.482,-0.0015764,0.013544,0.0041772,-0.0063307,0.0012506,0.0056236,0.0041731,-0.01722,7.2693,7.2368,7.2559,7.2563,3.5287e-05,1,0.1732,0.19295,0.36084,0.29279,0.047572,0.096304,0.042838,0.069075,0.14509,0.99813,0.9981,0.99821,0.99865,0.99801,133.86,0.056841,0.0072917,0.017792,0.014169,0.014169,0.017792,0.0072917,0.056841,0.077004,7.8453,7.8406,7.8572,7.9014,7.8877,7.8851,7.8943,7.9433,0.0018756,-0.011108,0.0013332,0.0069941,0.0012496,-0.019372,0.004106,0.0068969,2.81,2.7691,2.7893,2.7887,9.7493e-05,1,0.56006,0.26735,0.027131,0.15154,0.13422,0.13419,0.1237,0.097364,0.054324,0.98798,0.99378,0.99244,0.99156,0.99726
37.875,429.4,145.22,118.56,58.525,58.525,118.56,145.22,429.4,493.61,-1.1176,-1.2662,30.124,137.8,-176.41,16.923,3.3784,3.8805,-0.98977,-3.83,107.91,47.519,55.269,-9.1131,-0.28002,0.31661,98.5,132.56,1.75,0.78906,1780.8,1,0.26285,0.061437,0.11022,0.2964,0.37655,0.10122,0.016879,0.050999,0.0017713,0.065492,0.35989,0.37426,0.087747,0.019959,37.875,429.4,145.22,118.56,58.525,58.525,118.56,145.22,429.4,493.61,-1.1176,-1.2662,30.124,137.8,-176.41,16.923,3.3784,3.8805,-0.98977,-3.83,107.91,47.519,55.269,-9.1131,-0.28002,0.31661,98.5,132.56,1.75,0.78906,1780.8,1,0.26285,0.061437,0.11022,0.2964,0.37655,0.10122,0.016879,0.050999,0.0017713,0.065492,0.35989,0.37426,0.087747,0.019959,37.875,429.4,145.22,118.56,58.525,58.525,118.56,145.22,429.4,493.61,-1.1176,-1.2662,30.124,137.8,-176.41,16.923,3.3784,3.8805,-0.98977,-3.83,107.91,47.519,55.269,-9.1131,-0.28002,0.31661,98.5,132.56,1.75,0.78906,1780.8,1,0.26285,0.061437,0.11022,0.2964,0.37655,0.10122,0.016879,0.050999,0.0017713,0.065492,0.35989,0.37426,0.087747,0.019959,4.875,335.95,38.995,86.322,262.26,262.26,86.322,38.995,335.95,58.551,0.015087,2.811,-11.657,0.63584,35.419,-33.125,3.5289,7.4153,-0.034008,10.322,-2.3701,-8.6077,-95.348,11.475,0.61939,0.32226,74.188,95.813,1.0625,0.10156,681.29,1,0.18216,0.35011,0.00066113,0.23389,0.1004,0.10123,0.030395,0.10275,0.032191,0.04673,0.1093,0.38604,0.20577,0.022831,4.875,335.95,38.995,86.322,262.26,262.26,86.322,38.995,335.95,58.551,0.015087,2.811,-11.657,0.63584,35.419,-33.125,3.5289,7.4153,-0.034008,10.322,-2.3701,-8.6077,-95.348,11.475,0.61939,0.32226,74.188,95.813,1.0625,0.10156,681.29,1,0.18216,0.35011,0.00066113,0.23389,0.1004,0.10123,0.030395,0.10275,0.032191,0.04673,0.1093,0.38604,0.20577,0.022831,4.875,335.95,38.995,86.322,262.26,262.26,86.322,38.995,335.95,58.551,0.015087,2.811,-11.657,0.63584,35.419,-33.125,3.5289,7.4153,-0.034008,10.322,-2.3701,-8.6077,-95.348,11.475,0.61939,0.32226,74.188,95.813,1.0625,0.10156,681.29,1,0.18216,0.35011,0.00066113,0.23389,0.1004,0.10123,0.030395,0.10275,0.032191,0.04673,0.1093,0.38604,0.20577,0.022831,162,68.597,124.74,169.32,234.71,234.71,169.32,124.74,68.597,89.769,2.5943,1.6208,-1.2846,-19.571,-21.35,-9.5259,-2.5124,-5.0748,0.9138,-0.6092,7.1404,4.9938,11.604,17.173,-0.11471,-0.43676,31,89,0.5,3.375,328.07,1,0.16215,0.37254,0.010224,0.051323,0.14663,0.03172,0.079041,0.14865,0.01064,0.037794,0.10362,0.2764,0.098627,0.088639,69,9.7644,12.479,6.9282,5.9417,5.9417,6.9282,12.479,9.7644,6.647,0.086377,0.13479,-4.8927,-4.6759,-4.3371,-3.7009,-4.5875,-5.0231,0.29868,1.1691,0.29493,0.25882,-2.776,2.4811,2.788,-2.2184,1,4,1,1.4375,1.7407,1,0.19113,0.06823,0.12333,0.16773,0.066654,0.032181,0.024446,0.075535,0.041826,0.31818,0.41667,0.475,0.22222,0.41667,14.929,2.7447,1.0921,1.0307,1.014,1.014,1.0307,1.0921,2.7447,18.916,2.7975,2.8624,2.3126,-0.61951,-1.8119,-2.3698,-2.3434,-2.4285,-0.0039188,0.22917,-0.034221,-0.15242,-0.082314,-0.010123,-0.066649,0.033494,1.0005,0.97119,0.65503,0.31102,0.48193,1,0.82317,0.67674,0.50973,0.34835,0.13153,0.030243,0.044773,0.11051,0.16627,0.85212,0.33718,0.69683,0.83819,0.84713,23.452,0.48357,0.074664,0.15079,0.10368,0.10368,0.15079,0.074664,0.48357,8.446,1.1019,1.0665,2.0227,2.694,1.201,0.92508,0.4671,1.1438,0.0037002,-0.11982,0.2999,-0.023765,-0.079986,0.070869,-0.12391,0.23311,1.0366,0.11621,0.39185,0.48858,0.075593,1,0.85185,0.64964,0.42551,0.21484,0.019093,0.11193,0.17117,0.22223,0.27283,0.58913,0.88538,0.36533,0.26938,0.23295,333.88,1.1162,0.49385,0.34483,0.31685,0.31685,0.34483,0.49385,1.1162,9.1392,20.697,20.698,20.762,20.596,19.239,18.9,18.935,18.988,-0.00064123,-0.0011562,-0.022083,0.10296,-0.07321,-0.0083286,0.0024461,0.0091458,7.3471,6.6701,6.7154,6.9558,0.087352,1,0.87232,0.748,0.61586,0.47571,0.2491,0.10107,0.038306,0.17549,0.29598,0.99817,0.98599,0.91885,0.90966,0.91269,151.58,0.65487,0.42326,0.31941,0.35282,0.35282,0.31941,0.42326,0.65487,7.9916,8.0531,8.0523,7.9849,8.0064,9.6169,9.5058,9.492,9.5351,0.00046836,-0.0014174,-0.082115,-0.3016,0.09021,-0.0086072,-0.002232,0.010517,3.6161,2.7863,3.3328,3.1579,0.075201,1,0.81411,0.63491,0.48388,0.3571,0.15668,0.027392,0.071888,0.15965,0.25607,0.78386,0.79571,0.94498,0.92376,0.93006
392.13,99.266,85.007,155.67,75.183,75.183,155.67,85.007,99.266,1064,34.277,35.464,-7.2374,181.42,95.158,22.504,-38.039,-214.78,1.2666,8.6247,-12.634,17.347,-38.274,48.523,-31.114,-12.405,90.313,81.688,9.5938,8.1693,1624.9,1,0.67947,0.37123,0.12657,0.0062242,0.020016,0.014925,0.00059063,0.019087,0.11656,0.083422,0.66305,0.28256,0.099731,0.59846,392.13,99.266,85.007,155.67,75.183,75.183,155.67,85.007,99.266,1064,34.277,35.464,-7.2374,181.42,95.158,22.504,-38.039,-214.78,1.2666,8.6247,-12.634,17.347,-38.274,48.523,-31.114,-12.405,90.313,81.688,9.5938,8.1693,1624.9,1,0.67947,0.37123,0.12657,0.0062242,0.020016,0.014925,0.00059063,0.019087,0.11656,0.083422,0.66305,0.28256,0.099731,0.59846,392.13,99.266,85.007,155.67,75.183,75.183,155.67,85.007,99.266,1064,34.277,35.464,-7.2374,181.42,95.158,22.504,-38.039,-214.78,1.2666,8.6247,-12.634,17.347,-38.274,48.523,-31.114,-12.405,90.313,81.688,9.5938,8.1693,1624.9,1,0.67947,0.37123,0.12657,0.0062242,0.020016,0.014925,0.00059063,0.019087,0.11656,0.083422,0.66305,0.28256,0.099731,0.59846,366.31,140.52,79.172,11.061,22.955,22.955,11.061,79.172,140.52,307.47,-2.6374,-1.8777,3.0916,-1.9831,13.002,-13.653,48.173,125.13,-0.23468,2.0589,-3.0164,4.9706,3.1902,12.291,25.737,-3.907,58.313,13.125,1.3125,7.6315,259.57,1,0.46847,0.32152,0.16892,0.083791,0.17634,0.12856,0.072459,0.074621,0.015824,0.024164,0.03668,0.065273,0.17899,0.57628,366.31,140.52,79.172,11.061,22.955,22.955,11.061,79.172,140.52,307.47,-2.6374,-1.8777,3.0916,-1.9831,13.002,-13.653,48.173,125.13,-0.23468,2.0589,-3.0164,4.9706,3.1902,12.291,25.737,-3.907,58.313,13.125,1.3125,7.6315,259.57,1,0.46847,0.32152,0.16892,0.083791,0.17634,0.12856,0.072459,0.074621,0.015824,0.024164,0.03668,0.065273,0.17899,0.57628,366.31,140.52,79.172,11.061,22.955,22.955,11.061,79.172,140.52,307.47,-2.6374,-1.8777,3.0916,-1.9831,13.002,-13.653,48.173,125.13,-0.23468,2.0589,-3.0164,4.9706,3.1902,12.291,25.737,-3.907,58.313,13.125,1.3125,7.6315,259.57,1,0.46847,0.32152,0.16892,0.083791,0.17634,0.12856,0.072459,0.074621,0.015824,0.024164,0.03668,0.065273,0.17899,0.57628,196,75.677,103.21,152.92,104.81,104.81,152.92,103.21,75.677,70.053,4.3017,3.5613,-5.4752,-36.25,17.034,-14.739,-11.398,-19.824,0.069775,-2.5325,-1.3113,-2.0031,2.9081,8.5175,-16.282,10.711,20,57,0,4.0833,265.65,1,0.1637,0.27426,0.19567,0.044419,0.0085231,0.037784,0.10647,0.083659,0.057277,0.055821,0.37817,0.12105,0.15595,0.22612,53,14.616,18.223,22.338,5.9031,5.9031,22.338,18.223,14.616,2.3288,-11.003,-10.449,-1.6129,-3.3986,-2.669,-3.4929,-2.4248,-2.3616,-0.17984,1.4745,-0.61454,-0.26083,-1.725,2.8673,-0.22023,0.18111,3,6,1,1.1042,3.3293,1,0.16661,0.067981,0.25172,0.017133,0.014346,0.0020914,0.15533,0.033867,0.096581,0.28788,0.22222,0.21667,0.31481,0.33333,17.852,1.5693,0.17485,0.15208,0.41183,0.41183,0.15208,0.17485,1.5693,16.738,2.9868,3.1487,1.1552,-1.3954,-2.1435,-2.2533,-2.5311,0.0081289,-0.03473,0.48921,-0.39897,-0.011613,-0.13073,-0.029094,-0.5227,0.91881,1.0615,1.0142,0.66211,0.37191,0.38414,1,0.70804,0.49446,0.32576,0.17375,0.028065,0.024903,0.081111,0.14071,0.19138,0.6078,0.47634,0.73956,0.75391,0.58602,26.731,1.4399,0.29231,0.51177,0.5678,0.5678,0.51177,0.29231,1.4399,7.9572,1.1324,1.1725,2.5374,1.9681,1.0983,0.4648,1.3512,2.2204,-0.019776,0.084344,0.15608,-0.21795,0.044097,-0.1355,0.69116,-0.34998,1.1899,0.10791,0.49268,0.55689,0.086015,1,0.6351,0.42415,0.20932,0.0040906,0.2142,0.29923,0.32546,0.34411,0.36293,0.64106,0.57461,0.27842,0.18265,0.64588,346.65,0.69165,0.45524,0.38403,0.31752,0.31752,0.38403,0.45524,0.69165,3.3876,20.789,20.792,20.728,20.622,20.618,20.694,20.041,19.255,0.0014957,0.017096,-0.001131,-0.011162,-0.0047653,0.18691,-0.10708,-0.079048,7.3523,6.7845,7.2921,7.2219,0.027076,1,0.70351,0.46801,0.24166,0.07043,0.047206,0.065951,0.069347,0.072684,0.073014,0.99751,0.99175,0.99178,0.98722,0.93865,142.14,1.084,0.67647,0.51266,0.41987,0.41987,0.51266,0.67647,1.084,4.2392,7.9176,7.9133,8.0022,8.0897,8.1599,8.0805,8.7691,9.9962,-0.0010649,-0.019443,0.009338,-0.00087389,0.025364,-0.21894,0.10687,0.16948,3.5781,2.7978,2.8777,2.9613,0.044234,1,0.66315,0.43217,0.22836,0.075018,0.028579,0.030154,0.032736,0.044046,0.056713,0.78832,0.79984,0.80634,0.81458,0.94
85.938,225.09,164.97,131.88,56.51,56.51,131.88,164.97,225.09,1277.6,17.183,25.698,63.476,144.31,74.548,-39.443,-217.67,-27.424,-12.985,-11.192,18.21,5.5308,63.891,-40.083,68.269,-13.207,58.25,94.313,16.281,1.7904,2190.3,1,0.72813,0.47656,0.31544,0.16347,0.0046257,0.073803,0.10074,0.19246,0.26971,0.24526,0.49709,0.255,0.58972,0.55489,85.938,225.09,164.97,131.88,56.51,56.51,131.88,164.97,225.09,1277.6,17.183,25.698,63.476,144.31,74.548,-39.443,-217.67,-27.424,-12.985,-11.192,18.21,5.5308,63.891,-40.083,68.269,-13.207,58.25,94.313,16.281,1.7904,2190.3,1,0.72813,0.47656,0.31544,0.16347,0.0046257,0.073803,0.10074,0.19246,0.26971,0.24526,0.49709,0.255,0.58972,0.55489,85.938,225.09,164.97,131.88,56.51,56.51,131.88,164.97,225.09,1277.6,17.183,25.698,63.476,144.31,74.548,-39.443,-217.67,-27.424,-12.985,-11.192,18.21,5.5308,63.891,-40.083,68.269,-13.207,58.25,94.313,16.281,1.7904,2190.3,1,0.72813,0.47656,0.31544,0.16347,0.0046257,0.073803,0.10074,0.19246,0.26971,0.24526,0.49709,0.255,0.58972,0.55489,219.06,281.95,168.86,72.462,42.757,42.757,72.462,168.86,281.95,267.75,5.5484,5.725,-12.474,-0.58362,-6.0834,22.948,57.602,74.645,-0.049365,0.49579,-0.27648,-0.41669,-4.6388,56.595,-110.42,87.813,66.5,57.438,1.4688,4.5638,537.89,1,0.010465,0.14732,0.096224,0.074477,0.031656,0.18248,0.15566,0.033079,0.031527,0.051265,0.037385,0.067199,0.4647,0.46658,219.06,281.95,168.86,72.462,42.757,42.757,72.462,168.86,281.95,267.75,5.5484,5.725,-12.474,-0.58362,-6.0834,22.948,57.602,74.645,-0.049365,0.49579,-0.27648,-0.41669,-4.6388,56.595,-110.42,87.813,66.5,57.438,1.4688,4.5638,537.89,1,0.010465,0.14732,0.096224,0.074477,0.031656,0.18248,0.15566,0.033079,0.031527,0.051265,0.037385,0.067199,0.4647,0.46658,219.06,281.95,168.86,72.462,42.757,42.757,72.462,168.86,281.95,267.75,5.5484,5.725,-12.474,-0.58362,-6.0834,22.948,57.602,74.645,-0.049365,0.49579,-0.27648,-0.41669,-4.6388,56.595,-110.42,87.813,66.5,57.438,1.4688,4.5638,537.89,1,0.010465,0.14732,0.096224,0.074477,0.031656,0.18248,0.15566,0.033079,0.031527,0.051265,0.037385,0.067199,0.4647,0.46658,49,227.54,113.75,47.159,194.1,194.1,47.159,113.75,227.54,185.52,-6.0601,-5.5253,-6.3563,-14.442,-11.85,20.696,24.463,-7.626,0.81051,4.6783,11.759,-5.2356,20.95,24.568,18.786,-20.913,55,52,1.5,1.0208,454.23,1,0.22678,0.038539,0.19277,0.10431,0.14037,0.012284,0.079546,0.030409,0.041186,0.08595,0.22828,0.13818,0.6,0.35758,39,8.0893,31.15,6.9282,21.732,21.732,6.9282,31.15,8.0893,30.141,-1.8167,-2.1079,-2.155,-1.2619,0.46594,-0.089197,-6.4855,2.0281,-0.10932,-1.4485,0.089819,5.1441,4.1046,0.36787,-9.6385,9.1031,11,9,1,0.8125,9.3471,1,0.1334,0.050763,0.10285,0.0058241,0.083831,0.021785,0.021198,0.056356,0.11193,0.12397,0.10101,0.26364,0.12121,0.37374,16.979,1.0821,1.9204,0.2997,1.0462,1.0462,0.2997,1.9204,1.0821,15.932,2.7298,2.784,-0.013066,-1.5827,-2.2422,-2.3041,-1.6414,1.2658,0.017246,0.25916,-0.31095,-0.10586,0.092137,-0.31361,0.67285,0.081057,1.0254,0.99609,0.53589,0.35373,0.31313,1,0.59335,0.32962,0.13706,0.034928,0.046503,0.097134,0.15013,0.21642,0.27398,0.44987,0.56122,0.77657,0.78619,0.40365,30.495,0.4993,0.48648,1.2356,0.88635,0.88635,1.2356,0.48648,0.4993,10.133,1.9978,2.0226,2.8194,1.5048,0.83738,0.50626,2.5631,2.5793,-0.025644,0.0078846,0.10078,0.11531,-0.31337,-0.046053,0.39411,-0.29767,1.3564,0.054688,0.65088,0.63531,0.12346,1,0.73932,0.49973,0.24546,0.0026397,0.23366,0.36244,0.40947,0.45071,0.45696,0.66745,0.38509,0.18477,0.32473,0.76706,343.9,0.62418,0.42099,0.41056,0.30869,0.30869,0.41056,0.42099,0.62418,7.6124,20.887,20.896,20.863,20.774,20.843,20.332,19.099,18.993,-0.00093835,0.03023,-0.04683,0.0073337,0.24722,-0.14632,-0.10017,0.054863,7.3941,6.6649,7.3437,7.1646,0.0779,1,0.84178,0.68192,0.51,0.33686,0.098141,0.032761,0.12348,0.16189,0.17977,0.99836,0.99316,0.99336,0.94429,0.90641,147.09,0.47153,0.39185,0.42733,0.29388,0.29388,0.42733,0.39185,0.47153,8.1147,8.1043,8.1006,8.0972,8.1184,8.0297,8.5107,9.9926,9.9009,-0.00068766,-0.015982,0.02191,5.5423e-05,-0.28341,0.083458,0.021872,-0.03547,3.6165,2.8396,2.8693,3.0643,0.086078,1,0.85292,0.69103,0.49741,0.29461,0.048372,0.065968,0.14607,0.18298,0.19466,0.79134,0.79372,0.79033,0.89736,0.98271
265.56,145.22,56.617,192.3,25.634,25.634,192.3,56.617,145.22,1313.3,-8.7176,-24.967,173.72,104.52,54.124,-186.04,-63.01,0.33152,1.3698,-56.11,59.547,-43.594,14.66,-90.543,126.53,-83.668,92.75,110,5.0625,5.5326,2681.7,1,0.62002,0.36992,0.084018,0.046097,0.090884,0.089623,0.070413,0.17187,0.2602,0.35124,0.37298,0.22847,0.67607,0.25789,265.56,145.22,56.617,192.3,25.634,25.634,192.3,56.617,145.22,1313.3,-8.7176,-24.967,173.72,104.52,54.124,-186.04,-63.01,0.33152,1.3698,-56.11,59.547,-43.594,14.66,-90.543,126.53,-83.668,92.75,110,5.0625,5.5326,2681.7,1,0.62002,0.36992,0.084018,0.046097,0.090884,0.089623,0.070413,0.17187,0.2602,0.35124,0.37298,0.22847,0.67607,0.25789,265.56,145.22,56.617,192.3,25.634,25.634,192.3,56.617,145.22,1313.3,-8.7176,-24.967,173.72,104.52,54.124,-186.04,-63.01,0.33152,1.3698,-56.11,59.547,-43.594,14.66,-90.543,126.53,-83.668,92.75,110,5.0625,5.5326,2681.7,1,0.62002,0.36992,0.084018,0.046097,0.090884,0.089623,0.070413,0.17187,0.2602,0.35124,0.37298,0.22847,0.67607,0.25789,8.625,234.69,216.5,213.08,111.93,111.93,213.08,216.5,234.69,350.26,-11.367,-13.945,-4.4484,1.7151,-12.984,104.96,-39.195,-34.958,0.39122,-8.3271,2.2925,-14.454,-45.498,34.369,-90.816,70.224,64.313,116.75,0,0.17969,937.19,1,0.32667,0.05297,0.16416,0.25452,0.19702,0.15635,0.060688,0.041381,0.026375,0.036841,0.017904,0.074465,0.29176,0.37223,8.625,234.69,216.5,213.08,111.93,111.93,213.08,216.5,234.69,350.26,-11.367,-13.945,-4.4484,1.7151,-12.984,104.96,-39.195,-34.958,0.39122,-8.3271,2.2925,-14.454,-45.498,34.369,-90.816,70.224,64.313,116.75,0,0.17969,937.19,1,0.32667,0.05297,0.16416,0.25452,0.19702,0.15635,0.060688,0.041381,0.026375,0.036841,0.017904,0.074465,0.29176,0.37223,8.625,234.69,216.5,213.08,111.93,111.93,213.08,216.5,234.69,350.26,-11.367,-13.945,-4.4484,1.7151,-12.984,104.96,-39.195,-34.958,0.39122,-8.3271,2.2925,-14.454,-45.498,34.369,-90.816,70.224,64.313,116.75,0,0.17969,937.19,1,0.32667,0.05297,0.16416,0.25452,0.19702,0.15635,0.060688,0.041381,0.026375,0.036841,0.017904,0.074465,0.29176,0.37223,181,333.13,247.38,171.96,83.672,83.672,171.96,247.38,333.13,129.32,-2.3378,-0.30122,-34.593,-7.309,5.4024,-58.615,-4.8975,37.794,1.6377,13.02,25.384,15.006,17.504,21.934,48.933,-28.634,66,80,2,3.7708,759.8,1,0.11033,0.082204,0.21086,0.11563,0.24087,0.075153,0.15374,0.012606,0.12472,0.12841,0.18333,0.09125,0.51667,0.22917,73,22.435,29.916,20.298,3.2961,3.2961,20.298,29.916,22.435,15.74,-8.8455,-8.1633,-1.9663,-2.5624,-5.9486,-4.2602,-7.1364,-2.0404,-0.74294,0.087383,4.3561,2.0733,0.9424,3.4248,0.46795,0.68543,7,5,2,1.5208,6.4676,1,0.0025315,0.088349,0.12577,0.025439,0.068895,0.038771,0.10406,0.0012765,0.17815,0.28571,0.28571,0.3,0.31746,0.50794,7.1333,3.8117,1.9114,1.1826,0.83663,0.83663,1.1826,1.9114,3.8117,22.24,2.6339,2.5901,3.119,0.63209,-1.2861,-2.1329,-2.4124,-2.1896,0.0063748,-0.14235,0.59124,-0.58287,0.10355,-0.030053,0.13861,-0.060267,1.1245,0.94873,0.50732,0.14861,0.58711,1,0.84645,0.71999,0.57778,0.42203,0.17759,0.05344,0.043925,0.13191,0.20916,0.88316,0.37926,0.46743,0.7428,0.71308,22.748,0.40369,0.25316,0.39494,0.2894,0.2894,0.39494,0.25316,0.40369,7.0705,0.78755,0.75851,1.0888,2.6218,1.766,0.9275,0.70363,1.2406,0.0033342,-0.097369,0.23353,0.24264,-0.17476,0.021119,-0.18105,0.24815,0.97852,0.17773,0.34033,0.47391,0.061953,1,0.78546,0.54506,0.27898,0.0058182,0.27963,0.38151,0.4145,0.42044,0.37377,0.36368,0.91478,0.54411,0.30811,0.31104,343.96,0.97662,0.68629,0.56018,0.46744,0.46744,0.56018,0.68629,0.97662,10.233,21.6,21.599,21.148,21.084,20.873,19.495,18.981,19.123,0.0043192,0.012339,-0.059123,0.21745,-0.096082,-0.086889,0.016142,0.016641,7.6477,6.6893,7.3877,7.1658,0.12032,1,0.85631,0.73681,0.60247,0.46272,0.25688,0.12803,0.0065967,0.10597,0.20891,0.98343,0.97272,0.94939,0.8874,0.88025,147.42,0.51315,0.63724,0.53701,0.37468,0.37468,0.53701,0.63724,0.51315,10.104,7.4795,7.4793,7.8267,7.9188,8.0609,9.4892,10.032,9.5331,-0.0039074,-0.013725,0.051766,-0.20483,-0.017945,0.20289,-0.10762,-0.019906,3.5857,2.6352,2.8508,3.0712,0.11324,1,0.87152,0.75018,0.60363,0.44538,0.20953,0.070671,0.046915,0.14493,0.22374,0.76229,0.78482,0.82581,0.97402,0.95999
