-1222.9,-1381.5,-427.57,-89.664,-315.8,181.11,136.3,-116.52,-116.15,16.192,9.431,50.811,-107.61,112.52,-74.489,-77.416,-37.268,-123.83,-52.506,-95.873,5.3576,-71.767,-37.77,46.631,-26.044,0.65681,0.011359,31.132,29.484,19.375,11.483,11.289,12.146,18.186,-9.2805,-4.5526,-16.755,-18.518,-2.694,0.11811,-9.8334,0.24897,-3.4071,-3.1049,-4.6428,0.64133,7.1643,-8.105,-4.1723,9.865,-1
-986.01,-611.59,-362.44,33.873,-19.874,-92.511,-308.83,-115.73,-130.69,154.22,-188.86,-161.57,14.52,118.5,-11.597,-10.991,100.37,19.016,64.885,-14.658,-6.5624,-64.317,-39.836,34.473,-53.201,-15.119,-1.9438,28.234,-3.4051,22.251,38.204,-9.4393,29.595,-12.567,0.94134,-4.9585,9.8318,5.4155,-5.2759,38.008,-46.06,-2.0793,-2.5418,27.086,49.904,28.249,13.726,29.578,36.772,26.151,-1
-1193.5,-1345.1,-389.23,-106.01,-242.91,104.8,72.427,-110.75,-86.673,-2.1499,-18.852,-28.939,-32.403,-14.473,46.924,9.1251,80.253,75.204,61.565,-20.117,4.2021,-30.116,-19.331,42.69,-8.4007,-39.602,14.551,16.525,29.324,-5.2432,8.2971,-1.501,11.473,6.9009,-9.6382,-4.6476,-7.3338,-4.7764,3.8297,-1.0171,-4.3578,14.035,-8.0295,-2.3322,2.8678,6.0741,24.047,18.72,-27.386,22.218,-1
0.74085,-1219.2,-66.427,228.54,-146.5,-145.08,39.921,461.93,-187.39,-191.44,-260.82,104.94,66.508,-68.857,-91.378,35.807,-53.436,77.758,40.659,-12.278,-33.4,-51.915,20.035,-44.877,42.153,59.551,-39.377,19.676,-21.363,38.292,-28.431,-19.177,19.011,11.057,62.883,39.315,-19.25,-39.383,28.333,-1.5816,45.632,-58.599,-19.219,-47.38,31.419,10.381,-21.875,8.0397,-10.353,22.221,-1
778.73,-489.09,527.44,629.75,-101.65,-420.88,-364.27,60.317,-219.42,-40.548,-376.1,-11.433,60.566,169.22,170.35,169.96,-118.6,109,-107.48,-98.728,138.86,27.316,18.131,42.585,-52.327,148.34,43.03,-51.055,-71.94,-2.3236,-63.115,-5.3775,2.9975,11.379,12.302,-55.368,-6.5399,1.0677,13.053,-20.921,-5.6227,5.1156,-3.563,-7.1848,10.494,-11.775,2.2604,-22.948,-42.699,17.463,-1
-1191.5,-1327.9,-347.05,-135.72,-191.7,184.88,15.199,-82.287,-100.74,8.3889,-31.823,-12.923,-37.217,19.913,39.466,43.458,70.153,69.159,75.664,-30.305,-9.8782,-32.931,-32.094,25.354,2.863,-39.154,23.438,22.66,-2.8844,-19.462,0.080089,4.001,-0.47277,-18.767,-18.991,9.7053,16.799,-33.862,8.4836,-9.6738,4.8701,5.8944,-7.8219,-4.3204,-8.3011,1.7987,24.804,-3.0973,-7.2929,2.2592,-1
-391.96,-1030.6,905.85,550.59,-25.34,457,-267.25,-11.145,244.05,182.87,-90.754,-209.25,-78.969,25.312,49.917,-45.78,-31.302,35.681,195.38,-69.26,-45.988,-106.1,-116.71,49.085,-55.399,-167.22,106.11,-87.779,-171.84,34.972,-18.561,2.5957,-37.775,-21.717,-4.6339,-32.089,13.113,-90.16,-43.01,-90.84,-23.934,90.89,14.24,-65.86,9.0342,78.175,-52.843,-1.4644,15.535,-45.056,-1
-473.58,-1119,304.69,416.2,-35.662,314.57,-238.6,-118.31,116.11,214.69,-38.324,-194.48,-67.515,61.445,-40.505,38.113,105.51,30.43,-17.998,-74.815,-41.809,15.849,-154.66,-8.2551,74.103,-25.758,5.6615,-67.904,-66.786,-5.976,-67.507,68.888,-74.484,41.217,8.8534,49.382,-1.0967,-31.389,80.228,-14.98,-1.712,-56.824,-0.50472,14.438,22.391,-7.1633,7.0875,12.844,3.7083,28.163,-1
-348.39,-1125,493.84,496.35,-89.773,180.36,-216.77,233.15,18.137,59.366,-116.22,10.816,37.733,-42.244,-43.67,-15.813,-5.3914,47.73,138.51,-0.96976,-16.398,-83.921,-62.342,29.028,-13.943,-95.009,0.32004,-36.831,-126.87,114.72,-47.184,120.55,60.112,-8.6945,66.743,7.4034,-14.341,-6.0576,69.312,-5.0489,47.699,-75.36,-33.402,30.48,20.217,-52.157,11.551,21.877,-5.4569,5.2982,-1
-984.88,-1095.5,457.93,-18.68,-13.352,343.65,-178.66,54.272,-1.9371,-14.381,-39.032,-51.591,-71.631,34.845,-28.774,8.5045,20.028,90.93,113.76,-60.715,-2.5138,-39.413,-65.344,53.966,-19.96,-117.7,19.746,-43.277,-102.82,52.908,-37.594,36.894,-67.978,5.8336,-36.238,18.174,-16.201,-30.792,-24.818,-55.756,3.0525,37.4,-3.9405,-30.743,-18.633,24.977,-7.1358,-6.7629,22.275,-9.1721,-1
-887.95,-1045.4,601.7,298.9,197.54,537.84,-345.79,193.14,375.74,176.96,-137.39,-186.91,-159.39,-15.043,11.428,-87.66,12.294,55.34,104.56,-91.304,-33.217,-95.828,-135.97,10.381,35.103,-5.8753,-10.835,-119.74,-123.51,53.128,-84.49,21.508,-38.048,-18.376,56.807,18.031,-25.48,-86.335,-56.769,-54.784,7.4465,60.179,16.805,6.4753,10.025,46.644,-7.4757,-16.112,20.337,7.7806,-1
-752.78,-1039.1,544.17,86.178,107.68,486.45,-373.41,309.25,337.88,94.462,-304.24,-128.57,-170.71,-16.447,68.945,-10.481,-8.5964,25.524,70.966,-133.07,-0.98272,-36.855,-87.61,6.9036,4.9402,14.533,-36.648,-127.26,-109.63,38.88,-90.898,-34.52,-49.473,55.585,6.0819,21.562,-44.961,-40.101,-99.736,-1.0454,-3.0416,105.42,14.335,-43.719,1.6783,105.72,-36.512,-14.462,8.4731,-24.025,-1
-817.32,-1009.2,303.16,193.27,83.628,395.6,-346.32,265.42,311.84,150.05,-161,-257.52,-104.93,83.937,-31.189,-29.159,-43.228,26.064,112.89,-70.435,16.245,-31.429,-103.57,30.43,-51.595,-31.276,38.129,-120.51,-100.96,55.773,-29.705,60.056,46.36,-54.163,94.546,-39.568,44.413,51.625,21.373,10.972,9.5372,-19.994,-10.791,-20.471,2.4936,-10.217,13.452,-21.828,4.4937,19.34,-1
-161.46,-858.55,120.32,629.17,-51.25,-262.09,6.5084,258.57,-131.21,-43.03,133.26,-98.928,-10.942,29.982,132.3,1.5599,32.233,80.35,-32.423,-55.533,28.688,-14.904,27.148,5.4375,14.191,50.771,21.876,-6.9713,-0.034214,0.05223,-57.388,-52.479,16.444,-9.5392,60.198,18.754,-48.309,17.677,14.74,-6.0567,-18.128,-44.295,-24.493,22.631,5.5519,-18.637,46.017,9.5695,-11.486,6.3452,-1
-1489.5,-1402.9,-544.83,-51.832,-348.57,-105.78,-206.14,-23.618,-60.768,-110.78,22.008,-39.288,-122.89,-61.302,-49.7,-6.3763,-107.37,-77.111,41.923,-66.875,-16.358,4.6038,20.659,-114.77,-11.61,-79.012,-14.479,-9.9544,-20.567,-19.423,20.059,-15.263,-42.577,-27.919,12.27,-0.25057,9.0656,-29.2,10.618,-15.805,-7.3427,-9.1503,-15.135,9.5995,-0.69734,-10.037,-15.719,-0.64233,8.782,-0.043371,-1
-1875.4,-123.64,-244.35,-44.626,-202.69,-27.494,-202.41,-152.35,-97.707,451.94,2.8366,61.12,8.1333,28.916,-14.305,8.9462,99.109,-55.525,-1.155,43.618,1.6465,-93.938,-54.512,-73.246,-21.439,-32.926,83.315,13.832,39.589,52.352,-33.918,16.248,24.232,-32.081,-69.719,60.033,-61.364,-86.611,-18.451,139.44,-15.412,34.949,-88.231,-53.481,-37.564,-12.787,-64.762,40.929,19.628,-9.8302,-1
-2228.5,754.74,-255.94,-169.73,259.83,79.163,-212.83,-412.93,-18.645,438.46,25.971,5.1407,189.98,-21.05,-89.69,-42.06,48.721,-33.206,23.493,-13.47,14.717,-78.58,-135.56,19.565,-0.45638,-57.278,-24.197,-20.228,-43.076,26.769,30.492,109.6,-0.90234,-43.369,-96.668,-2.7237,-87.679,-17.931,-13.126,-5.9287,-23.013,15.992,1.0218,-33.911,-12.282,13.927,-34.943,36.395,47.338,32.237,-1
-2131.1,510.1,-340.45,-236.97,370.81,166.62,-232.68,-461.59,-56.575,468.71,33.712,21.698,299.11,87.078,238.13,141.41,-60.19,-74.957,16.559,-95.663,55.821,50.749,-1.0903,101.77,0.44301,-26.915,-90.856,-23.005,-55.42,-15.808,4.5514,100.56,-64.169,50.607,6.3826,-7.9944,23.754,-94.623,29.01,-9.878,-64.392,3.6682,-58.517,-32.206,-122.99,-103.1,-1.3232,1.8161,-46.19,49.991,-1
-2294.9,612.71,-389.38,-258.04,511.3,168.61,-268.16,-260.99,-127.74,409.06,62.681,-10.354,163.78,0.57516,62.583,16.61,-20.193,-34.674,9.2172,-56.293,-7.3499,-78.238,-132.66,44.662,-2.7062,2.0972,-2.4605,6.3604,22.016,33.835,-23.813,49.724,50.856,9.8456,-85.991,38.028,-80.256,-155.03,5.8494,7.4295,-70.651,9.2846,-35.085,-21.738,-27.932,-3.1826,12.254,-64.975,-56.397,-36.561,-1
-2274.1,569.74,-340.69,-195.49,316.62,120.01,-312.99,-277.55,-199.9,585.61,98.346,-19.478,232.46,53.122,228.67,69.159,-69.826,-38.763,10.136,-111.6,44.204,34.392,25.504,86.655,17.028,8.4255,-150.83,19.936,47.168,18.67,-23.591,19.966,-0.15743,60.505,28.99,-36.641,14.058,30.298,-4.9002,76.213,48.052,55.393,-13.31,85.03,8.1592,-50.676,-6.1939,-13.369,48.915,2.2515,-1
-2149.7,232.71,-461.28,-305.21,538.54,171.4,-308.99,-465.25,-91.36,363.19,63.915,-8.4392,194.2,30.066,131.03,57.356,-20.785,-8.7207,10.549,-23.452,0.72309,-30.94,-71.507,45.999,3.2348,0.83864,0.40667,-15.906,-38.225,-18.937,27.71,94.769,8.6892,0.85836,-83.016,42.247,-70.458,-31.833,-21.638,28.622,-65.881,20.082,39.43,-66.777,58.643,109.67,19.125,62.721,-31.941,144.13,-1
-2236.5,484.24,-324.87,-177.4,244.26,96.412,-294.68,-237.93,-200.84,533.03,69.4,-0.88398,-33.984,35.48,55.467,-4.5921,41.844,23.479,-21.368,20.181,15.784,19.607,32.417,36.549,-11.026,4.8842,-77.123,15.151,41.749,6.2077,-47.998,-57.136,33.415,2.7309,-22.001,46.787,49.8,-73.677,18.392,28.853,89.081,33.44,-18.511,50.328,-8.958,-11.089,-15.318,-1.4907,-0.013597,-97.458,-1
-2357.6,775.52,-326.88,-207.9,364.31,144.28,-288.98,-305.07,-141.32,433.85,85.087,-24.104,258.18,58.329,244.86,100.71,-78.166,-9.7153,2.244,-58.589,47.621,122.96,139.38,47.185,-2.3708,17.471,-49.153,-19.975,-30.767,24.683,-12.668,156.4,-2.052,36.473,-49.785,26.253,-10.647,-139.34,34.286,-17.435,-25.352,-6.5476,-33.69,50.169,-59.206,-68.334,41.46,12.942,-56.159,-1.6352,-1
-2429.3,963.64,-263.22,-203.67,283.17,130.04,-324.98,-520.44,-124.84,448.25,81.447,-15.783,308.88,-12.791,59.202,29.571,-35.81,-25.881,14.425,-54.363,41.757,37.668,44.477,21.113,8.1569,10.059,-14.858,24.471,51.092,45.832,-38.718,-19.709,14.048,42.642,50.559,-54.895,-72.949,-25.378,14.174,8.9342,0.098796,27.589,-65.752,98.307,-59.663,-114.18,24.913,-18.81,-33.049,4.374,-1
-2699.3,1600.2,-406.83,-456.43,1114.5,353.07,-222.72,-514.93,76.458,127.65,47.132,17.907,-123.33,135.05,335.96,143.4,-29.929,12.454,-52.685,1.3166,6.4465,39.837,-28.237,115.57,-15.664,22.865,-160.47,38.112,102.95,34.305,-75.775,14.937,26.529,144.51,-57.816,71.773,50.627,-189.84,25.128,116.31,-23.149,101.72,63.473,40.559,48.426,66.823,-4.5648,10.471,19.007,-107.52,-1
-2245.5,473.58,-415.45,-335.12,591.13,191.75,-346.06,-574.44,-117.11,455.71,62.117,9.5306,9.5924,27.408,40.95,13.861,59.434,53.48,-2.378,105.63,-6.9897,-21.142,-21.356,-41.422,-16.268,32.358,242.53,-37.814,-58.046,8.8905,21.941,11.888,-20.592,29.977,55.853,-53.283,33.877,136.74,-6.1034,-211.38,-96.796,-28.833,62.775,-70.931,-45.436,0.41963,-6.7715,-4.436,-16.291,56.229,-1
-166.75,4.8256,221.91,-200.03,-140.42,-100.71,-83.323,-230.35,-383.59,246.93,-200.76,-17.845,66.023,-41.042,-94.989,149.71,-34.421,3.713,3.3224,-38.916,-56.056,-7.9206,-302.02,4.6189,308.54,-204.25,110.15,26.659,-1.083,-74.74,-32.899,54.409,-84.404,50.499,129.23,-29.957,-48.576,0.17665,-28.847,-25.432,-15.383,-12.462,-3.7195,-50.733,62.621,7.0782,85.477,-17.278,-75.539,-3.1881,-1
-865.08,149.86,505.65,46.066,135.65,288.02,-304.42,-297.33,-56.714,-99.28,-49.882,45.101,149.4,-162.48,100.81,35.822,96.154,29.627,89.38,99.039,27.354,-151.94,28.759,-50.291,93.188,261.91,-157.71,103.12,14.971,57.029,89.719,46.11,-95.357,-2.8196,-56.382,13.03,77.968,-10.272,112.78,-66.815,22.494,3.6695,30.896,10.672,2.8212,8.277,28.678,6.3356,-11.636,-26.442,-1
-626.76,268.78,414.14,-185.29,-37.657,4.7915,-212.92,-485.65,-54.101,136.46,-104.86,-3.8448,242.78,49.104,-198.73,20.701,20.025,-123.93,150.43,-122.09,51.628,121.3,-162.45,115.3,35.633,129.97,-97.09,13.047,-48.113,-62.524,21.749,62.62,-65.387,5.768,-31.525,-11.092,-71.933,-5.2829,18.405,20.039,-3.9543,26.61,-72.442,-86.674,4.458,-26.429,-35.093,15.059,-45.813,-47.944,-1
-843.43,135.05,317.55,0.58255,101.97,58.488,-269.67,-252.31,-258.84,-3.1894,-224.23,75.516,140.5,-84.915,-87.515,-178.51,14.141,29.346,-88.779,79.448,3.0489,-30.19,16.683,94.559,-193.61,36.282,134.78,53.8,45.086,-34.191,-22.121,88.942,-97.074,-39.425,-35.481,-32.789,-37.204,-51.059,24.134,43.603,61.42,-25.224,27.578,53.722,50.97,76.39,-45.131,65.762,-5.7811,17.708,-1
-523.41,471.46,341.27,-95.671,-11.822,100.64,-509.98,-164.68,-5.9244,-170.14,-87.117,107.27,162.14,14.6,-141.46,-261.35,80.106,-5.2104,-130.66,41.129,14.711,-168.85,-38.127,-144.96,-26.038,130.61,29.057,25.068,29.167,48.874,87.582,0.14049,-23.522,-53.021,-103.15,43.71,89.567,-79.769,-6.4953,-95.267,10.501,32.107,61.92,66.487,29.381,-15.001,-58.8,22.033,-41.363,2.0284,-1
-1307.5,-6.2285,46.201,-121.26,225.45,-12.635,-126.38,-165.95,-12.344,13.367,-84.377,60.57,110.73,-3.9653,48.815,60.261,-45.459,-82.903,-22.691,23.051,-30.728,-31.069,25.454,-65.822,-58.549,-38.232,-12.587,-45.292,-83.876,-38.118,80.696,7.9122,55.514,-15.087,49.198,33.339,3.6477,16.337,-2.7161,7.1273,-32.255,14.406,-24.189,-1.1483,0.68063,12.742,-1.1524,-9.1509,-18.058,1.4019,-1
-1335.2,86.081,-124.86,-136.59,112.08,23.055,-62.622,-107.07,85.975,-62.453,-99.105,113.94,141.71,40.9,15.73,-13.376,-21.73,-4.2609,-65.072,-6.105,-10.49,-10.296,-71.359,1.5828,113.09,77.502,-23.418,-8.6098,50.548,-29.301,10.855,47.132,-3.7427,23.205,-0.5907,11.83,29.684,-40.387,17.343,15.258,12.604,18.801,11.35,-22.427,-25.868,-8.6918,22.323,28.281,-11.96,9.4617,-1
-1236.5,53.943,-93.926,-127.78,71.029,176.06,-195.28,83.934,-2.42,161.97,4.2495,38.988,-101.38,-15.654,-14.304,-178.61,103.47,42.294,-19.224,191.2,33.31,3.5339,-37.435,70.721,9.6689,97.867,-15.265,-12.445,-53.074,-11.61,32.422,70.925,-11.391,38.607,-14.904,57.386,-4.2599,9.0593,8.5922,-19.653,-49.672,-16.766,2.6224,-17.945,-50.547,-17.862,89.405,42.876,34.298,-20.26,-1
-1452.1,57.378,-66.564,-41.428,260.74,43.044,-87.952,-46.993,-59.33,77.908,-66.695,63.33,33.896,-26.549,38.759,-82.869,131.17,51.211,61.309,123.21,-14.226,-74.851,56.688,122.2,-53.221,41.584,74.627,-3.8698,20.277,6.6081,44.509,82.77,-48.499,27.702,-42.502,0.23251,-39.885,-37.225,-2.2086,-1.6846,61.467,-26.441,-6.9995,-33.403,-9.0513,-9.0214,11.299,-2.4259,-20.332,-30,-1
-1145,43.758,190.47,-57.419,151.96,-8.4709,3.8519,91.143,46.864,-90.684,-18.784,133.4,13.645,48.907,-31.769,-36.275,-36.189,-14.332,-25.714,84.213,17.702,-15.64,27.517,12.141,24.112,224.39,-44.998,-3.806,22.624,49.288,-53.225,-65.049,-55.548,-95.36,93.11,-33.15,12.195,-21.744,-49.888,11.27,49.306,38.187,37.337,21.355,22.341,28.636,-14.209,2.6417,16.703,25.037,-1
-1380.7,5.0198,-258.33,-33.016,170.45,110.03,-50.91,16.234,54.765,-114.17,-117.42,122.79,29.907,25.748,-20.32,39.827,-42.03,-82.438,19.95,-2.19,38.212,-24.97,7.5475,31.13,-8.6197,38.858,-22.509,42.401,-28.894,-48.107,3.6832,22.639,8.4374,16.448,-33.61,0.81837,4.6028,-15.458,-16.929,12.167,47.665,41.875,-27.821,-27.17,3.8409,-14.987,15.185,7.6412,-11.516,-16.673,-1
-1289.1,-163.61,-44.844,-36.303,176.98,23.072,-108.48,-178.7,111.11,-29.864,-110.12,57.727,20.398,-14.01,-57.081,112.12,-133.61,-30.478,-6.7094,45.561,5.6465,-6.4917,-24.417,109.59,-70.777,48.492,56.658,10.886,6.3178,-70.329,34.365,70.88,-85.748,-22.987,-34.721,-42.445,34.14,-48.969,-16.711,-5.0625,66.021,43.992,-28.853,-42.125,-12.889,-40.784,21.385,10.424,-37.795,-30.953,-1
-1571.8,34.137,-398.63,-99.846,352.58,-84.995,-2.1565,49.003,61.677,11.634,-64.019,98.584,0.20073,31.777,8.2086,43.863,5.9544,-18.515,28.169,74.961,-34.828,-27.741,-11.972,-22.898,-5.7318,-1.5186,10.512,-16.632,-24.042,-16.491,-19.343,13.256,26.175,17.199,-31.182,5.8305,3.9696,0.27481,10.467,5.5678,4.1471,8.3392,-21.194,-5.3393,-5.5971,0.48433,8.025,-2.9919,-18.241,-5.6234,-1
-784.96,-970.56,-406.39,-61.315,237.67,-138.38,61.703,-159.24,-192.81,-228.15,164.59,30.368,32.503,4.0469,-118.92,-73.22,-12.946,-124.11,19.228,18.788,-19.751,8.7846,14.26,-5.9533,14.279,-22.614,12.699,-21.97,25.426,-36.937,-20.478,-3.5766,11.446,1.9137,-3.6018,-21.136,-6.3377,-7.4372,-8.4954,18.017,11.891,0.28393,7.5393,-27.441,-10.928,-4.1039,-14.608,-3.5948,11.455,-6.9426,-1
-842.69,-800.79,-348.01,-1.7146,203.95,-10.274,13.42,-110.95,-160.28,-144.85,-54.755,5.5105,10.693,7.1659,67.461,30.837,56.051,60.354,-2.02,47.506,-25.771,-4.9862,-34.309,29.305,-5.5251,-62.305,71.923,-19.645,1.2413,-15.481,-6.0723,70.409,71.864,-18.798,2.2483,-4.5263,-56.629,-23.064,11.893,-7.0125,-26.315,-2.894,3.9542,11.279,2.5425,-9.2422,-6.0414,-13.111,0.57397,-22.906,-1
-938.59,-544.68,-336.43,2.6334,290.36,379.39,-133.71,-109.73,-220.39,85.561,-40.072,11.41,8.7432,22.088,29.712,17.498,-11.338,72.013,26.584,-8.8432,-35.824,-23.233,6.7484,-14.154,23.883,-44.449,-32.13,46.954,12.196,-18.95,-5.8628,21.979,3.4805,-30.798,40.419,35.977,50.642,-57.136,-6.5106,-50.784,37.955,-8.5742,-12.002,4.8209,-0.16999,-5.6033,-24.467,-8.4447,-63.933,13.064,-1
-783.63,-956.91,-356.11,1.2819,207.74,-118.17,35.156,-141.44,-150.47,-172.61,123.14,6.9795,3.8495,-5.4779,82.513,39.505,42.048,69.475,7.4431,30.811,-30.473,4.6957,-40.79,5.4962,19.281,-56.567,3.5097,20.187,-7.0308,-15.157,-22.778,30.621,-2.355,3.7849,-40.394,3.8437,-5.2965,-11.09,-4.1374,1.9641,-9.3529,-0.96067,9.3418,-21.337,5.5441,-11.799,-11.105,-7.7541,13.255,-12.89,-1
-1073.8,-173.36,-299.08,-13.405,303.38,545.05,-128.98,-69.697,-93.276,52.431,-40.714,-2.8937,-65.444,85.783,35.37,49.17,56.346,-17.444,52.689,-64.152,-52.184,40.396,61.212,-59.142,13.858,-54.205,29.908,33.97,15.744,-21.892,28.183,54.09,79.904,41.348,-19.726,59.203,-46.366,-79.834,-14.287,-125.95,6.4412,17.466,52.848,47.162,71.332,-14.255,83.21,22.243,21.452,-79.824,-1
-1012.3,-342.82,-313.62,-13.455,267.16,332.39,-66.054,-65.242,-187.82,59.706,-97.126,8.9033,84.532,-17.197,38.763,25.775,-10.4,72.741,31.474,-6.9534,-23.4,-38.579,11.851,-21.091,69.898,-49.685,-141.26,135.57,34.257,-2.9626,-29.046,12.611,-69.73,-40.796,-18.439,15.478,62.149,64.003,27.055,-22.709,-36.294,-8.6866,-15.384,63.171,-35.914,33.316,-35.63,61.426,-68.328,6.886,-1
-860.53,-752.84,-346.43,0.73776,239.48,100.52,-34.84,-125.02,-192.91,-43.704,14.568,8.6028,4.0368,6.6616,57.984,29.381,22.614,68.471,2.3761,19.884,-39.86,8.4647,-23.335,0.24683,2.6064,-69.1,58.861,2.9655,-4.8979,-6.7138,-1.0945,73.107,53.538,-33.39,13.366,2.4697,-27.957,-5.197,15.844,-7.5767,-15.454,-2.5153,-4.1958,9.2814,4.1946,-0.69928,-0.14177,-3.6997,-13.972,3.0557,-1
-995.15,-374.57,-304.05,1.433,275.85,442.1,-265.18,-111.84,-239.64,39.807,-163.36,12.356,76.027,1.4571,39.036,62.831,97.437,-24.589,32.178,26.095,-11.834,-65.988,19.431,10.302,51.287,-37.443,-113.37,107.24,39.043,2.6626,-15.796,4.0527,-48.522,-39.749,-2.8341,13.145,4.086,-10.238,40.458,16.367,-12.121,-8.2037,-13.546,-2.5323,-30.747,4.1285,-61.082,14.603,-54.432,10.917,-1
-813.41,-877.67,-351.57,0.23932,207.23,-55.802,13.479,-125.59,-167.91,-145.84,28.158,7.775,35.436,-12.666,80.564,38.941,56.597,55.125,6.9772,27.407,-32.492,4.5203,-32.729,8.1135,10.425,-56.797,28.315,6.6839,-2.1216,-14.332,-15.263,46.328,26.237,-13.573,-19.494,0.56024,-22.583,-11.947,-3.8653,-1.1709,-20.057,-4.3078,6.1892,-8.9661,2.0521,-13.731,-14.393,-13.761,2.9814,-4.9172,-1
-789.54,-941.92,-355.85,1.2409,206.32,-106.62,36.417,-136.61,-151.32,-169.82,96.531,6.1379,4.4398,-3.2857,78.505,37.157,41.266,71.188,14.824,35.686,-25.957,-6.2218,-41.292,13.746,16.854,-49.107,-0.72505,21.35,-2.75,-13.437,-23.725,25.555,-2.5158,2.8442,-43.928,6.2309,-3.401,-4.268,-7.5497,7.8882,-11.826,0.50085,3.034,-23.806,-3.8264,-12.081,-5.2422,-17.037,6.2471,-1.2276,-1
-974.73,-438.69,-319.54,2.9157,292.38,432.87,-222.14,-118.87,-272.12,117.61,-102.78,17.443,60.712,-7.5284,28.009,21.446,-9.0884,61.322,21.718,-6.134,-45.193,-23.525,7.5571,-21.719,22.899,-64.681,-11.965,45.394,13.366,-0.67842,1.1191,68.165,34.018,-70.567,54.544,-5.8734,-20.069,0.46785,37.107,-23.241,-29.517,-14.327,-16.052,67.724,-20.062,8.7429,-49.109,3.7482,-33.341,-16.751,-1
-1094.5,-100.62,-264.17,-15.231,223.7,279.23,-103.41,-84.075,-37.465,-186.07,-94.295,-17.714,-95.207,88.275,98.615,66.605,141.51,-7.4498,229.57,-76.813,-20.867,-2.6304,9.7012,-32.97,19.328,36.722,-72.732,-35.302,24.503,-80.572,-75.047,-56.119,-26.711,30.477,-14.263,1.9149,14.751,-30.492,16.94,-28.272,69.061,16.119,-35.509,-17.602,-51.626,24.584,-38.875,-26.807,-36.057,-47.126,-1
-1435.3,810.87,-172.26,-78.874,103.14,44.898,213.72,26.818,71.917,-200.92,-325.57,-38.731,-38.535,70.931,77.727,15.294,118.33,27.031,188.85,-7.2404,-1.6359,-44.485,1.1334,59.623,-57.848,59.07,79.059,-95.402,38.102,-28.804,-5.9687,-12.423,95.936,95.644,-126.15,32.834,-115.99,11.765,-2.3987,-35.033,63.292,26.527,31.262,35.384,55.435,-32.631,79.561,0.28314,-9.7902,27.596,-1
-996.5,-734.95,-463.31,-94.553,-43.137,-262.34,1.7065,-68.563,-214.86,-100.44,-67.444,23.677,-164.63,41.084,32.868,2.5729,8.4719,-27.531,-4.8762,14.197,-38.315,-95.035,-0.089375,19.324,-7.9067,-42.464,-22.687,8.329,-12.503,-40.49,-34.136,-12.251,-10.646,-1.6297,10.983,1.6253,-7.5923,-8.0581,3.592,-0.45789,10.67,2.3285,-10.642,-6.9396,1.8764,-5.6705,4.5563,5.7253,-3.6077,0.18058,-1
-1099.2,449.64,-199.58,184.01,21.267,-44.144,307.29,36.819,123.05,-10.327,-12.683,-5.4842,89.831,-41.81,-29.528,-74.89,13.646,-36.305,-25.985,22.384,16.511,-82.058,-23.993,-16.296,37.843,-6.9862,21.784,-80.012,-29.103,-12.278,-36.405,7.9941,-18.687,-9.8103,5.1332,-63.19,33.528,-18.583,47.381,-34.329,-32.822,29.332,-35.528,33.87,7.0938,41.177,21.728,0.55441,-13.491,32.419,-1
-1071.3,148.9,-257.11,-33.064,14.025,-88.119,415.76,-66.835,103.71,28.891,15.841,-4.6822,149.61,-62.295,-41.117,-74.083,11.383,-44.709,-31.295,14.742,-9.8192,-51.818,-2.8333,26.326,-17.188,12.242,-5.3456,-62.451,-24.816,-79.745,-5.9912,5.5116,0.02904,-69.308,57.688,28.851,-39.905,-66.895,16.408,24.36,47.309,-33.488,19.091,-54.044,-20.199,-79.626,-23.106,13.515,42.461,-18.589,-1
-1082.8,510.94,-237.54,-90.566,20.136,-242.17,118.27,100.78,1.6997,177.86,34.541,-23.105,60.825,-22.954,-3.4945,-82.864,-11.092,-10.67,-22.887,180.68,-82.57,129.99,14.107,79.438,-56.395,-72.857,15.096,-20.017,-124.11,-74.843,-47.637,47.74,-4.8599,104.67,-134.01,-188.8,135.1,5.9987,83.918,-50.214,62.542,-74.209,17.306,-108.89,64.291,-47.079,-9.6247,-51.986,26.382,13.233,-1
-1044.9,-97.78,-272.87,172.77,14.894,-15.447,-143.72,-155.96,-289.71,233.75,-1.4428,45.892,-0.24509,14.885,14.45,139.26,-35.479,88.306,-20.961,6.044,-35.444,62.803,-2.9637,63.607,-58.415,-34.046,7.6901,67.282,-50.022,16.487,19.764,-48.103,25.712,0.58525,-18.116,-24.95,-27.975,-117.57,23.137,28.965,73.557,21.333,108.22,13.811,-55.16,-40.326,-39.213,43.878,15.47,-4.7363,-1
-1127.2,1099.1,-157.22,56.303,31.622,-206.47,132.46,179.41,121.9,-13.407,31.836,-14.455,71.747,-24.884,-29.349,-55.633,-32.037,17.021,14.7,130.38,23.291,44.302,-37.195,-13.342,2.7718,-91.911,-43.65,-18.215,26.811,38.195,17.884,91.19,-2.59,89.097,-90.176,-60.983,84.976,-109.84,50.261,12.215,55.407,53.741,-130.11,-114.31,43.321,-49.083,71.361,-18.938,7.2502,-36.451,-1
-1088.3,575.6,-235.46,-48.34,41.991,-290.86,122.95,185.72,79.066,49.652,34.339,-36.802,77.148,-38.846,-6.7188,-126.2,-8.7951,-24.012,-6.711,74.623,-52.35,95.398,29.829,84.214,-37.915,4.2632,10.174,7.5179,-102.98,-57.947,-26.728,-1.7855,23.554,103.12,-117.14,-119.4,73.642,-22.896,110.42,-39.879,50.369,-56.73,13.107,-61.372,35.232,-39.424,-11.085,-53.178,-1.4566,3.7098,-1
-1082.8,364.36,-224.44,-115.86,-23.381,-44.279,495.55,-145.47,114.18,59.917,3.9563,-6.2525,128.07,-45.954,-41.131,-75.784,39.494,-71.027,-44.325,-26.303,-0.7632,-83.175,-44.785,-36.909,14.221,-103.84,-68.787,-147.46,30.276,-91.777,-74.217,20.488,-21.914,-3.2678,-34.3,65.448,4.5872,31.76,-110.66,-5.7428,-68.627,-67.068,23.985,-3.9399,16.243,79.986,-32.339,-36.905,-43.466,66.487,-1
-1085.5,459.49,-224.43,-53.455,-14.868,-87.757,396.07,-56.886,127.69,-85.535,14.115,13.453,71.606,-8.3394,-31.399,169.65,-20.229,87.723,-49.176,-55.499,36.324,-28.995,-80.623,-62.025,21.371,-106.69,16.45,-55.423,-29.994,82.897,-11.965,13.313,-30.113,-12.64,19.028,-94.438,48.349,-80.293,66.058,-9.765,34.214,78.159,-6.8959,32.248,7.0878,65.133,34.459,16.248,-18.134,-19.939,-1
-1077.3,234.69,-212.27,175.23,-6.3226,46.925,118.06,-183.9,-105.55,33.137,-19.288,8.0485,46.918,-36.488,-6.2843,-98.095,-21.258,8.9226,14.055,-60.189,43.524,-108.31,-3.4868,35.932,47.496,17.944,15.951,35.451,-34.81,65.325,-66.128,-10.403,11.181,-16.792,-8.1747,-159.8,82.24,-38.324,11.717,-38.532,-26.591,84.414,-13.63,55.042,-35.061,-15.761,7.5383,13.389,-12.412,-0.74211,-1
-1096.9,436.7,-187.99,259.5,27.539,-20.636,118.4,9.5346,-5.4536,92.262,-23.13,-10.625,55.244,-36.261,-5.861,-133.95,18.717,-63.772,-5.4569,48.547,-39.754,-33.252,26.497,48.891,0.44542,-21.456,-0.12835,21.537,-32.888,-29.442,-29.997,-82.536,7.5795,58.721,-67.796,4.1134,-6.8992,-6.2273,-81.555,1.5779,-42.928,-24.826,56.744,15.625,-22.442,-15.891,-58.058,30.258,25.5,24.131,-1
-1083.9,316.29,-207.73,180.31,-3.0175,34.37,141.08,-142.21,-86.765,75.482,-25.286,26.282,34.359,-19.017,-8.8656,-157.81,-28.293,3.6636,34.367,-33.013,45.677,-53.487,-39.498,2.3177,4.6865,-39.731,25.676,28.638,-19.122,50.236,30.461,7.6899,15.475,-42.055,18.562,-24.531,15.014,-104.78,24.932,10.642,62.797,22.167,28.834,-7.0467,-19.817,5.6807,-3.6243,-52.529,-42.251,-39.271,-1
-1062.2,86.599,-267.32,-16.921,-4.0556,-88.791,240.73,-72.618,-29.974,147.98,-7.9912,18.042,61.341,-29.222,-15.481,-131.58,-2.7791,-5.7123,-3.6955,-101.48,29.682,-57.317,-41.62,-4.6358,5.9208,-50.698,19.575,-19.475,-40.47,18.469,3.7233,20.383,4.2268,-27.921,11.054,-57.901,35.627,-48.523,35.493,-20.141,1.1196,45.851,-13.316,41.28,-8.3468,47.524,13.205,-34.116,-49.134,-24.532,-1
-2118.1,77.678,-165.14,-287.15,-192.35,171.04,191.04,439.69,477.03,-21.7,173.53,157.17,-218.83,-153.16,-42.868,14.8,14.45,110.59,20.658,31.514,-22.6,-88.33,31.662,-100.28,29.14,20.924,2.5608,13.899,-44.526,-7.8796,74.288,-44.923,-14.551,41.696,10.719,-24.883,0.29321,13.967,12.755,61.042,14.635,-53.762,-14.506,-82.982,21.45,-23.48,-29.393,-48.113,-52.501,-35.44,-1
-1046.7,-133.17,-126.72,119.04,-183.39,-324.42,-44.198,-21.07,216.92,100,217.73,383.12,-209.15,90.509,-47.644,175.66,-6.0744,-142.04,1.1955,-54.763,17.823,8.9501,-100.33,-36.454,-3.5744,-53.891,-5.9497,22.579,-17.074,37.887,-64.537,8.6356,172.23,33.619,0.24848,-39.804,21.002,-94.394,-77.014,56.41,81.624,24.58,-33.848,74.88,12.639,-30.18,-179.31,9.212,-39.933,62.138,-1
-1228.8,-185.66,52.931,-225.31,-320.42,-153.75,167.44,258.16,368.99,158.16,-28.703,69.362,-148.44,142.3,68.296,87.463,-66.045,46.614,55.408,92.066,-84.534,-127.04,-22.266,-99.644,-52.411,89.002,-27.725,-97.035,-44.392,19.521,17.477,-21.359,76.148,16.669,12.192,-52.219,4.6678,-14.834,22.291,-48.022,18.721,42.03,85.225,73.135,28.209,35.006,-29.06,19.02,49.252,119.34,-1
-1185.3,-65.913,123.57,-233.98,-128.87,-246.68,209.19,162.15,198.62,-10.812,214.89,312.55,-22.042,39.932,-249.58,259.38,-81.502,18.169,-0.77367,-0.1734,57.818,-31.722,-155.43,80.765,-25.557,-34.936,70.538,-85.17,72.212,-61.531,5.5054,15.005,41.434,31.008,-7.0242,6.6866,22.257,123.38,81.906,-46.477,32.388,60.689,61.152,9.9218,1.8846,-65.178,0.80727,-38.653,-10.657,-1.8856,-1
-973.38,-15.553,-195.07,-121.18,-139.53,-277.64,177.16,38.784,150.45,161.63,217.97,548.58,-167.06,152.19,-43.692,135.94,-81.963,96.083,192.35,7.0617,-166.69,-174.43,-83.228,-137.64,-71.915,-139.49,-37.021,46.293,136.05,-1.9044,101.23,82.06,-10.35,-8.398,-40.05,15.147,95.818,27.124,65.677,-32.31,50.528,-55.88,-26.529,-29.606,-117.98,-156.22,-129.53,-53.111,-2.0184,-80.588,-1
-850.23,-347.24,-156.31,-206.66,-161.89,-170.01,196.36,56.253,74.646,-16.136,31.809,315.04,-164.34,118.64,-41.197,147.37,-146.44,-81.126,-14.216,-80.796,-59.019,-21.61,-141.06,28.474,-48.792,30.357,31.138,-34.513,45.516,39.872,-16.595,6.1948,12.188,-19.132,-90.713,24.845,1.3762,-70.533,-62.614,-26.647,90.029,7.2094,12.299,17.874,14.625,116.6,33.16,128.86,36.146,144.32,-1
-1272.8,16.815,-28.454,-145.36,-54.066,-151.91,-71.531,142.66,9.0278,73.719,179.6,288.94,-157,59.647,-102.94,75.845,-87.828,-6.2184,-14.686,15.717,33.89,72.497,-18.766,-11.796,-18.476,-78.765,8.2241,66.246,23.29,45.917,-3.6202,-51.209,138.07,-58.53,-76.088,-54.847,5.9093,-63.657,40.201,83.383,-38.604,-23.028,-57.156,37.785,-22.739,-34.406,30.535,49.033,13.711,-38.803,-1
-1257.2,153.25,-257.86,88.782,-280.08,-451.43,134.94,-34.824,-7.6249,19.114,193.96,313.06,-25.055,-43.783,-205,153.73,-7.4724,1.323,-17.829,35.009,46.211,39.255,-72.58,14.186,-21.354,-97.943,-6.1203,13.421,44.089,2.989,30.396,57.45,112.22,-38.953,-1.1581,-63.743,-0.26338,-35.613,-25.314,11.356,92.754,-45.371,4.7056,51.564,-8.6132,-48.791,-44.71,-47.446,-50.247,-10.19,-1
-460.72,-534.97,-253.75,170.94,-144.36,-238.83,163.63,304.94,77.687,-149.28,72.703,216.37,-179.52,169.73,-2.1535,125.99,-251.67,-61.401,115.15,-83.377,-67.163,-243.97,-161.92,-18.248,-43.289,30.145,-14.287,-138.65,-51.407,80.917,127.51,13.415,-47.728,-33.769,24.709,-89.419,92.095,5.8591,-57.871,-6.1919,20.043,79.843,81.834,16.747,-79.104,78.837,-55.674,41.678,-23.244,5.7399,-1
-1221.9,322.41,-95.705,-24.731,-232.72,-358.59,253.3,173.06,55.586,168.41,142.89,586.69,-216.33,160.9,-146.33,259.33,-152.82,-36.828,7.9617,-90.237,-9.2285,30.497,-121.16,-84.929,46.09,-119.58,-5.6815,60.205,70.546,-39.555,53.529,44.489,128.68,1.8851,-52.707,-59.414,-12.805,-117.28,4.3938,132.13,-72.567,-93.855,-100.4,39.87,46.664,6.276,12.396,19.042,-37.625,40.395,-1
-846.15,464.21,-30.038,-164.11,-286.58,-208.9,455.01,132.02,220.49,-106.42,-22.932,247.32,-205.98,-28.673,-51.549,144.52,-56.855,3.12,-56.498,94.198,-67.212,-65.196,-183.76,-18.092,-25.57,11.848,22.98,-196.22,-102.51,-23.887,70.928,3.9261,-8.5646,37.401,53.288,-65.502,104.48,77.993,51.774,-8.3943,-18.573,-37.901,52.357,-1.5775,-37.812,-21.682,34.779,52.247,-13.91,-48.003,-1
-547.1,594.84,-31.312,-163.1,-187.89,-186.76,54.532,252.61,-64.459,52.266,173,237.14,-282.96,-117.55,-28.384,-96.253,-123.48,-50.471,-163.85,107.73,-10.171,54.6,-140.49,109.59,-6.5692,82.796,72.175,-77.434,13.031,-13.559,11.365,65.64,-55.606,25.65,-49.616,1.7804,-27.536,-17.247,-36.9,-111.31,149.52,97.854,155.34,-36.746,-19.226,-24.966,108.08,90.905,49.776,6.3935,-1
-955.84,125.53,-123.96,92.832,-288.28,-379.23,174.15,145.54,208.38,-38.145,148.09,295.53,-167.89,225.98,-48.74,215.12,-30.836,-110.46,-91.118,-80.458,-34.048,10.14,-161.03,39.309,-31.646,-7.2714,-32.213,-52.347,26.493,-7.518,26.15,83.613,76.687,62.673,-0.54023,-3.4299,51.886,-117.57,-3.4394,8.6888,46.116,-36.664,7.5689,-0.42033,6.9386,79.683,181.65,8.6408,6.153,-54.589,-1
-833.94,-1035.4,-321.11,-157.68,-217.52,-24.418,-327.58,-43.956,-55.791,-157.78,-14.022,-91.805,-89.253,-137.75,-99.535,-66.724,-24.395,-15.068,5.7745,-26.406,-58.37,9.487,27.229,-7.4865,-34.493,24.362,-6.9651,-2.8349,-15.86,-20.588,4.4298,2.1001,0.46702,11.968,3.2444,-7.0997,5.7177,-5.8039,0.7228,5.9004,12.223,2.9485,-5.6648,-9.7978,-8.5846,3.8175,6.4639,5.4399,-3.045,1.3619,1
-1311.3,669.58,-283.41,-167.61,400.96,217.47,324.48,95.973,-179.09,91.028,108.62,-88.695,47.092,-56.369,-59.88,35.985,-32.598,-7.1008,35.547,63.798,44.107,65.811,-73.815,5.4128,21.165,-67.287,-12.552,-29.896,-38.647,-14.759,32.666,77.872,41.435,53.496,-26.721,-33.676,-47.909,-0.64997,-23.583,-14.459,-5.3079,-6.2569,51.308,-9.84,42.108,38.092,4.9724,34.867,37.608,-21.281,1
-1466.3,1092.1,-267.76,-98.391,318.65,228.36,152.52,-115.07,-326.87,120.52,13.396,61.411,54.521,-72.016,-124.02,68.305,-86.747,50.612,38.463,130.77,80.113,32.734,39.235,-15.075,5.2504,-41.601,-33.545,-78.738,-68.55,-33.996,63.98,-4.1919,70.709,72.081,13.789,-137.48,-118.21,-58.357,-68.289,67.719,-81.564,-90.136,-23.073,61.205,35.687,72.534,-16.342,22.342,21.317,-5.471,1
-1297.3,199.94,-373.88,-345.11,531.95,242.19,104.19,20.595,-422.72,73.664,-41.686,29.9,20.095,-31.155,4.3006,48.175,-25.311,9.2615,-9.6964,3.7643,33.062,18.054,-6.8338,16.426,-29.916,-47.048,5.9604,-88.707,-66.933,-46.693,87.609,-0.57693,216.52,-16.197,28.935,-50.723,-110.26,-35.607,-49.607,42.077,-86.669,20.454,-37.716,51.8,26.505,-25.917,-42.808,41.903,31.172,-11.319,1
-1419,560.91,-318.05,-295.04,511.54,242.58,106.27,-183.29,-419.89,48.447,-86.751,-3.4384,7.1278,-49.515,-22.476,85.177,-81.287,29.526,-29.579,23.158,-12.904,95.171,-121.33,76.384,24.297,-45.84,5.3775,-17.5,-36.273,68.045,9.0767,117.72,22.926,24.532,35.766,-61.518,-33.07,-61.825,137.95,-7.8995,-9.7907,18.727,44.541,-18.853,24.361,74.572,4.1559,26.699,17.773,-5.5289,1
-1350.5,364.53,-331.48,-315.6,518.99,210.32,146.95,-27.332,-132.27,37.523,34.753,-142.65,35.753,5.8007,14.567,8.0025,11.535,-18.597,-18.979,-4.0777,18.328,9.864,-19.727,33.076,4.0618,-37.97,-10.186,-4.2202,-23.33,42.304,6.4487,128.27,192.31,-68.249,62.899,-14.545,-31.306,-23.323,208.67,-60.135,-25.138,135,92.532,-22.289,109.52,24.673,-31.224,17.4,34.958,34.065,1
-1556.5,932.9,-326.37,-310.33,656.16,229.91,298.6,111.82,178.47,94.747,58.562,-78.388,2.1011,-68.744,-21.221,32.882,-9.4997,-126.97,-38.311,65.712,64.293,-50.938,81.198,-47.729,0.55432,-17.869,-55.446,-110.25,-59.011,7.5467,8.6614,-42.289,-167.06,54.908,-37.958,-20.364,-40.664,-24.246,-5.0126,28.168,7.619,9.4773,-57.103,-122.91,17.551,84.007,-37.021,-1.9562,-22.413,11.417,1
-1429.3,555.09,-381.36,-368.15,691,272.2,257.68,68.194,-238.06,126.91,20.354,91.524,-37.299,-42.16,57.731,-80.088,139.61,-177.07,-50.441,-33.416,6.9344,3.3754,6.1373,-27.364,-0.91458,3.5116,-20.722,15.51,-2.4352,-5.7774,-22.356,165.05,83.438,40.602,-109.37,32.093,32.43,45.524,-37.025,44.51,104.02,-56.43,-42.493,-37.399,-36.684,40.54,3.9791,-25.292,-15.426,7.2025,1
-1405.7,516.34,-322.98,-310.07,543.01,224.37,155.84,-30.196,-104.43,49.704,-121.96,-158.64,44.829,-27.456,-3.8702,124.28,-106.81,-1.902,-76.865,5.4647,-40.667,84.653,-99.253,51.548,4.8381,9.0705,13.406,23.555,30.818,109.61,-52.104,68.892,-99.882,13.804,-2.9542,7.9685,77.264,19.244,19.546,40.355,88.238,-84.282,27.622,154.55,23.505,1.5262,-54.546,-90.409,-65.099,47.077,1
-1456.4,647.32,-331.81,-348.19,659.19,249.97,238.56,-181.75,-160.69,61.646,-6.918,-122.79,7.4599,-31.33,29.464,11.329,22.24,-98.772,-60.785,-39.579,-37.218,28.975,-7.3481,-3.7454,23.313,15.252,-4.4596,12.968,45.87,76.109,-84.785,56.08,-90.419,19.14,-8.1432,-34.132,-29.546,-44.549,90.781,19.063,19.502,-27.814,-23.108,-112.45,-3.6356,91.918,21.115,6.5081,-7.1383,-1.4252,1
-1364.8,333.26,-479.74,-441.59,808.06,356.41,305.72,419.9,-440.83,227.77,60.37,-150.2,32.527,-69.944,34.907,109.42,4.5105,-142.89,-71.227,-49.448,7.3613,-7.6115,74.468,-59.134,15.432,-1.0347,-20.163,-56.872,-18.292,31.398,26.037,112.14,69.908,78.729,-61.156,-21.728,-14.556,13.415,-70.282,53.66,21.941,-81.71,-92.26,-157.55,-23.467,62.122,53.916,35.129,3.418,-34.121,1
-1303.7,144.65,-485.8,-494.7,875.01,345.88,321.29,309.85,-334.38,193.52,-88.049,-127.82,49.323,-63.671,26.052,128.14,-45.765,-104.33,-60.241,-29.733,25.358,-14.54,86.765,-49.65,1.7204,-23.642,-42.1,-131.03,-88.397,-36.044,53.088,5.1058,-115.14,119.01,-99.554,18.354,0.9212,35.94,-180.02,71.779,32.533,-37.275,-87.347,-25.356,-56.631,-11.837,-2.8319,40.974,11.875,-32.652,1
-1384.4,394.67,-435.49,-439.14,797.71,330.5,266.19,90.43,-460.86,160.23,-92.463,16.252,16.406,-68.643,22.598,93.502,-41.664,-51.29,-50.728,-46.882,-54.352,40.218,1.3748,-3.4514,14.43,22.312,27.494,-10.047,48.256,78.578,-78.785,-91.121,-200.92,-8.6253,58.073,-74.676,-85.342,-83.149,30.297,44.318,-70.987,-31.836,-18.687,56.045,-13.408,-8.4454,-4.2151,9.8193,2.926,-1.6587,1
-1084.4,-561.94,-756.67,-23.999,-407.62,-40.492,-47.984,267.51,-43.011,-28.257,-173.17,-164.71,-33.61,18.211,-88.361,-11.455,9.106,-10.93,-9.9715,-47.353,-13.999,-36.611,3.8826,-16.067,-42.864,-53.211,-45.463,-21.163,16.724,-9.5869,-16.726,-66.496,11.415,-6.254,-17.654,-20.723,12.745,-0.13823,1.6518,-0.049235,-8.3918,6.7428,6.7256,-11.997,2.7221,0.83437,-2.7245,0.63809,1.223,1.3971,-1
-1214.6,169.75,-665.16,-210.28,174.39,39.073,-48.102,100.75,-10.61,-44.174,-71.668,33.381,49.474,-16.598,44.644,6.5724,-19.643,-7.4908,29.726,-53.195,-15.637,-49.24,47.362,17.18,-85.098,23.48,30.023,97.205,-55.475,31.667,35.164,-39.27,-50.959,50.251,-41.195,63.544,-59.588,0.11837,54.176,-34.644,-12.674,11.985,24.814,-38.748,-8.599,14.9,-0.10103,1.1741,-9.9082,-40.146,-1
-1367,824.87,-885.27,-855.2,1444.8,463.07,-138.4,-122.43,85.789,-126.83,-221.07,108.35,-25.359,35.966,36.52,-4.63,-36.928,10.941,54.481,-38.931,34.924,85.062,15.223,74.255,31.04,-128.84,94.816,-21.669,-126.01,-274.91,-305.42,-46.909,-232.89,1.9176,-149.03,-133.83,-39.811,6.1108,70.084,-28.683,-47.585,-51.835,-44.318,-66.437,21.356,44.93,-2.2772,-0.99534,-22.793,-16.338,-1
-1297.2,577.76,-655.94,-421.8,557.14,220.34,-105.63,41.159,27.866,-119.43,-117.41,73.325,-33.57,23.186,32.484,-0.73439,-50.208,-6.3806,82.585,-66.68,-5.9619,-3.1963,20.671,-2.6108,36.071,3.3766,26.062,-38.694,-44.071,-97.599,-56.644,19.531,3.7485,38.252,-10.702,70.631,-59.571,-1.4588,123.46,-42.015,-23.684,22.553,46.598,-51.161,29.692,26.231,-6.8658,-13.039,-56.686,-64.265,-1
-1261.1,300.36,-873.56,-578.89,871.69,322.21,-132.93,5.2346,69.384,-171.75,-215.2,116.62,-13.916,25.854,45.374,4.2212,31.246,-29.409,-96.36,45.913,-8.2304,-55.913,-45.962,-79.91,245.2,236.76,-145.62,-76.566,52.166,-14.194,150.2,-58.505,-27.136,23.289,-16.178,-44.08,-59.237,11.715,51.832,-3.3577,5.1325,38.96,59.165,-29.056,-2.7201,6.6483,-4.9066,14.017,-38.775,-62.467,-1
-1311.5,635.66,-692.28,-491.53,701.86,228.89,-94.133,-10.878,-34.609,-94.755,132.67,18.092,-105.07,40.533,-43.819,-24.618,-104.99,10.401,209.92,-122.4,20.244,68.337,18.45,59.777,-7.1483,-108.62,126.83,-205.4,11.763,-37.731,-18.906,-11.757,-167.46,25.716,-90.89,82.904,-33.473,-4.4444,19.757,-1.8336,-11.981,25.167,44.581,-2.4736,58.628,-34.781,-7.5099,-18.39,-11.751,17.415,-1
-1292.2,560.76,-650.67,-371.91,556.92,127.25,-75.388,32.862,-43.709,-31.619,-12.529,91.107,-227.81,97.922,-16.216,-5.9318,-42.468,5.0567,62.584,-51.169,25.781,52.443,5.1262,47.812,115.51,-133.28,59.523,-127.38,236.25,166.17,98.547,0.050897,-79.474,-5.4765,-12.425,-57.496,-72.023,11.689,19,31.19,-13.278,54.988,81.233,-56.027,13.493,-12.636,-5.9761,-11.302,-14.77,-21.957,-1
-1391.8,1199.7,-306.13,-255.63,289.07,151.78,-129.78,68.441,-27.776,14.601,-120.75,79.597,-131.5,68.706,33.853,-21.796,-179,5.6596,346.6,-214.59,-23.425,59.133,42.583,-8.3981,27.094,-81.17,17.501,-73.903,162.5,-11.738,-45.119,125.41,157.28,-25.167,113.93,10.24,-29.973,-39.361,15.995,-46.466,-39.791,50.847,67.752,-4.9244,40.216,2.9702,-5.92,1.9234,-98.295,-118.22,-1
-1477.7,1489.4,-600.9,-841.36,1321.4,604.27,-275.93,-79.035,21.932,-197.47,-57.834,157.07,-364.18,165.13,-36.463,-26.868,-39.599,16.551,69.989,-35.908,51.362,118.17,-24.203,84.364,28.285,-85.02,138.22,-345.39,294.51,132.07,107.06,44.7,-29.009,-21.479,7.7148,43.262,28.73,11.79,-102.69,0.52688,-1.3295,-34.989,-67.358,-62.035,45.143,40.466,-15.592,24.769,39.786,5.6304,-1
-1436.9,1449.7,-233.41,-304.18,338.69,305.81,-273.68,83.798,-69.937,51.342,-123.18,135.4,-181.97,95.234,22.82,9.8507,98.552,-9.4092,-213.52,100.85,28.575,-22.435,-35.415,-6.2551,19.264,167.97,-30.6,144.9,-18.794,27.044,80.652,-58.419,-46.196,61.673,-41.072,0.16086,-103.54,-21.622,4.738,-88.364,-35.534,-0.84149,-23.459,-91.394,14.185,75.744,-17.371,15.149,-55.788,-31.515,-1
-1438.4,1312.3,-565.6,-666.39,1082.6,419.94,-189.03,-43.316,37.199,-78.959,-224.92,159.12,-159.17,86.731,39.67,9.2805,68.696,-7.2331,-170.58,78.293,37.837,7.4258,-13.892,19.818,121.04,-38.013,-0.87848,151.98,107.51,281.06,182.95,-41.206,-92.999,18.926,-17.479,-49.089,-30.978,7.221,89.493,-11.393,-19.188,-6.1885,-5.2156,-84.195,-1.3745,49.874,-3.3807,12.258,-14.836,-23.32,-1
-1361.5,912.86,-621.67,-524.8,837.24,257.56,-108.13,-26.697,31.431,7.6897,-208.05,64.766,101.49,-27.88,70.223,3.7877,-17.594,-3.1498,7.4599,-29.973,2.4426,-13.509,48.748,43.155,-65.894,-30.208,76.524,27.243,-87.434,-9.9742,-38.621,17.502,-69.846,3.1843,-7.6652,-58.8,-25.071,3.8255,196.52,11.572,-18.955,28.972,77.852,-46.579,48.848,-9.1198,-1.5505,-34.394,-32.992,19.935,-1
-1325.4,758.97,-558.25,-379.2,474,256.28,-201.02,59.74,-63.556,9.3597,-6.7872,51.422,-44.041,15.838,5.0298,9.8883,115.85,0.10465,-248.5,116.2,28.763,-45.597,19.255,94.891,-237.4,80.55,203.55,-121.21,-91.129,5.7389,49.326,65.636,-3.5688,33.819,28.439,63.922,-64.66,-0.29272,116.75,2.0199,-7.7878,42.162,77.99,-21.412,33.647,-21.132,-11.224,-20.581,-34.298,-23.157,-1
-1024.1,-1751.7,-395.64,-338.56,-298.21,-269.66,-191.83,-39.621,154.68,7.9947,-5.7695,-131.36,-68.943,45.681,-81.037,-123.21,-38.012,-100.92,-113.7,-33.537,-37.7,5.9404,52.543,-45.458,-30.415,-3.7197,-3.7149,-73.011,6.9299,-18.247,-60.146,1.6633,-1.8476,5.3142,13.987,0.39978,4.1302,8.4184,-6.8504,4.3411,-10.631,2.9701,6.1915,4.1046,0.15197,-3.1908,-3.9061,5.891,-1.3538,-2.8098,-1
463.66,-1141.3,137.07,-375.85,107.07,-35.782,-30.572,-167.73,119.42,-34.391,-99.934,-22.473,11.611,-71.185,-13.238,-65.584,22.842,105.07,-8.3491,112.84,-42.483,-5.2482,-5.0476,-48.684,78.051,-36.2,37.203,-15.975,26.727,22.588,20.75,-11.662,18.402,-45.995,15.973,23.655,7.785,-29.031,-13.714,43.048,21.285,8.1806,-22.131,3.8887,-16.191,37.32,-24.563,24.738,3.6364,6.5572,-1
442.44,-1157.6,177.03,-329.31,7.5174,-106.96,-15.194,-15.665,-145.75,-113.64,95.347,0.84671,53.54,219.02,-72.48,-49.123,73.856,205.04,30.496,-33.386,82.603,-62.739,48.37,-54.505,44.073,-38.847,11.366,-6.8017,11.945,39.911,2.5585,-13.006,23.792,-3.214,19.041,30.126,-15.027,-67.26,0.49126,30.357,3.379,3.209,-20.392,-11.383,-40.676,-14.258,-47.592,-7.4302,-44.379,-57.351,-1
880.2,-948.65,104.51,-338.52,79.56,-63.637,-109.79,-14.921,128.14,-17.552,-44.915,-35.785,-13.153,-144.53,-39.512,-44.651,88.207,135.84,-9.9076,129.15,-5.2255,-39.751,36.228,-80.868,89.444,-20.43,37.405,-49.242,39.078,31.291,16.928,-3.8589,19.764,-29.355,11.272,13.749,28.554,-10.133,-27.91,-14.16,18.962,-9.3323,-11.981,16.989,-25.374,46.06,-16.697,10.199,-11.033,24.971,-1
600.47,-1058.6,-95.34,-524.66,158.2,-105.28,-33.253,69.652,-209.42,-139.36,143.33,-2.7747,49.275,55.509,-84.87,33.309,120.13,96.545,6.6378,94.931,3.3232,12.174,-9.6512,18.053,134.24,-73.662,78.782,-53.897,39.331,38.266,-6.0849,-28.554,0.5977,-17.039,13.423,-9.8966,42.108,31.471,-137.61,11.971,125.42,32.856,-70.026,-0.7731,45.324,24.025,23.748,-6.9487,-21.795,-3.1533,-1
891.86,-927.33,6.3411,-272.89,-45.246,-105.12,-120.22,56.062,12.327,-65.835,7.9483,-32.124,11.764,-98.826,-12.505,-5.4046,54.608,66.351,-26.532,59.305,42.366,-52.45,85.044,-178.28,170.1,-72.422,86.124,-40.124,88.336,68.838,-2.9309,-19.87,8.0283,-18.814,5.1298,18.947,25.069,36.035,-4.6174,-40.867,24.436,-1.0887,-9.6524,-8.6304,2.3969,29.039,-7.7052,-28.191,-32.683,18.329,-1
901.53,-951.42,158.27,-424.24,186.58,-46.031,-101.83,18.358,106.8,-22.903,-14.335,-23.517,15.432,47.549,-63.513,-39.765,86.692,199.04,35.037,13.935,27.664,-17.588,-1.8116,-16.142,86.044,-53.594,18.305,-15.236,13.534,33.071,6.0974,-16.34,20.404,-6.5985,5.4535,22.136,-10.322,-12.323,-8.0711,22.398,29.286,12.022,-14.461,-27.794,42.008,-25.648,-30.3,27.734,-6.3689,37.732,-1
1427.5,-710.19,104.21,-465.84,251.13,-53.413,-116.11,90.676,120.92,7.2805,127.64,-37.452,14.047,93.759,-105.49,-7.7959,154.47,231.99,48.594,-34.778,75.676,-52.004,21.438,-16.515,65.22,-42.709,20.56,-30.459,12.545,23.368,-16.185,-14.244,8.2995,-20.526,12.784,9.3175,-6.4195,14.111,8.5012,-9.6734,-30.559,-26.001,21.289,32.169,-55.607,62.925,-24.923,64.47,40.329,21.268,-1
913.06,-927.4,10.056,-454.56,163.88,-56.564,-49.472,-25.484,0.19076,-74.003,-6.7633,-9.2053,26.681,52.596,-19.669,-85,53.357,180.02,27.695,-78.505,-55.527,10.158,-89.34,47.971,-51.341,16.578,-57.182,8.2089,-55.877,-25.841,-1.4908,-12.414,26.328,-11.295,17.313,15.07,-20.312,-73.28,-19.18,54.683,11.434,10.591,-9.9614,-19.626,9.3829,-48.782,-52.414,76.419,13.184,-30.802,-1
968.2,-913.6,37.614,-599.81,346.95,-35.228,-94.718,82.332,19.327,-59.72,-4.267,-8.4278,20.466,-55.495,-16.386,-61.509,70.343,162.93,35.766,-32.785,-78.016,41.98,-129.39,125.33,-40.518,33.679,-52.783,-8.7549,-74.748,-27.119,-41.662,-21.121,28.856,24.229,-5.8998,15.711,-21.617,-95.212,-1.2972,6.2253,-37.301,0.39531,27.672,-13.246,-48.035,-3.0275,-17.026,-24.446,-38.796,8.2076,-1
809.44,-1001.9,195.87,-469.67,222.93,-76.862,-35.897,26.266,-31.617,-40.77,255.23,-27.597,20.632,108.58,-122.75,-5.5605,211.31,241.72,27.653,-41.272,23.55,-71.589,-4.5898,27.547,26.725,-43.591,-42.758,-19.818,-8.6896,15.523,-0.81253,-20.725,15.779,-26.834,22.965,9.0641,-35.371,-6.3162,-26.012,49.666,6.9393,20.366,-4.4671,1.2588,51.513,-8.3682,-37.811,1.6334,-22.626,-37.299,-1
1261.3,-773.24,48.19,-392.92,100.16,-107.58,-93.594,141.51,-101.38,-94.648,69.388,-2.1082,73.022,161.01,-76.03,28.043,37.041,91.257,40.636,160.69,85.428,-10.586,19.27,53.577,73.392,-36.652,160.13,-105.79,37.077,21.956,-12.915,-17.643,-17.194,-72.349,18.082,22.194,89.038,-89.009,23.324,-72.545,-132.87,2.4989,29.757,39.279,36.108,-66.683,-31.185,54.035,9.5911,-18.245,-1
1074.2,-858.55,54.612,-397.45,98.618,-90.876,-127.76,162.46,-77.021,-108.87,-70.405,2.0829,50.72,117.47,-48.465,-78.127,30,220.16,56.061,131.89,30.051,29.938,-6.8631,-24.168,107.83,-39.842,91.83,-91.349,31.35,25.045,-17.37,-26.846,13.651,-17.188,-3.3943,6.6063,60.801,-7.1123,-43.436,-83.403,-7.7547,-6.9161,14.635,39.884,1.6772,61.553,41.281,-53.858,-37.656,59.166,-1
-1929.6,131.57,-210.67,385.94,-218.09,-327.82,-30.897,-165.86,2.8043,-51.989,-70.576,13.597,-29.197,110.78,-38.445,-25.444,6.912,-13.813,9.9846,-49.057,22.86,6.2222,5.663,-29.696,33.648,19.458,-83.077,64.511,-1.7375,-41.298,49.356,-9.7605,26.16,4.0076,35.609,-18.772,-32.275,27.39,-3.7262,-21.612,8.789,-48.263,-15.893,-10.053,23.308,-9.4092,-15.195,-0.17288,12.147,-20.388,-1
-1916.9,-289.66,-329.48,32.687,-148.52,-251.87,-294.62,-194.26,-140.53,12.139,-24.667,21.531,-40.689,223.67,-81.538,-40.375,60.367,63.175,-36.415,-16.922,8.9759,20.198,-3.6459,-10.162,64.858,16.963,-26.406,28.94,12.821,-15.11,37.89,-17.923,16.658,39.298,24.891,-49.059,57.463,-36.074,-60.938,-15.155,14.879,-2.7214,-25.194,-5.0446,14.298,5.942,-14.408,-18.884,10.807,-3.3842,-1
-1908.2,-66.298,-307.35,15.072,-72.307,-190.03,-294.71,-191.1,-95.065,-1.9999,-150.94,40.711,-12.294,65.989,-49.432,5.7738,17.512,29.019,27.359,-44.006,6.3491,3.7977,-4.2283,26.362,2.0563,26.22,-29.04,5.5702,-89.193,-54.241,42.424,30.511,-5.1424,-2.3601,51.448,-3.4631,-29.414,36.47,-48.196,-26.952,4.2147,-47.133,-7.0619,5.0101,12.73,23.01,0.022934,-29.517,15.533,-8.5825,-1
-1924.9,-251.06,-292.95,196.26,-289.64,-356.91,-62.342,-193.8,-6.3507,-62.983,77.695,6.7665,-10.64,70.598,-1.1398,30.943,17.427,46.425,33.073,-53.955,27.416,9.3359,4.4248,-12.777,-16.259,-12.757,-56.496,47.362,66.357,6.5296,-27.433,-22.608,-14.285,-84.001,48.541,-21.907,36.908,-3.117,-8.8795,-35.218,23.099,-27.951,-3.6479,-3.4422,7.9958,13.219,-4.8762,-3.485,2.3393,-15.985,-1
-1914.1,-142.22,-316.67,1.3277,-190.55,-237.66,-303.73,-164.58,-195.75,42.432,-89.232,60.375,9.0855,-14.398,-19.255,16.623,-13.928,-27.625,67.601,-31.748,13.436,-17.575,-15.243,-15.459,-1.7065,0.90779,-76.597,59.023,35.847,-60.523,24.701,16.946,-2.8856,18.432,50.452,-12.236,-8.3263,15.454,-59.53,-16.855,7.5578,-28.391,-15.535,-1.3141,15.102,-12.509,-1.9041,-10.46,-21.545,-24.621,-1
-1922.2,259.56,-245.06,139.93,-473.21,-377.64,-46.629,-135.72,-103.57,-12.366,126.51,13.12,0.5652,61.409,-10.762,10.703,31.574,61.814,8.6802,3.4536,-25.177,24.903,43.719,108.48,-18.537,34.784,56.696,-73.605,-172.15,-17.57,55.658,49.846,2.8281,62.277,12.12,-21.218,-3.8208,-12.308,5.9499,-23.364,5.4615,-17.321,-25.558,2.3201,16.674,8.4338,-17.757,-1.3236,17.283,-2.2663,-1
-1927.3,344.06,-211.94,264.24,-425.14,-380.12,-31.788,-132.26,-101.8,-6.9643,10.082,19.984,-13.619,97.713,-12.352,-7.149,19.832,20.771,36.992,-59.901,20.101,4.6937,18.316,14.48,-27.469,-22.895,-57.679,59.614,102.9,13.495,-57.697,-15.874,-30.459,-76.922,36.829,-2.0825,6.6951,11.323,-1.1361,-33.645,1.5094,-68.874,-1.9081,8.4944,8.5084,22.692,-4.7444,-15.152,32.314,-0.97024,-1
-1911.1,369.99,-254.37,42.639,-294.57,-269.75,-218.38,-137.57,-181.27,33.398,-76.609,47.918,2.7147,21.051,-3.8064,10.94,-8.7084,-60.481,39.647,-40.505,-5.0961,-5.0959,36.71,1.4888,-30.436,-14.371,6.9516,55.015,123.62,67.999,-122.45,-16.469,-69.688,-61.997,2.6971,40.413,-26.826,-3.5124,46.375,-36.143,-48.749,-31.06,-31.269,-13.298,4.5326,-21.293,-1.8712,1.7221,3.0923,-22.865,-1
-1925.7,149.8,-245.29,199.13,-398.88,-357.66,-107,-121.53,-180.9,33.903,-23.461,51.786,21.318,-56.146,14.143,33.149,-10.344,-16.511,57.182,-18.542,-42.556,17.632,64.395,48.574,-41.598,26.725,68.915,-32.101,-64.617,66.301,-52.803,4.1939,-38.348,-49.592,8.3403,12.077,5.8799,-8.6007,30.991,-33.96,-23.803,-2.8192,-32.36,-18.035,6.8064,-44.57,-4.6899,17.276,3.6847,-21.978,-1
-1912.6,-212.36,-334.58,-46.212,-274.22,-271.04,-245.7,-180.16,-138.4,5.1105,-134.42,36.927,-14.685,123.64,-47.327,1.2727,32.946,41.557,25.114,-26.413,15.623,-13.692,-28.153,-34.61,28.101,-30.591,-67.95,75.993,166.25,8.654,-20.293,-25.407,9.3836,31.28,10.61,-0.0061844,10.902,-22.07,-39.963,-12.593,10.08,5.9613,-26.393,-18.941,18.713,-45.953,-8.1386,12.623,-34.795,-30.01,-1
-1770.2,355.6,-252.22,86.343,-492.93,-190.18,-72.181,55.899,-320.16,68.413,70.686,129.46,110.42,-61.178,70.205,157.99,15.334,-43.426,158.08,39.775,-81.402,49.951,9.6389,-60.667,-34.814,33.605,0.42135,9.3546,-64.333,21.555,-21.129,42.466,-76.333,-48.427,13.696,34.695,26.659,53.827,80.778,-43.992,-14.984,-24.629,-16.763,-8.7033,-8.6006,4.3729,9.1917,5.9513,43.833,24.121,-1
-548.65,-951.92,176.19,-167.52,-306.44,361.61,-302.5,-131.03,-5.9324,-66.696,-27.234,65.325,50.549,90.276,32.518,163.07,24.199,-124.78,46.78,-16.421,-30.324,8.5865,24.099,16.557,30.871,-33.812,-64.445,93.285,-18.959,1.6798,-49.462,42.772,2.9857,-1.4343,-41.014,53.313,15.369,-31.841,-28.452,-36.339,-18.267,18.003,-7.9554,-15.089,35.74,-21.784,-13.87,-34.543,-10.91,-9.6773,-1
