0,0,0,0,0,0,0,0,0,0,0,0,0,0,0,0,0,0,0,0,0,0,0,0,0,0,0,0,0,0,0,0,0,0,0,0,0,0,0,0,0,0,0,0,0,0,0,0,0,0,0,0,0,0,0,0,0,0,0,0,0,0,0,0,0,0,0,0,0,0,0,0,0,0,0,0,0,0,0,0,0,0,0,0,0,0,0,0,0,0,0,0,0,0,0,0,0,0,0,0,0,0,0,0,0,0,0,0,0,0,0,0,0,0,0,0,0,0,0,0,0,0,0,0,0,0,0,0,0,0,0,0,0,0,0,0,0,0,0,0,0,0,0,0,0,0,0,0,0,0,0,0,0,0,0,0,0,0,0,0,0,0,0,0,0,0,0,0,0,0,0,0,0,0,0,0,0,0,0,0,0,0,0,0,0,0,0,0,0,0,0,0,0,0,0,0,0,0,0,0,0,0,0,0,0,0,0,0,0,0,0,0,0,0,0,0,0,0,0,0,0,0,0,0,0,0,0,0,0,0,0,0,0,0,0,0,0,0,0,0,0,0,0,0,0,0,0,0,0,0,0,0,0,0,0,0,0,0,0,0,0,0,0,0,0,0,0,0,0,0,0,0,0,0,0,0,0,0,0,0,0,0,0,0,0,0,0,0,0,0,0,0,0,0,0,0,0,0,0,0,0,0,0,0,0,0,0,0,0,0,0,0,0,0,0,0,0,0,0,0,0,0,0,0,0,0,0,0,0,0,0,0,0,0,0,0,0,0,0,0,0,0,0,0,0,0,0,0,0,0,0,0,0,0,0,0,0,0,0,0,0,0,0,0,0,0,0,0,44.909,0.039926,0.025393,0.019708,0.00923,0.00923,0.019708,0.025393,0.039926,0.04944,2.6728,2.6637,2.6358,2.6541,2.6515,2.6437,2.6487,2.6389,0.00085835,-0.031008,0.0182,0.0047532,0.0047968,-0.0073107,0.0028247,-0.0041686,0.95117,0.91602,0.93628,0.93561,4.3267e-05,1,0.015999,0.46226,0.34651,0.043598,0.15972,0.10894,0.097049,0.045437,0.023749,0.98035,0.98677,0.98599,0.9818,0.98374,16.268,0.063987,0.019317,0.023228,0.03565,0.03565,0.023228,0.019317,0.063987,0.076868,-0.95149,-0.94015,-0.97275,-0.94303,-0.94998,-0.96162,-0.96651,-0.97544,-0.0022797,0.034769,-0.0092102,0.0039949,0.015001,0.0017965,-0.009927,0.0057524,0.32178,0.35693,0.33862,0.33891,7.0793e-05,1,0.15523,0.28177,0.34425,0.076556,0.13834,0.14653,0.022663,0.12213,0.14391,0.94926,0.93434,0.94282,0.95562,0.96626,0,0,0,0,0,0,0,0,0,0,0,0,0,0,0,0,0,0,0,0,0,0,0,0,0,0,0,0,0,0,0,0,0,0,0,0,0,0,0,0,0,0,0,0,0,0,0,0,0,0,0,0,0,0,0,0,0,0,0,0,0,0,0,0,0,0,0,0,0,0,0,0,0,0,0,0,0,0,0,0,0,0,0,0,0,0,0,0,0,0,0,0
15.188,16.717,6.3208,8.6623,9.3221,9.3221,8.6623,6.3208,16.717,20.851,-7.4739,-4.0196,2.9423,1.5133,-3.8293,0.6236,3.4231,-1.0552,-1.3622,8.3836,0.14081,-2.4237,1.638,-1.8037,1.0051,-1.684,6.0625,4.875,0.25,0.31641,4.7974,1,0.3074,0.14255,0.19644,0.074388,0.0896,0.0048098,0.17301,0.15518,0.06273,0.52015,0.19015,0.19588,0.14433,0.18328,15.188,16.717,6.3208,8.6623,9.3221,9.3221,8.6623,6.3208,16.717,20.851,-7.4739,-4.0196,2.9423,1.5133,-3.8293,0.6236,3.4231,-1.0552,-1.3622,8.3836,0.14081,-2.4237,1.638,-1.8037,1.0051,-1.684,6.0625,4.875,0.25,0.31641,4.7974,1,0.3074,0.14255,0.19644,0.074388,0.0896,0.0048098,0.17301,0.15518,0.06273,0.52015,0.19015,0.19588,0.14433,0.18328,15.188,16.717,6.3208,8.6623,9.3221,9.3221,8.6623,6.3208,16.717,20.851,-7.4739,-4.0196,2.9423,1.5133,-3.8293,0.6236,3.4231,-1.0552,-1.3622,8.3836,0.14081,-2.4237,1.638,-1.8037,1.0051,-1.684,6.0625,4.875,0.25,0.31641,4.7974,1,0.3074,0.14255,0.19644,0.074388,0.0896,0.0048098,0.17301,0.15518,0.06273,0.52015,0.19015,0.19588,0.14433,0.18328,250.31,16.626,59.013,27.1,28.248,28.248,27.1,59.013,16.626,173.86,37.21,29.413,65.486,1.392,4.8533,4.9517,1.8108,5.0883,8.4227,-1.2227,-14.526,3.5887,1.9112,2.3185,0.11599,0.58211,32.125,13.75,2.0938,5.2148,107.7,1,0.44971,0.10561,0.021159,0.054767,0.10178,0.03662,0.070232,0.046257,0.042013,0.65759,0.16796,0.061479,0.049935,0.041288,250.31,16.626,59.013,27.1,28.248,28.248,27.1,59.013,16.626,173.86,37.21,29.413,65.486,1.392,4.8533,4.9517,1.8108,5.0883,8.4227,-1.2227,-14.526,3.5887,1.9112,2.3185,0.11599,0.58211,32.125,13.75,2.0938,5.2148,107.7,1,0.44971,0.10561,0.021159,0.054767,0.10178,0.03662,0.070232,0.046257,0.042013,0.65759,0.16796,0.061479,0.049935,0.041288,250.31,16.626,59.013,27.1,28.248,28.248,27.1,59.013,16.626,173.86,37.21,29.413,65.486,1.392,4.8533,4.9517,1.8108,5.0883,8.4227,-1.2227,-14.526,3.5887,1.9112,2.3185,0.11599,0.58211,32.125,13.75,2.0938,5.2148,107.7,1,0.44971,0.10561,0.021159,0.054767,0.10178,0.03662,0.070232,0.046257,0.042013,0.65759,0.16796,0.061479,0.049935,0.041288,46,10.709,22.064,41.581,14.53,14.53,41.581,22.064,10.709,19.626,-2.7061,-2.8045,-1.1124,0.080031,-2.1707,-4.6075,-3.6415,-5.4229,0.28842,0.58737,1.7389,0.022522,5.223,2.5195,-1.2818,0.61438,9,12,1,0.95833,10.424,1,0.14653,0.054158,0.25372,0.015362,0.051072,0.048683,0.02869,0.025238,0.038768,0.17424,0.064815,0.125,0.43519,0.18519,43,23.515,6.6255,26.458,11.432,11.432,26.458,6.6255,23.515,14.79,4.7686,5.3691,-3.5074,-5.6092,-2.97,0.032819,-2.952,-6.1031,0.11153,2.61,2.3108,0.14141,-2.5335,1.0924,1.7767,-2.0017,6,6,1,0.89583,4.8187,1,0.19505,0.18688,0.19581,0.13553,0.098174,0.12246,0.19854,0.012844,0.037401,0.51515,0.33333,0.18333,0.12963,0.27778,44.73,0.050262,0.038705,0.011378,0.017854,0.017854,0.011378,0.038705,0.050262,0.093126,2.6127,2.5961,2.6296,2.6472,2.6353,2.6388,2.6467,2.6439,0.0048452,-0.045943,0.0045797,-0.0047658,0.016863,-0.0022031,-0.0012344,0.00037572,0.95459,0.90527,0.93408,0.93188,0.00010422,1,0.17121,0.16223,0.2616,0.12948,0.059891,0.11635,0.082279,0.12818,0.14375,0.9681,0.98039,0.97734,0.97681,0.98011,16.882,0.04627,0.038501,0.011092,0.044092,0.044092,0.011092,0.038501,0.04627,0.26396,-1.0492,-1.0645,-1.0437,-0.96344,-0.99368,-0.97258,-0.98233,-0.96341,0.0045028,-0.04221,0.0059573,0.018964,0.019616,0.0018495,-0.0046578,0.0074279,0.33594,0.3916,0.34692,0.35172,0.00023743,1,0.51612,0.18103,0.023358,0.037784,0.13012,0.18953,0.079839,0.068293,0.072816,0.95216,0.87434,0.88878,0.88252,0.88196,311.9,1.2825,0.52761,0.2888,0.24739,0.24739,0.2888,0.52761,1.2825,3.7689,16.778,16.694,18.004,18.387,18.543,18.68,18.715,18.755,0.052098,-0.14105,0.11736,-0.014163,0.026695,-0.0066638,0.0054784,0.0040244,6.632,5.8587,6.5638,6.4979,0.037305,1,0.5483,0.2761,0.1518,0.10874,0.091877,0.076524,0.043382,0.0036239,0.047779,0.93911,0.98119,0.99072,0.99661,0.9991,349.55,1.0136,0.39734,0.2006,0.1715,0.1715,0.2006,0.39734,1.0136,2.7964,21.769,21.825,20.863,20.627,20.475,20.367,20.347,20.32,-0.045459,0.056664,-0.051005,0.01153,-0.025413,0.010458,-0.0069709,-0.00010178,7.7652,7.1837,7.2318,7.2824,0.019693,1,0.52254,0.26767,0.1837,0.16012,0.12212,0.092135,0.048239,0.0015806,0.052516,0.96258,0.93858,0.93069,0.92709,0.92548
24.938,29.529,9.3753,12.545,10.714,10.714,12.545,9.3753,29.529,35.505,27.219,25.815,3.5648,3.5405,1.5846,-0.79464,-3.7469,-6.3515,0.051959,-5.0648,-3.8823,4.1516,-2.4696,1.6259,-0.9051,0.15825,10.125,2.75,0.25,0.51953,8.3908,1,0.18713,0.14068,0.12676,0.091493,0.073059,0.095953,0.16089,0.31577,0.012295,0.36644,0.20027,0.13148,0.041152,0.20919,24.938,29.529,9.3753,12.545,10.714,10.714,12.545,9.3753,29.529,35.505,27.219,25.815,3.5648,3.5405,1.5846,-0.79464,-3.7469,-6.3515,0.051959,-5.0648,-3.8823,4.1516,-2.4696,1.6259,-0.9051,0.15825,10.125,2.75,0.25,0.51953,8.3908,1,0.18713,0.14068,0.12676,0.091493,0.073059,0.095953,0.16089,0.31577,0.012295,0.36644,0.20027,0.13148,0.041152,0.20919,24.938,29.529,9.3753,12.545,10.714,10.714,12.545,9.3753,29.529,35.505,27.219,25.815,3.5648,3.5405,1.5846,-0.79464,-3.7469,-6.3515,0.051959,-5.0648,-3.8823,4.1516,-2.4696,1.6259,-0.9051,0.15825,10.125,2.75,0.25,0.51953,8.3908,1,0.18713,0.14068,0.12676,0.091493,0.073059,0.095953,0.16089,0.31577,0.012295,0.36644,0.20027,0.13148,0.041152,0.20919,749.38,43.988,110.97,39.926,18.059,18.059,39.926,110.97,43.988,626.09,40.772,43.693,141.9,106.98,-2.9508,-1.5521,2.4824,1.6788,3.1409,21.298,16.435,-24.562,1.4847,0.55636,-0.83988,0.47698,78.25,10.563,1.4375,15.612,523.41,1,0.72038,0.58667,0.41258,0.26157,0.038796,0.12438,0.1729,0.20406,0.2099,0.51459,0.46743,0.032987,0.013223,0.0094072,749.38,43.988,110.97,39.926,18.059,18.059,39.926,110.97,43.988,626.09,40.772,43.693,141.9,106.98,-2.9508,-1.5521,2.4824,1.6788,3.1409,21.298,16.435,-24.562,1.4847,0.55636,-0.83988,0.47698,78.25,10.563,1.4375,15.612,523.41,1,0.72038,0.58667,0.41258,0.26157,0.038796,0.12438,0.1729,0.20406,0.2099,0.51459,0.46743,0.032987,0.013223,0.0094072,749.38,43.988,110.97,39.926,18.059,18.059,39.926,110.97,43.988,626.09,40.772,43.693,141.9,106.98,-2.9508,-1.5521,2.4824,1.6788,3.1409,21.298,16.435,-24.562,1.4847,0.55636,-0.83988,0.47698,78.25,10.563,1.4375,15.612,523.41,1,0.72038,0.58667,0.41258,0.26157,0.038796,0.12438,0.1729,0.20406,0.2099,0.51459,0.46743,0.032987,0.013223,0.0094072,39,3.667,6.5795,8.6603,5.9964,5.9964,8.6603,6.5795,3.667,4.8083,-1.7824,-1.4034,-1.6151,-1.5699,-3.878,-1.4247,-3.3422,-2.5191,-0.16884,0.8556,-1.28,-3.9254,1.0807,0.78222,0.26706,-0.035525,3,8,1,0.8125,2.6662,1,0.0096322,0.089869,0.22191,0.16961,0.0081047,0.015524,0.10723,0.019514,0.011347,0.125,0.083333,0.2125,0.11111,0.20833,24,19.23,12.683,13.748,11.713,11.713,13.748,12.683,19.23,18.293,7.7635,6.953,-2.732,-2.4366,-2.987,-2.4537,1.1345,-3.7048,0.055497,-2.841,-3.2882,-0.18703,1.1632,0.95033,2.0994,-2.5936,3,6,1,0.5,4.2979,1,0.20668,0.02104,0.14975,0.07797,0.009901,0.14604,0.019802,0.012376,0.069307,0.40909,0.31481,0.18333,0.18519,0.24074,44.917,0.050293,0.03612,0.032304,0.01634,0.01634,0.032304,0.03612,0.050293,0.070975,2.6845,2.6809,2.6337,2.634,2.6608,2.6467,2.6505,2.6412,0.0014488,-0.0084885,-0.021658,0.0093812,-0.02494,0.019633,0.0038984,-0.004879,0.95264,0.91748,0.93408,0.93576,8.3466e-05,1,0.059589,0.067554,0.079124,0.41119,0.092781,0.22413,0.057338,0.07749,0.12757,0.98257,0.9779,0.98242,0.9885,0.97995,16.255,0.067166,0.064793,0.0051442,0.010612,0.010612,0.0051442,0.064793,0.067166,0.019791,-0.96189,-0.95797,-0.92885,-0.99639,-0.91634,-0.99058,-0.94437,-0.98349,0.00074741,0.017112,-0.0096886,-0.0032367,0.019167,0.025493,-0.0091977,-0.00098086,0.31006,0.37646,0.34033,0.33865,0.00019586,1,0.271,0.28776,0.55221,0.47032,0.0010816,0.20602,0.3165,0.2165,0.10733,0.87808,0.92924,0.87237,0.91396,0.91195,306.98,0.30181,0.19417,0.12154,0.095776,0.095776,0.12154,0.19417,0.30181,3.1521,18.676,18.689,18.705,17.788,17.842,17.922,17.999,18.033,0.00055187,0.049294,0.25836,-0.078859,-0.01043,0.0066105,0.0026057,0.0050538,6.6172,6.1286,6.3628,6.3955,0.01709,1,0.68707,0.40327,0.19523,0.049063,0.18389,0.2975,0.30259,0.21491,0.14682,0.99603,0.95312,0.95551,0.95966,0.9628,344.26,0.70014,0.52685,0.47458,0.38557,0.38557,0.47458,0.52685,0.70014,7.6819,18.39,18.355,18.957,20.678,20.879,20.753,20.67,20.636,0.0040481,-0.1189,-0.25455,0.15631,0.010257,-0.010869,-0.0012361,-0.005845,7.554,6.4998,7.3089,7.172,0.091617,1,0.74947,0.54274,0.35217,0.18223,0.061727,0.19256,0.23784,0.20544,0.16657,0.88329,0.9654,0.97478,0.96913,0.96648
15,3.2558,15.431,6.1989,2.3308,2.3308,6.1989,15.431,3.2558,21.398,-21.287,-19.738,8.6926,0.45786,2.8552,-1.8726,0.5503,0.26743,-0.56935,3.8974,-0.75246,-5.8185,-3.0248,0.15574,2.1213,-1.6779,4.875,8.25,0.03125,0.3125,6.142,1,0.016414,0.17459,0.16009,0.26329,0.032327,0.072855,0.051394,0.073058,0.1244,0.45317,0.0867,0.25606,0.078283,0.10943,15,3.2558,15.431,6.1989,2.3308,2.3308,6.1989,15.431,3.2558,21.398,-21.287,-19.738,8.6926,0.45786,2.8552,-1.8726,0.5503,0.26743,-0.56935,3.8974,-0.75246,-5.8185,-3.0248,0.15574,2.1213,-1.6779,4.875,8.25,0.03125,0.3125,6.142,1,0.016414,0.17459,0.16009,0.26329,0.032327,0.072855,0.051394,0.073058,0.1244,0.45317,0.0867,0.25606,0.078283,0.10943,15,3.2558,15.431,6.1989,2.3308,2.3308,6.1989,15.431,3.2558,21.398,-21.287,-19.738,8.6926,0.45786,2.8552,-1.8726,0.5503,0.26743,-0.56935,3.8974,-0.75246,-5.8185,-3.0248,0.15574,2.1213,-1.6779,4.875,8.25,0.03125,0.3125,6.142,1,0.016414,0.17459,0.16009,0.26329,0.032327,0.072855,0.051394,0.073058,0.1244,0.45317,0.0867,0.25606,0.078283,0.10943,362,156.34,94.065,71.026,121.02,121.02,71.026,94.065,156.34,394.77,-5.7118,4.5942,-18.455,108.81,46.627,-7.6719,-7.9794,1.4015,-0.8338,35.703,-20.998,44.06,1.9084,-5.3143,-1.2316,2.8602,78.188,20.313,0.40625,7.5417,433.7,1,0.31892,0.23367,0.052306,0.0857,0.1892,0.23303,0.12576,0.13606,0.22316,0.13248,0.38947,0.25851,0.063682,0.022116,362,156.34,94.065,71.026,121.02,121.02,71.026,94.065,156.34,394.77,-5.7118,4.5942,-18.455,108.81,46.627,-7.6719,-7.9794,1.4015,-0.8338,35.703,-20.998,44.06,1.9084,-5.3143,-1.2316,2.8602,78.188,20.313,0.40625,7.5417,433.7,1,0.31892,0.23367,0.052306,0.0857,0.1892,0.23303,0.12576,0.13606,0.22316,0.13248,0.38947,0.25851,0.063682,0.022116,362,156.34,94.065,71.026,121.02,121.02,71.026,94.065,156.34,394.77,-5.7118,4.5942,-18.455,108.81,46.627,-7.6719,-7.9794,1.4015,-0.8338,35.703,-20.998,44.06,1.9084,-5.3143,-1.2316,2.8602,78.188,20.313,0.40625,7.5417,433.7,1,0.31892,0.23367,0.052306,0.0857,0.1892,0.23303,0.12576,0.13606,0.22316,0.13248,0.38947,0.25851,0.063682,0.022116,52,13.223,15.777,17.692,7.7278,7.7278,17.692,15.777,13.223,12.078,-15.302,-12.772,-1.7712,-4.5822,-4.3276,-3.3386,0.18084,-3.1595,-1.8666,3.2658,1.6839,0.25507,-2.0247,1.0737,0.38374,-0.97661,2,8,1,1.0833,2.7163,1,0.079471,0.10808,0.045311,0.13724,0.024151,0.014904,0.038947,0.068864,0.058529,0.22727,0.22222,0.225,0.15278,0.069444,50,73.137,56.718,60.556,29.463,29.463,60.556,56.718,73.137,58.424,9.2139,9.3258,-10.082,27.809,-0.56253,-1.9642,1.1076,-4.8065,-0.36551,-0.79221,-18.315,-6.08,1.5228,-0.77181,1.21,-2.1343,49,14,0,1.0417,75.828,1,0.048286,0.2245,0.17612,0.18205,0.060929,0.01836,0.012646,0.007269,0.053415,0.12059,0.2381,0.020408,0.029478,0.020408,44.927,0.12616,0.063658,0.04269,0.036533,0.036533,0.04269,0.063658,0.12616,0.093078,2.6382,2.63,2.6471,2.655,2.6552,2.6513,2.6349,2.6701,0.0027232,-0.021773,0.016564,0.0030591,-0.0082007,0.010939,-0.018245,0.021132,0.95361,0.9165,0.9375,0.93597,7.6686e-05,1,0.046952,0.16909,0.10973,0.032034,0.030855,0.083466,0.018505,0.10342,0.19903,0.97752,0.98509,0.98341,0.98288,0.97929,16.121,0.03136,0.016549,0.030544,0.016819,0.016819,0.030544,0.016549,0.03136,0.17434,-1.004,-1.0062,-0.99566,-0.93352,-0.93147,-0.96435,-0.9118,-0.94586,0.0035869,0.0034673,0.0050041,-0.0037688,0.0052815,-0.013734,0.0065058,-0.011938,0.31055,0.36377,0.33423,0.33586,0.0001458,1,0.53288,0.3031,0.047611,0.11832,0.16451,0.13916,0.10369,0.083853,0.027986,0.96937,0.90843,0.91221,0.92647,0.89083,312.59,0.34993,0.19502,0.15401,0.14029,0.14029,0.15401,0.19502,0.34993,4.7206,18.58,18.566,18.872,19.192,18.111,18.267,18.003,17.787,-0.00051558,-0.054715,0.030551,0.26505,-0.084316,0.029274,-0.038152,-0.014963,6.7699,6.2425,6.4845,6.5123,0.030734,1,0.76142,0.52475,0.32929,0.19195,0.079711,0.031178,0.0082149,0.039632,0.085245,0.98116,0.99664,0.94537,0.95163,0.93251,331.71,1.1574,0.59046,0.48729,0.45919,0.45919,0.48729,0.59046,1.1574,10.4,18.103,18.105,18.23,18.49,20.319,20.239,20.37,20.52,0.0025871,0.014795,-0.15909,-0.17785,0.11717,-0.045848,0.027136,0.009952,7.3726,6.3975,7.1277,6.9106,0.12903,1,0.83699,0.69099,0.54712,0.4043,0.20158,0.081289,0.024898,0.12289,0.21895,0.87409,0.8936,0.9767,0.97006,0.98195
31.5,16.623,14.734,5.6944,0.57761,0.57761,5.6944,14.734,16.623,112.12,7.2007,8.7623,-11.746,-12.94,-6.2819,2.2003,16.516,-8.0143,-0.64828,3.6827,-2.406,-8.8088,5.8182,-0.8455,-0.55223,-4.5979,11.313,9.375,0,0.65625,19.867,1,0.47668,0.22868,0.024275,0.096028,0.15584,0.054216,0.2416,0.43941,0.43368,0.31793,0.42234,0.26298,0.20381,0.33211,31.5,16.623,14.734,5.6944,0.57761,0.57761,5.6944,14.734,16.623,112.12,7.2007,8.7623,-11.746,-12.94,-6.2819,2.2003,16.516,-8.0143,-0.64828,3.6827,-2.406,-8.8088,5.8182,-0.8455,-0.55223,-4.5979,11.313,9.375,0,0.65625,19.867,1,0.47668,0.22868,0.024275,0.096028,0.15584,0.054216,0.2416,0.43941,0.43368,0.31793,0.42234,0.26298,0.20381,0.33211,31.5,16.623,14.734,5.6944,0.57761,0.57761,5.6944,14.734,16.623,112.12,7.2007,8.7623,-11.746,-12.94,-6.2819,2.2003,16.516,-8.0143,-0.64828,3.6827,-2.406,-8.8088,5.8182,-0.8455,-0.55223,-4.5979,11.313,9.375,0,0.65625,19.867,1,0.47668,0.22868,0.024275,0.096028,0.15584,0.054216,0.2416,0.43941,0.43368,0.31793,0.42234,0.26298,0.20381,0.33211,853.88,171.03,88.122,83.537,38.513,38.513,83.537,88.122,171.03,626.43,5.2748,-1.6888,147.99,103.02,-6.7777,-2.2774,4.3195,135.07,-2.3164,-33.654,53.851,-37.649,-0.16723,-5.7653,-39.15,56.655,80.063,10.875,4.2813,17.789,711.45,1,0.55974,0.3017,0.10568,0.10752,0.21903,0.20336,0.18632,0.1912,0.20123,0.44241,0.45459,0.034895,0.06514,0.27938,853.88,171.03,88.122,83.537,38.513,38.513,83.537,88.122,171.03,626.43,5.2748,-1.6888,147.99,103.02,-6.7777,-2.2774,4.3195,135.07,-2.3164,-33.654,53.851,-37.649,-0.16723,-5.7653,-39.15,56.655,80.063,10.875,4.2813,17.789,711.45,1,0.55974,0.3017,0.10568,0.10752,0.21903,0.20336,0.18632,0.1912,0.20123,0.44241,0.45459,0.034895,0.06514,0.27938,853.88,171.03,88.122,83.537,38.513,38.513,83.537,88.122,171.03,626.43,5.2748,-1.6888,147.99,103.02,-6.7777,-2.2774,4.3195,135.07,-2.3164,-33.654,53.851,-37.649,-0.16723,-5.7653,-39.15,56.655,80.063,10.875,4.2813,17.789,711.45,1,0.55974,0.3017,0.10568,0.10752,0.21903,0.20336,0.18632,0.1912,0.20123,0.44241,0.45459,0.034895,0.06514,0.27938,57,8.8415,7.9307,11.358,11.623,11.623,11.358,7.9307,8.8415,3.1058,-3.12,-2.9965,-3.369,-2.6651,-3.6121,-2.7436,-5.1381,-3.0774,0.31095,1.4899,0.052438,-1.1778,0.68892,1.8687,1.3907,-0.64039,2,7,1,1.1875,2.2407,1,0.11591,0.11703,0.0053042,0.074815,0.10638,0.0089763,0.010089,0.061053,0.0087537,0.18182,0.19048,0.17143,0.15873,0.30159,15,10.2,25.333,22.65,25.173,25.173,22.65,25.333,10.2,27.343,19.852,19.359,-3.6266,-7.2253,-1.1437,2.4752,-1.9863,2.3695,-1.2703,-6.0423,8.856,-0.78392,4.7982,0.23165,-0.88663,1.5685,16,8,1,0.3125,17.624,1,0.076912,0.013492,0.030856,0.010342,0.01892,0.0039897,0.02573,0.24826,0.10637,0.26136,0.20833,0.1375,0.20833,0.17361,44.962,0.1358,0.026448,0.015648,0.036047,0.036047,0.015648,0.026448,0.1358,0.07599,2.6419,2.6288,2.6436,2.6519,2.6428,2.657,2.6635,2.6551,0.012435,-0.0079645,0.030539,-0.013344,0.0068775,0.021119,0.0031868,-0.0041432,0.95508,0.89746,0.93604,0.93672,0.00014752,1,0.22344,0.030177,0.0968,0.19473,0.098092,0.096753,0.054213,0.021225,0.057905,0.97272,0.98398,0.97986,0.98637,0.98284,16.064,0.079705,0.010084,0.01375,0.080823,0.080823,0.01375,0.010084,0.079705,0.30864,-0.90918,-0.91268,-0.9768,-0.94533,-1.0028,-0.9284,-0.91009,-0.92011,-0.0013906,-0.017637,0.0036497,-0.038283,0.023307,-0.012061,0.0072346,-0.0075748,0.31201,0.37793,0.3313,0.33468,0.00023375,1,0.37857,0.15419,0.088444,0.12288,0.078457,0.20999,0.15855,0.1543,0.3549,0.89911,0.89233,0.91641,0.86563,0.84783,314.79,2.6852,1.4084,1.2961,1.0483,1.0483,1.2961,1.4084,2.6852,19.628,23.78,23.88,21.5,18.107,17.177,17.177,17.217,17.879,-0.0094026,0.34343,-0.14323,-0.27111,0.029019,-0.037119,0.07684,0.076804,8.4241,6.0557,6.1403,6.558,0.55742,1,0.75475,0.57228,0.39064,0.22447,0.028297,0.065092,0.12591,0.16118,0.18031,0.92708,0.75953,0.72103,0.72046,0.73767,313.74,0.34877,0.082276,0.021679,0.042474,0.042474,0.021679,0.082276,0.34877,2.5562,19.05,19.049,18.728,18.623,18.301,18.252,18.283,18.639,-0.0029354,-0.013974,0.065754,-0.067918,0.015637,-0.064517,-0.063551,0.12136,6.7374,6.432,6.505,6.5363,0.0073901,1,0.68757,0.52187,0.41289,0.32611,0.20183,0.059966,0.10708,0.24762,0.33191,0.98669,0.97633,0.95985,0.9571,0.9683
49.438,38.511,14.068,4.4848,4.2865,4.2865,4.4848,14.068,38.511,114.71,17.928,15.596,-10.063,22.431,-13.298,-25.559,-4.5307,16.906,1.7309,-2.9739,-2.9511,0.057242,14.287,-9.2022,1.8177,2.9984,12.688,14.625,1.375,1.0299,43.776,1,0.42371,0.040195,0.2007,0.21057,0.10603,0.10626,0.21102,0.33097,0.36523,0.23504,0.4397,0.33932,0.59592,0.25973,49.438,38.511,14.068,4.4848,4.2865,4.2865,4.4848,14.068,38.511,114.71,17.928,15.596,-10.063,22.431,-13.298,-25.559,-4.5307,16.906,1.7309,-2.9739,-2.9511,0.057242,14.287,-9.2022,1.8177,2.9984,12.688,14.625,1.375,1.0299,43.776,1,0.42371,0.040195,0.2007,0.21057,0.10603,0.10626,0.21102,0.33097,0.36523,0.23504,0.4397,0.33932,0.59592,0.25973,49.438,38.511,14.068,4.4848,4.2865,4.2865,4.4848,14.068,38.511,114.71,17.928,15.596,-10.063,22.431,-13.298,-25.559,-4.5307,16.906,1.7309,-2.9739,-2.9511,0.057242,14.287,-9.2022,1.8177,2.9984,12.688,14.625,1.375,1.0299,43.776,1,0.42371,0.040195,0.2007,0.21057,0.10603,0.10626,0.21102,0.33097,0.36523,0.23504,0.4397,0.33932,0.59592,0.25973,733.06,15.087,53.117,45.698,37.994,37.994,45.698,53.117,15.087,457.67,102.76,92.715,22.604,-35.058,116.96,122.93,-2.7105,3.0955,10.446,-2.9303,-6.2288,-15.902,72.273,-42.998,6.4067,-3.7047,87.313,21.5,6.2188,15.272,693.44,1,0.64237,0.29853,0.031793,0.3318,0.53396,0.51859,0.45417,0.30601,0.13076,0.16516,0.11008,0.57394,0.22437,0.054402,733.06,15.087,53.117,45.698,37.994,37.994,45.698,53.117,15.087,457.67,102.76,92.715,22.604,-35.058,116.96,122.93,-2.7105,3.0955,10.446,-2.9303,-6.2288,-15.902,72.273,-42.998,6.4067,-3.7047,87.313,21.5,6.2188,15.272,693.44,1,0.64237,0.29853,0.031793,0.3318,0.53396,0.51859,0.45417,0.30601,0.13076,0.16516,0.11008,0.57394,0.22437,0.054402,733.06,15.087,53.117,45.698,37.994,37.994,45.698,53.117,15.087,457.67,102.76,92.715,22.604,-35.058,116.96,122.93,-2.7105,3.0955,10.446,-2.9303,-6.2288,-15.902,72.273,-42.998,6.4067,-3.7047,87.313,21.5,6.2188,15.272,693.44,1,0.64237,0.29853,0.031793,0.3318,0.53396,0.51859,0.45417,0.30601,0.13076,0.16516,0.11008,0.57394,0.22437,0.054402,45,14.486,14.684,9.6437,7.8194,7.8194,9.6437,14.684,14.486,4.2911,-0.7679,-0.82611,-1.926,-2.6479,-3.7847,-1.2555,-4.7629,-3.8267,-0.17086,-0.78265,-0.31919,-0.66307,0.7282,0.84027,4.1972,-3.0139,2,6,1,0.9375,2.5705,1,0.042001,0.23762,0.067027,0.090759,0.1067,0.090986,0.13192,0.082708,0.14136,0.18182,0.18519,0.31667,0.14815,0.2963,43,119.75,82.212,62.073,95.513,95.513,62.073,82.212,119.75,35.499,-6.9881,-0.82165,-20.908,10.903,-4.4132,1.8199,-2.9354,-7.0419,0.40854,24.365,13.626,-0.95095,6.962,-1.6771,6.2716,-5.63,19,68,1,0.89583,131.33,1,0.41176,0.023766,0.15432,0.068971,0.035935,0.018414,0.069973,0.013246,0.063263,0.14171,0.11601,0.048529,0.02451,0.058824,44.911,0.028261,0.12021,0.013129,0.056194,0.056194,0.013129,0.12021,0.028261,0.065587,2.6377,2.6434,2.6421,2.6482,2.6498,2.6286,2.6463,2.6673,-0.0028538,0.011693,-0.02797,0.041214,-0.037056,0.016059,0.0094078,-0.0028895,0.96338,0.90674,0.93677,0.93564,0.00017209,1,0.049156,0.1189,0.44722,0.32702,0.08266,0.17466,0.13764,0.077908,0.094275,0.97208,0.97066,0.96569,0.97291,0.97511,16.429,0.033491,0.077105,0.0078127,0.045989,0.045989,0.0078127,0.077105,0.033491,0.27366,-0.94677,-0.94511,-0.9376,-0.99383,-0.91967,-1.0436,-0.98477,-0.91792,-0.00038913,0.0049188,0.0058962,-0.0073338,-0.010516,-0.010352,0.0099512,0.0060795,0.31201,0.38477,0.34009,0.34227,0.00030478,1,0.39067,0.061679,0.21784,0.41192,0.32331,0.11981,0.026298,0.13898,0.21135,0.86456,0.90299,0.87462,0.94769,0.8652,328.78,0.48642,0.44185,0.21061,0.0067649,0.0067649,0.21061,0.44185,0.48642,28.519,18.128,18.084,20.505,22.946,21.383,17.644,16.635,16.661,-0.032916,-0.27388,0.40915,0.44111,-0.18123,-0.20993,-0.043451,0.038452,8.1279,5.8576,6.7163,6.8496,0.73701,1,0.88362,0.74251,0.56628,0.36852,0.070329,0.11279,0.27037,0.3905,0.46641,0.8636,0.99023,0.88924,0.73809,0.72267,318.51,0.41166,0.28869,0.25646,0.20514,0.20514,0.25646,0.28869,0.41166,2.9966,19.27,19.204,18.775,19.216,18.896,18.686,18.396,18.38,0.030376,-0.14587,0.098516,0.021369,0.0065374,-0.027736,-0.023287,0.014436,6.8619,6.4835,6.6287,6.6356,0.011621,1,0.72411,0.52448,0.36244,0.26228,0.14381,0.063573,0.033889,0.13362,0.22633,0.97184,0.98849,0.97082,0.95614,0.94631
78.5,21.727,26.949,6.8776,4.0959,4.0959,6.8776,26.949,21.727,110.33,-6.3135,-6.2665,5.5456,-28.263,29.31,1.1163,-19.42,-17.837,-0.19477,-0.46904,-4.4153,-2.1742,4.3637,0.35407,-7.2334,5.848,18.5,15.25,2.4375,1.6354,54.704,1,0.53046,0.18954,0.18409,0.43684,0.32789,0.25545,0.18039,0.076491,0.11287,0.12101,0.42155,0.46655,0.19032,0.44032,78.5,21.727,26.949,6.8776,4.0959,4.0959,6.8776,26.949,21.727,110.33,-6.3135,-6.2665,5.5456,-28.263,29.31,1.1163,-19.42,-17.837,-0.19477,-0.46904,-4.4153,-2.1742,4.3637,0.35407,-7.2334,5.848,18.5,15.25,2.4375,1.6354,54.704,1,0.53046,0.18954,0.18409,0.43684,0.32789,0.25545,0.18039,0.076491,0.11287,0.12101,0.42155,0.46655,0.19032,0.44032,78.5,21.727,26.949,6.8776,4.0959,4.0959,6.8776,26.949,21.727,110.33,-6.3135,-6.2665,5.5456,-28.263,29.31,1.1163,-19.42,-17.837,-0.19477,-0.46904,-4.4153,-2.1742,4.3637,0.35407,-7.2334,5.848,18.5,15.25,2.4375,1.6354,54.704,1,0.53046,0.18954,0.18409,0.43684,0.32789,0.25545,0.18039,0.076491,0.11287,0.12101,0.42155,0.46655,0.19032,0.44032,892.06,43.768,33.192,29.189,18.375,18.375,29.189,33.192,43.768,485.14,2.2322,-8.0354,27.599,61.59,-43.904,137.98,143.2,-15.08,-0.78292,-40.91,16.092,-16.812,-27.592,75.817,-21.069,-16.299,91.188,23.063,15.219,18.585,856.14,1,0.62666,0.28453,0.12261,0.40291,0.52176,0.38583,0.16744,0.053251,0.20587,0.13029,0.22839,0.14277,0.72302,0.18232,892.06,43.768,33.192,29.189,18.375,18.375,29.189,33.192,43.768,485.14,2.2322,-8.0354,27.599,61.59,-43.904,137.98,143.2,-15.08,-0.78292,-40.91,16.092,-16.812,-27.592,75.817,-21.069,-16.299,91.188,23.063,15.219,18.585,856.14,1,0.62666,0.28453,0.12261,0.40291,0.52176,0.38583,0.16744,0.053251,0.20587,0.13029,0.22839,0.14277,0.72302,0.18232,892.06,43.768,33.192,29.189,18.375,18.375,29.189,33.192,43.768,485.14,2.2322,-8.0354,27.599,61.59,-43.904,137.98,143.2,-15.08,-0.78292,-40.91,16.092,-16.812,-27.592,75.817,-21.069,-16.299,91.188,23.063,15.219,18.585,856.14,1,0.62666,0.28453,0.12261,0.40291,0.52176,0.38583,0.16744,0.053251,0.20587,0.13029,0.22839,0.14277,0.72302,0.18232,21,5.2998,9.7037,2.5121e-15,8.4706,8.4706,2.5121e-15,9.7037,5.2998,11.109,1.6008,1.4668,-0.54995,-3.3521,-0.75099,-3.3841,1.2432,-1.9079,0.34922,0.65556,0.35371,-1.9308,3.1436,-2.578,0.38792,-0.94108,3,4,1,0.4375,2.5066,1,0.045192,0.021386,0.1005,0.20189,0.12401,0.24887,0.1443,0.1884,0.053448,0.31818,0.30556,0.3,0.38889,0.38889,5,45.543,26.979,50.685,21.467,21.467,50.685,26.979,45.543,29.24,-0.099069,0.31017,1.6335,0.41377,-0.073487,-3.5946,-3.3412,8.0659,-0.63489,-0.57383,21.466,-8.3536,-2.7087,-1.1177,-3.9728,5.3683,25,15,1.5,0.10417,37.585,1,0.12991,0.15517,0.0056769,0.17301,0.13433,0.0021902,0.069139,0.023465,0.03343,0.08,0.34667,0.188,0.10222,0.12889,44.969,0.11052,0.10987,0.064592,0.057277,0.057277,0.064592,0.10987,0.11052,0.14936,2.6403,2.6455,2.6552,2.6458,2.6254,2.6442,2.6711,2.6576,-0.0015694,0.01413,0.0063692,0.0038463,-0.022485,-0.042451,-0.0016915,-0.0014577,0.97217,0.8999,0.93604,0.93686,0.00020924,1,0.40409,0.12969,0.17921,0.027914,0.062594,0.093047,0.034697,0.10996,0.10004,0.96402,0.9635,0.95721,0.96038,0.97394,16.162,0.036086,0.10163,0.038821,0.047257,0.047257,0.038821,0.10163,0.036086,0.45278,-0.91891,-0.92006,-0.94126,-0.93806,-0.99992,-1.0125,-0.93596,-0.86123,0.0018239,0.0017247,0.0013608,0.011196,-0.015808,-0.0084233,0.012557,0.0057037,0.30225,0.38379,0.33545,0.3367,0.00033411,1,0.48162,0.43072,0.15758,0.028511,0.16953,0.32517,0.38619,0.38603,0.3721,0.86121,0.87249,0.92697,0.90995,0.81397,320.71,0.17725,0.092647,0.22401,0.058177,0.058177,0.22401,0.092647,0.17725,31.654,15.652,15.551,16.646,20.116,22.914,21.074,16.986,15.768,0.015492,-0.32548,-0.20664,0.41006,0.56491,-0.19652,-0.24885,-0.059127,8.1149,5.5369,6.5213,6.6814,0.90378,1,0.82953,0.63976,0.41015,0.16177,0.19681,0.39343,0.5373,0.61335,0.61927,0.71634,0.88292,0.9859,0.83806,0.69928,324.79,1.1946,0.62709,0.60334,0.43079,0.43079,0.60334,0.62709,1.1946,2.0407,20.544,20.625,19.461,18.813,19.627,19.071,18.635,18.291,-0.017004,0.24418,-0.36914,0.17955,0.10124,-0.030504,-0.028927,-0.048226,7.26,6.4556,6.7165,6.7664,0.050246,1,0.6241,0.28021,0.014991,0.20553,0.27225,0.18743,0.060312,0.051349,0.097586,0.96601,0.91852,0.95098,0.91723,0.89766
48.063,35.165,53.32,5.1284,13.33,13.33,5.1284,53.32,35.165,104.4,-2.6191,-2.7223,-0.97985,-5.3742,21.216,-5.2954,-32.199,13.041,-0.20316,-1.0577,-5.1463,-0.39554,-1.5727,-19.368,7.3517,3.643,10.875,24.625,0.0625,1.0013,55.205,1,0.25287,0.27347,0.10324,0.24582,0.35336,0.34895,0.2914,0.042053,0.043414,0.061375,0.097857,0.2769,0.45037,0.22053,48.063,35.165,53.32,5.1284,13.33,13.33,5.1284,53.32,35.165,104.4,-2.6191,-2.7223,-0.97985,-5.3742,21.216,-5.2954,-32.199,13.041,-0.20316,-1.0577,-5.1463,-0.39554,-1.5727,-19.368,7.3517,3.643,10.875,24.625,0.0625,1.0013,55.205,1,0.25287,0.27347,0.10324,0.24582,0.35336,0.34895,0.2914,0.042053,0.043414,0.061375,0.097857,0.2769,0.45037,0.22053,48.063,35.165,53.32,5.1284,13.33,13.33,5.1284,53.32,35.165,104.4,-2.6191,-2.7223,-0.97985,-5.3742,21.216,-5.2954,-32.199,13.041,-0.20316,-1.0577,-5.1463,-0.39554,-1.5727,-19.368,7.3517,3.643,10.875,24.625,0.0625,1.0013,55.205,1,0.25287,0.27347,0.10324,0.24582,0.35336,0.34895,0.2914,0.042053,0.043414,0.061375,0.097857,0.2769,0.45037,0.22053,1331.6,143.24,11.381,42.031,56.963,56.963,42.031,11.381,143.24,227.48,-0.87525,-10.504,98.666,131.35,-63.305,250.15,54.018,19.963,0.80755,-33.263,28.047,-27.001,-63.68,31.203,-16.446,5.5909,133.81,32.875,19.906,27.742,1597.7,1,0.49154,0.023014,0.43105,0.63486,0.55112,0.26868,0.066064,0.30135,0.38162,0.17702,0.32005,0.14801,0.6101,0.052468,1331.6,143.24,11.381,42.031,56.963,56.963,42.031,11.381,143.24,227.48,-0.87525,-10.504,98.666,131.35,-63.305,250.15,54.018,19.963,0.80755,-33.263,28.047,-27.001,-63.68,31.203,-16.446,5.5909,133.81,32.875,19.906,27.742,1597.7,1,0.49154,0.023014,0.43105,0.63486,0.55112,0.26868,0.066064,0.30135,0.38162,0.17702,0.32005,0.14801,0.6101,0.052468,1331.6,143.24,11.381,42.031,56.963,56.963,42.031,11.381,143.24,227.48,-0.87525,-10.504,98.666,131.35,-63.305,250.15,54.018,19.963,0.80755,-33.263,28.047,-27.001,-63.68,31.203,-16.446,5.5909,133.81,32.875,19.906,27.742,1597.7,1,0.49154,0.023014,0.43105,0.63486,0.55112,0.26868,0.066064,0.30135,0.38162,0.17702,0.32005,0.14801,0.6101,0.052468,58,12.641,19.158,18.52,17.102,17.102,18.52,19.158,12.641,2.4631,-6.3663,-5.2775,-4.3981,-3.3643,-2.4272,-3.7383,-3.7018,-1.6352,-0.41423,2.6927,-1.5673,-0.55951,1.394,-4.2109,-1.483,1.5555,2,11,1,1.2083,4.8918,1,0.024307,0.086588,0.079973,0.036132,0.063157,0.057373,0.090129,0.062749,0.1203,0.21488,0.14141,0.090909,0.17172,0.090909,74,147.75,61.525,40.037,100.44,100.44,40.037,61.525,147.75,35.677,1.411,1.6188,-6.8587,-3.4043,1.8449,-7.3692,2.7016,-23.147,-0.86105,-2.0741,-22.523,-6.456,1.1776,11.327,1.3105,-6.2904,50,47,1,1.5417,154.55,1,0.35586,0.12535,0.15691,0.13134,0.069444,0.10289,0.009738,0.11341,0.07437,0.043636,0.35111,0.074,0.097778,0.11333,44.943,0.10923,0.016376,0.047961,0.022605,0.022605,0.047961,0.016376,0.10923,0.022304,2.6638,2.6523,2.6362,2.6515,2.6483,2.6403,2.6524,2.6698,-0.00019548,-0.0435,0.023888,0.021512,-0.0092462,-0.010328,0.022994,-0.013998,0.96777,0.9043,0.93457,0.93631,0.00013696,1,0.087312,0.22395,0.078756,0.086367,0.14227,0.19395,0.24234,0.039329,0.0267,0.96161,0.97023,0.9662,0.96474,0.97612,16.197,0.11598,0.044129,0.090205,0.013631,0.013631,0.090205,0.044129,0.11598,0.16971,-1.0406,-1.0432,-0.98605,-0.93349,-0.93245,-0.95463,-0.95923,-0.9027,0.00087796,-0.0066161,0.023978,0.0014946,-0.022951,0.02983,-0.00022564,0.01174,0.30957,0.37061,0.33301,0.33744,0.00020792,1,0.36603,0.053521,0.10705,0.042193,0.0038874,0.1788,0.24701,0.23055,0.13657,0.95664,0.89094,0.89881,0.89899,0.89826,306.57,0.05506,0.29392,0.25119,0.27767,0.27767,0.25119,0.29392,0.05506,30.434,15.166,15.051,16.332,19.762,22.334,19.158,15.565,15.494,0.0021098,-0.42053,-0.012509,0.32359,0.68648,-0.59677,-0.073683,0.041721,7.9027,5.3563,6.1775,6.3869,0.86841,1,0.84055,0.64655,0.40551,0.14828,0.21787,0.41543,0.55869,0.62654,0.62758,0.71794,0.88953,0.97568,0.77026,0.68903,323.1,0.98125,0.57578,0.34542,0.32478,0.32478,0.34542,0.57578,0.98125,3.1512,20.372,20.44,19.421,18.873,19.549,18.81,18.4,18.398,-0.002163,0.24826,-0.37957,0.18379,-0.038424,0.04832,-0.03928,0.029535,7.2071,6.4599,6.6493,6.7312,0.048528,1,0.66988,0.34984,0.050292,0.13349,0.1556,0.054706,0.048222,0.099818,0.099502,0.96913,0.92692,0.95071,0.91381,0.8996
119.81,27.534,14.707,7.3612,8.9908,8.9908,7.3612,14.707,27.534,174.27,-2.1492,-3.6485,-27.932,-28.548,2.8351,12.303,2.5599,0.14001,-0.56465,-7.4639,14.892,-1.4214,-3.6638,2.607,-5.9394,4.0407,8.8125,17.625,0.6875,2.4961,43.584,1,0.50472,0.30486,0.22877,0.28957,0.21655,0.04885,0.29264,0.3799,0.29467,0.48034,0.47557,0.14539,0.22419,0.099685,119.81,27.534,14.707,7.3612,8.9908,8.9908,7.3612,14.707,27.534,174.27,-2.1492,-3.6485,-27.932,-28.548,2.8351,12.303,2.5599,0.14001,-0.56465,-7.4639,14.892,-1.4214,-3.6638,2.607,-5.9394,4.0407,8.8125,17.625,0.6875,2.4961,43.584,1,0.50472,0.30486,0.22877,0.28957,0.21655,0.04885,0.29264,0.3799,0.29467,0.48034,0.47557,0.14539,0.22419,0.099685,119.81,27.534,14.707,7.3612,8.9908,8.9908,7.3612,14.707,27.534,174.27,-2.1492,-3.6485,-27.932,-28.548,2.8351,12.303,2.5599,0.14001,-0.56465,-7.4639,14.892,-1.4214,-3.6638,2.607,-5.9394,4.0407,8.8125,17.625,0.6875,2.4961,43.584,1,0.50472,0.30486,0.22877,0.28957,0.21655,0.04885,0.29264,0.3799,0.29467,0.48034,0.47557,0.14539,0.22419,0.099685,1187.6,73.507,15.983,120.25,69.342,69.342,120.25,15.983,73.507,707.92,18.554,18.538,225.94,77.374,-7.6098,-0.25161,88.657,37.416,-0.12733,-0.48203,56.839,-39.742,12.891,-26.826,-6.6615,-5.3985,96.5,12.063,10.688,24.741,1059.1,1,0.64503,0.32291,0.040561,0.14001,0.23805,0.21153,0.19747,0.2041,0.21858,0.58096,0.33923,0.056023,0.10427,0.30973,1187.6,73.507,15.983,120.25,69.342,69.342,120.25,15.983,73.507,707.92,18.554,18.538,225.94,77.374,-7.6098,-0.25161,88.657,37.416,-0.12733,-0.48203,56.839,-39.742,12.891,-26.826,-6.6615,-5.3985,96.5,12.063,10.688,24.741,1059.1,1,0.64503,0.32291,0.040561,0.14001,0.23805,0.21153,0.19747,0.2041,0.21858,0.58096,0.33923,0.056023,0.10427,0.30973,1187.6,73.507,15.983,120.25,69.342,69.342,120.25,15.983,73.507,707.92,18.554,18.538,225.94,77.374,-7.6098,-0.25161,88.657,37.416,-0.12733,-0.48203,56.839,-39.742,12.891,-26.826,-6.6615,-5.3985,96.5,12.063,10.688,24.741,1059.1,1,0.64503,0.32291,0.040561,0.14001,0.23805,0.21153,0.19747,0.2041,0.21858,0.58096,0.33923,0.056023,0.10427,0.30973,58,12.146,9.5731,4,13.75,13.75,4,9.5731,12.146,11.64,-3.079,-3.2659,-4.3612,-5.1602,-3.1626,-2.7142,-2.7445,-0.78683,0.015751,-0.64531,-1.7666,-1.4064,-0.73427,-0.23339,-0.64414,0.89255,1,8,1,1.2083,2.3387,1,0.13073,0.20121,0.030974,0.12789,0.078279,0.083997,0.18815,0.12197,0.0084028,0.20455,0.23611,0.175,0.11111,0.125,6,40.968,50.581,36.29,35.772,35.772,36.29,50.581,40.968,10.645,5.3257,5.9517,-0.34694,2.1117,0.17805,-0.25243,-0.1938,-3.2834,-1.7639,-3.5012,2.4742,7.6291,-8.0248,7.2232,-0.4171,-0.31369,17,6,1,0.125,19.516,1,0.14709,0.14341,0.15084,0.024649,0.20639,0.040031,0.05928,0.069467,0.090011,0.16578,0.2549,0.18824,0.26144,0.11765,45.067,0.12636,0.024795,0.025377,0.030637,0.030637,0.025377,0.024795,0.12636,0.076417,2.6327,2.6407,2.6712,2.6497,2.6403,2.6625,2.6481,2.6598,-0.0032449,0.019011,0.0034514,-0.0033889,0.017325,0.014966,0.013695,-0.0080592,0.9668,0.92285,0.93701,0.93889,9.832e-05,1,0.28669,0.060101,0.24015,0.079117,0.11359,0.091415,0.063853,0.09149,0.18859,0.97516,0.96914,0.96682,0.97396,0.9702,15.692,0.10396,0.08253,0.034399,0.059087,0.059087,0.034399,0.08253,0.10396,0.2453,-0.91161,-0.91039,-0.89116,-0.92437,-0.94496,-0.93992,-0.95024,-0.8778,0.0077284,0.030125,-0.014841,0.010138,-0.05442,0.03888,-0.0062071,0.019563,0.29199,0.36865,0.32544,0.32691,0.00022637,1,0.15161,0.20595,0.25708,0.090186,0.24783,0.22347,0.041064,0.18996,0.24634,0.85744,0.88977,0.92185,0.8755,0.89198,275.54,3.9899,2.1311,1.6776,1.493,1.493,1.6776,2.1311,3.9899,15.174,21.563,21.622,18.746,15.646,15.188,15.202,15.528,14.158,0.0035762,0.23445,-0.28699,-0.13674,0.0011601,0.017416,0.10741,-0.36232,7.6634,4.9095,5.4186,5.7404,0.48393,1,0.67774,0.47776,0.30667,0.15355,0.0015802,0.06398,0.093214,0.11008,0.12046,0.899,0.7218,0.70092,0.70664,0.689,317.43,0.69081,0.40927,0.35732,0.22283,0.22283,0.35732,0.40927,0.69081,5.3132,19.263,19.238,18.855,18.563,18.236,18.219,18.584,20.38,0.0084218,-0.062535,0.090216,-0.066516,0.0011959,-0.15168,-0.042121,0.39972,7.3145,6.4402,6.5589,6.613,0.039547,1,0.5261,0.30076,0.12809,0.0032465,0.10112,0.15552,0.2035,0.24855,0.28358,0.91483,0.8968,0.88148,0.8849,0.9426
30.375,71.386,34.998,11.093,3.237,3.237,11.093,34.998,71.386,146.83,-56.379,-51.812,-10.083,12.518,12.701,5.8287,-12.613,-1.4993,0.42847,18.461,0.28798,6.3749,-6.4439,-0.96552,-3.5284,4.9689,8.0625,22.313,0.1875,0.63281,40.578,1,0.20186,0.17104,0.1724,0.15805,0.14709,0.19949,0.1756,0.23619,0.35022,0.34836,0.20791,0.18347,0.15251,0.15531,30.375,71.386,34.998,11.093,3.237,3.237,11.093,34.998,71.386,146.83,-56.379,-51.812,-10.083,12.518,12.701,5.8287,-12.613,-1.4993,0.42847,18.461,0.28798,6.3749,-6.4439,-0.96552,-3.5284,4.9689,8.0625,22.313,0.1875,0.63281,40.578,1,0.20186,0.17104,0.1724,0.15805,0.14709,0.19949,0.1756,0.23619,0.35022,0.34836,0.20791,0.18347,0.15251,0.15531,30.375,71.386,34.998,11.093,3.237,3.237,11.093,34.998,71.386,146.83,-56.379,-51.812,-10.083,12.518,12.701,5.8287,-12.613,-1.4993,0.42847,18.461,0.28798,6.3749,-6.4439,-0.96552,-3.5284,4.9689,8.0625,22.313,0.1875,0.63281,40.578,1,0.20186,0.17104,0.1724,0.15805,0.14709,0.19949,0.1756,0.23619,0.35022,0.34836,0.20791,0.18347,0.15251,0.15531,745.19,253.26,94.338,41.281,65.155,65.155,41.281,94.338,253.26,87.537,197.08,201.41,35.828,-8.2264,72.739,84.118,-2.5999,4.7398,-0.27493,15.248,-16.094,-27.698,14.657,-24.566,5.8245,-2.9463,71.813,19.313,6.9688,15.525,512.72,1,0.39717,0.087085,0.055345,0.23846,0.45499,0.41839,0.32236,0.2386,0.102,0.44735,0.066048,0.40853,0.26932,0.078426,745.19,253.26,94.338,41.281,65.155,65.155,41.281,94.338,253.26,87.537,197.08,201.41,35.828,-8.2264,72.739,84.118,-2.5999,4.7398,-0.27493,15.248,-16.094,-27.698,14.657,-24.566,5.8245,-2.9463,71.813,19.313,6.9688,15.525,512.72,1,0.39717,0.087085,0.055345,0.23846,0.45499,0.41839,0.32236,0.2386,0.102,0.44735,0.066048,0.40853,0.26932,0.078426,745.19,253.26,94.338,41.281,65.155,65.155,41.281,94.338,253.26,87.537,197.08,201.41,35.828,-8.2264,72.739,84.118,-2.5999,4.7398,-0.27493,15.248,-16.094,-27.698,14.657,-24.566,5.8245,-2.9463,71.813,19.313,6.9688,15.525,512.72,1,0.39717,0.087085,0.055345,0.23846,0.45499,0.41839,0.32236,0.2386,0.102,0.44735,0.066048,0.40853,0.26932,0.078426,51,4.3981,8.1198,3.4641,1.1745,1.1745,3.4641,8.1198,4.3981,1.5221,-1.1021,-1.2868,-3.0898,-3.0176,-2.6607,-3.2569,-2.2708,-5.5361,0.18386,-0.080881,0.59403,-0.31153,-0.52557,-1.5842,-0.053444,-0.62739,1,3,1,1.0625,0.9109,1,0.093704,0.14206,0.086953,0.13641,0.025912,0.023175,0.051095,0.020255,0.11642,0.30303,0.37037,0.4,0.40741,0.44444,16,20.678,10.369,13.454,21.7,21.7,13.454,10.369,20.678,7.3287,-17.544,-15.146,3.1157,-1.2461,-0.75505,-1.935,0.16509,-2.1031,-0.48622,7.3375,1.2513,-1.7117,-1.8803,0.1089,0.60746,-0.92808,7,8,0,0.33333,7.078,1,0.011022,0.23313,0.049432,0.014028,0.058116,0.14796,0.13494,0.1503,0.015364,0.47727,0.23611,0.125,0.18056,0.11111,44.744,0.075033,0.056143,0.025292,0.020496,0.020496,0.025292,0.056143,0.075033,0.030085,2.6174,2.6156,2.6584,2.6346,2.6156,2.6491,2.645,2.6127,-0.0012516,-0.011079,-0.02338,-0.0045684,0.013766,0.0037458,0.0058414,-0.011075,0.95459,0.91504,0.93408,0.93217,7.6313e-05,1,0.0039398,0.2137,0.069246,0.04887,0.13665,0.32224,0.19389,0.13798,0.13567,0.98135,0.97516,0.97176,0.97994,0.9738,16.716,0.038162,0.072529,0.028634,0.018857,0.018857,0.028634,0.072529,0.038162,0.37919,-0.92706,-0.93113,-0.9848,-0.99839,-1.0486,-0.98643,-0.93507,-0.98252,0.0012655,-0.011,0.023736,-0.026093,0.010475,-0.012844,0.015339,-0.021424,0.32275,0.38965,0.34644,0.34826,0.00023242,1,0.54065,0.33443,0.039567,0.00093551,0.082844,0.13695,0.31876,0.39114,0.45391,0.88471,0.90546,0.93935,0.87914,0.85714,253.08,1.8861,0.83859,0.64622,0.66256,0.66256,0.64622,0.83859,1.8861,6.596,17.086,17.048,15.454,15.274,15.204,14.546,13.804,14.138,0.020732,-0.070483,-0.077901,0.0065276,0.15009,-0.40805,0.099039,-0.0072802,6.0989,4.7361,5.3494,5.2724,0.087251,1,0.67337,0.49073,0.36951,0.2757,0.14659,0.073656,0.012334,0.035337,0.070644,0.91999,0.88475,0.8752,0.81359,0.81541,325.9,0.92294,0.33963,0.2892,0.25092,0.25092,0.2892,0.33963,0.92294,9.842,18.905,18.915,18.528,18.365,18.434,19.628,20.518,20.233,-0.00066212,0.036129,-0.054413,-0.055024,-0.10323,0.47463,-0.094422,0.013769,7.3998,6.4879,6.6523,6.7897,0.098209,1,0.87449,0.74055,0.59445,0.42852,0.13949,0.028271,0.15411,0.24636,0.32039,0.89053,0.87806,0.89218,0.96713,0.96865
85.125,26.487,10.655,4.9714,6.8818,6.8818,4.9714,10.655,26.487,163.19,-2.7319,-6.8162,-2.7636,23.193,-1.5915,-32.631,-13.134,-0.73208,2.0135,-8.5795,10.797,1.9317,8.6159,-9.6902,10.616,-5.5697,12.688,15.75,2.0938,1.7734,49.942,1,0.65474,0.39575,0.086287,0.10831,0.31663,0.33428,0.39264,0.41908,0.39641,0.26407,0.49074,0.21349,0.76764,0.1746,85.125,26.487,10.655,4.9714,6.8818,6.8818,4.9714,10.655,26.487,163.19,-2.7319,-6.8162,-2.7636,23.193,-1.5915,-32.631,-13.134,-0.73208,2.0135,-8.5795,10.797,1.9317,8.6159,-9.6902,10.616,-5.5697,12.688,15.75,2.0938,1.7734,49.942,1,0.65474,0.39575,0.086287,0.10831,0.31663,0.33428,0.39264,0.41908,0.39641,0.26407,0.49074,0.21349,0.76764,0.1746,85.125,26.487,10.655,4.9714,6.8818,6.8818,4.9714,10.655,26.487,163.19,-2.7319,-6.8162,-2.7636,23.193,-1.5915,-32.631,-13.134,-0.73208,2.0135,-8.5795,10.797,1.9317,8.6159,-9.6902,10.616,-5.5697,12.688,15.75,2.0938,1.7734,49.942,1,0.65474,0.39575,0.086287,0.10831,0.31663,0.33428,0.39264,0.41908,0.39641,0.26407,0.49074,0.21349,0.76764,0.1746,1145.3,61.059,56.531,48.255,52.18,52.18,48.255,56.531,61.059,453.89,94.078,103.95,72.697,-47.673,176.59,141.35,0.39055,34.351,-3.7933,24.293,-41.045,-20.37,79.758,-43.481,-2.2188,8.6441,98.875,30.938,14.188,23.859,1085.8,1,0.67216,0.30972,0.097597,0.43583,0.65402,0.61,0.45597,0.23031,0.010796,0.31663,0.17179,0.69798,0.21457,0.073255,1145.3,61.059,56.531,48.255,52.18,52.18,48.255,56.531,61.059,453.89,94.078,103.95,72.697,-47.673,176.59,141.35,0.39055,34.351,-3.7933,24.293,-41.045,-20.37,79.758,-43.481,-2.2188,8.6441,98.875,30.938,14.188,23.859,1085.8,1,0.67216,0.30972,0.097597,0.43583,0.65402,0.61,0.45597,0.23031,0.010796,0.31663,0.17179,0.69798,0.21457,0.073255,1145.3,61.059,56.531,48.255,52.18,52.18,48.255,56.531,61.059,453.89,94.078,103.95,72.697,-47.673,176.59,141.35,0.39055,34.351,-3.7933,24.293,-41.045,-20.37,79.758,-43.481,-2.2188,8.6441,98.875,30.938,14.188,23.859,1085.8,1,0.67216,0.30972,0.097597,0.43583,0.65402,0.61,0.45597,0.23031,0.010796,0.31663,0.17179,0.69798,0.21457,0.073255,58,8.0313,4.6674,15.716,11.003,11.003,15.716,4.6674,8.0313,1.098,-3.7561,-3.2704,-3.2002,-3.1794,-4.1349,-2.6758,-3.5904,-3.9084,-0.066291,1.5933,0.0054958,-2.2717,3.8412,0.7402,-0.62305,0.41075,2,7,1,1.2083,2.594,1,0.080357,0.025561,0.0062514,0.11838,0.19395,0.0053258,0.076441,0.035971,0.023866,0.18182,0.15873,0.28571,0.20635,0.2381,20,108.91,33.269,25.239,93.176,93.176,25.239,33.269,108.91,88.157,-0.45781,-10.314,32.646,-2.922,-2.6892,-5.2821,-3.5299,-4.799,0.40472,-35.445,-12.438,0.39256,-7.083,-2.8533,6.0368,-4.87,38,23,1,0.41667,105.27,1,0.30255,0.08786,0.091953,0.014733,0.020532,0.057117,0.023996,0.0044381,0.066036,0.37081,0.15205,0.068421,0.046784,0.078947,44.882,0.023013,0.088641,0.082137,0.037897,0.037897,0.082137,0.088641,0.023013,0.11913,2.6786,2.6772,2.652,2.632,2.6369,2.634,2.6688,2.6139,0.0065837,0.01657,0.00059837,-0.023336,0.0039527,0.0029407,0.010425,-0.019201,0.95605,0.91455,0.93433,0.93505,9.5058e-05,1,0.029367,0.10003,0.085608,0.20507,0.17112,0.079975,0.31811,0.091071,0.11909,0.98259,0.97452,0.9736,0.97963,0.97929,16.49,0.046072,0.044905,0.02796,0.034104,0.034104,0.02796,0.044905,0.046072,0.25376,-0.96126,-0.96785,-0.94078,-1.0223,-0.96024,-1.0161,-0.93606,-0.96228,0.0026627,-0.015771,0.0016111,-0.0088374,-0.0089956,-0.01918,0.034721,-0.031882,0.31543,0.37305,0.34277,0.34354,0.0002227,1,0.40357,0.031334,0.34271,0.41822,0.18462,0.078543,0.20041,0.21788,0.10214,0.90219,0.96248,0.92264,0.94619,0.87493,293.75,1.2266,0.7588,0.42545,0.38824,0.38824,0.42545,0.7588,1.2266,35.352,16.551,16.475,19.305,21.685,19.316,14.768,13.869,14.136,-0.011389,-0.31916,0.48415,0.49469,-0.37135,-0.23888,-0.0072123,0.060064,7.6669,4.9016,6.1237,6.1197,1.1324,1,0.89857,0.76821,0.60246,0.41419,0.12271,0.060508,0.22079,0.35168,0.44176,0.85411,0.98924,0.83572,0.65006,0.64531,320.45,0.15331,0.15494,0.12069,0.052575,0.052575,0.12069,0.15494,0.15331,4.8183,18.716,18.636,19.022,19.614,19.066,18.707,18.389,18.52,0.018744,-0.23421,0.1886,0.029485,0.026158,-0.04393,-0.0037256,0.029703,6.9482,6.4911,6.6497,6.6761,0.023586,1,0.83557,0.62301,0.39151,0.18548,0.05139,0.1652,0.24257,0.30038,0.35308,0.96068,0.99581,0.96546,0.94355,0.93821
62.125,43.308,17.375,4.5316,9.235,9.235,4.5316,17.375,43.308,64.239,-18.832,-23.528,5.5733,-12.345,-0.57585,-17.264,-1.6296,21.624,1.9883,-10.948,2.2729,-8.1453,-1.8085,-12.902,13.578,-5.611,13.5,10.625,2.875,1.2943,38.942,1,0.35219,0.09912,0.34054,0.3518,0.19287,0.024898,0.15283,0.12276,0.05737,0.45707,0.2716,0.32176,0.46451,0.51852,62.125,43.308,17.375,4.5316,9.235,9.235,4.5316,17.375,43.308,64.239,-18.832,-23.528,5.5733,-12.345,-0.57585,-17.264,-1.6296,21.624,1.9883,-10.948,2.2729,-8.1453,-1.8085,-12.902,13.578,-5.611,13.5,10.625,2.875,1.2943,38.942,1,0.35219,0.09912,0.34054,0.3518,0.19287,0.024898,0.15283,0.12276,0.05737,0.45707,0.2716,0.32176,0.46451,0.51852,62.125,43.308,17.375,4.5316,9.235,9.235,4.5316,17.375,43.308,64.239,-18.832,-23.528,5.5733,-12.345,-0.57585,-17.264,-1.6296,21.624,1.9883,-10.948,2.2729,-8.1453,-1.8085,-12.902,13.578,-5.611,13.5,10.625,2.875,1.2943,38.942,1,0.35219,0.09912,0.34054,0.3518,0.19287,0.024898,0.15283,0.12276,0.05737,0.45707,0.2716,0.32176,0.46451,0.51852,1410.6,169.69,51.882,27.853,20.585,20.585,27.853,51.882,169.69,728.91,135.17,143.17,27.404,0.96766,147.89,232.12,30.746,-0.2564,-3.0515,19.771,-18.534,-32.145,80.299,-59.07,-4.2792,-3.0761,121.81,15.875,18.281,29.387,1313,1,0.6311,0.31843,0.023815,0.21014,0.4078,0.50151,0.51072,0.45651,0.34053,0.19768,0.058092,0.54572,0.36748,0.11892,1410.6,169.69,51.882,27.853,20.585,20.585,27.853,51.882,169.69,728.91,135.17,143.17,27.404,0.96766,147.89,232.12,30.746,-0.2564,-3.0515,19.771,-18.534,-32.145,80.299,-59.07,-4.2792,-3.0761,121.81,15.875,18.281,29.387,1313,1,0.6311,0.31843,0.023815,0.21014,0.4078,0.50151,0.51072,0.45651,0.34053,0.19768,0.058092,0.54572,0.36748,0.11892,1410.6,169.69,51.882,27.853,20.585,20.585,27.853,51.882,169.69,728.91,135.17,143.17,27.404,0.96766,147.89,232.12,30.746,-0.2564,-3.0515,19.771,-18.534,-32.145,80.299,-59.07,-4.2792,-3.0761,121.81,15.875,18.281,29.387,1313,1,0.6311,0.31843,0.023815,0.21014,0.4078,0.50151,0.51072,0.45651,0.34053,0.19768,0.058092,0.54572,0.36748,0.11892,47,16.18,9.2455,3.6056,9.1687,9.1687,3.6056,9.2455,16.18,11.76,-1.9687,-2.1928,-5.0071,-2.8284,-2.9407,-2.8189,0.10313,-1.6017,0.071787,-0.59894,-0.27643,-0.50665,-1.1843,-2.0881,-3.6452,2.435,2,5,1,0.97917,1.9357,1,0.32976,0.19879,0.021034,0.021482,0.010705,0.044491,0.021907,0.08756,0.25336,0.30909,0.24444,0.26,0.13333,0.35556,54,18.607,31.717,57.42,6.4884,6.4884,57.42,31.717,18.607,18.465,-2.0574,-2.2512,3.386,-9.6581,1.5695,-10.053,0.083671,-4.5572,-0.41698,-2.1032,-3.0557,1.9947,-6.7995,6.7741,-0.9258,-0.24264,11,15,1.5,1.125,29.899,1,0.014021,0.12806,0.30634,0.23084,0.13801,0.050102,0.14597,0.094445,0.045499,0.37576,0.26667,0.26,0.3037,0.25185,44.779,0.066969,0.075167,0.034633,0.053595,0.053595,0.034633,0.075167,0.066969,0.10873,2.6598,2.6585,2.6284,2.636,2.6205,2.6487,2.6491,2.6422,0.0031684,0.0054399,-0.0045754,-0.006857,0.023493,-0.0068198,0.0016937,-0.0027067,0.96191,0.90967,0.93335,0.93289,9.3652e-05,1,0.1703,0.16483,0.1141,0.14396,0.1246,0.093481,0.062288,0.012035,0.18929,0.96913,0.96892,0.96538,0.97259,0.97377,16.489,0.039375,0.0070367,0.010574,0.043866,0.043866,0.010574,0.0070367,0.039375,0.25246,-0.96335,-0.95625,-0.97728,-1.0333,-0.95072,-0.9777,-0.94949,-0.95243,-0.0020795,0.019642,-0.028257,0.024296,-0.024372,-0.013275,0.02351,-0.018557,0.31836,0.37988,0.34082,0.34353,0.00021291,1,0.46092,0.034978,0.24007,0.29338,0.17174,0.070059,0.032227,0.10631,0.16454,0.90068,0.95573,0.89563,0.90174,0.86947,289.34,0.98215,0.8241,0.70211,0.62021,0.62021,0.70211,0.8241,0.98215,41.38,17.643,17.656,20.601,21.274,18.922,14.244,12.31,13.548,-0.035474,-0.068204,0.36684,0.3793,0.1182,-0.58159,0.035125,0.22662,7.579,4.2972,6.3137,6.0279,1.5679,1,0.91863,0.80981,0.66615,0.49904,0.22672,0.047643,0.11552,0.25346,0.35927,0.92298,0.98205,0.83155,0.60429,0.60345,319.82,0.34322,0.054199,0.076287,0.036998,0.036998,0.076287,0.054199,0.34322,8.4841,18.427,18.394,19.546,19.84,19.112,18.325,17.843,18.502,0.0089343,-0.092648,0.16113,0.083182,-0.015728,-0.16774,0.096439,0.061246,7.0466,6.2703,6.5902,6.6629,0.06633,1,0.88096,0.72522,0.54244,0.35406,0.081338,0.084187,0.22741,0.34055,0.41865,0.9639,0.99231,0.949,0.90458,0.9135
29,35.153,18.842,6.2209,6.2817,6.2817,6.2209,18.842,35.153,144.72,-0.23157,3.4782,10.817,-12.473,-14.691,-10.535,-2.8195,24.058,-0.74426,11.382,-8.2606,10.75,-4.6758,-13.348,9.4036,-1.6815,10.25,12.313,1.875,0.60417,40.207,1,0.41381,0.011742,0.21515,0.10198,0.11211,0.045174,0.12152,0.31084,0.33066,0.41901,0.38297,0.4467,0.40666,0.56289,29,35.153,18.842,6.2209,6.2817,6.2817,6.2209,18.842,35.153,144.72,-0.23157,3.4782,10.817,-12.473,-14.691,-10.535,-2.8195,24.058,-0.74426,11.382,-8.2606,10.75,-4.6758,-13.348,9.4036,-1.6815,10.25,12.313,1.875,0.60417,40.207,1,0.41381,0.011742,0.21515,0.10198,0.11211,0.045174,0.12152,0.31084,0.33066,0.41901,0.38297,0.4467,0.40666,0.56289,29,35.153,18.842,6.2209,6.2817,6.2817,6.2209,18.842,35.153,144.72,-0.23157,3.4782,10.817,-12.473,-14.691,-10.535,-2.8195,24.058,-0.74426,11.382,-8.2606,10.75,-4.6758,-13.348,9.4036,-1.6815,10.25,12.313,1.875,0.60417,40.207,1,0.41381,0.011742,0.21515,0.10198,0.11211,0.045174,0.12152,0.31084,0.33066,0.41901,0.38297,0.4467,0.40666,0.56289,1190.1,94.131,4.574,26.322,9.6202,9.6202,26.322,4.574,94.131,886.21,90.619,80.993,-2.2043,1.2011,121.17,265.49,-11.66,56.554,5.7082,-17.036,-9.3866,-12.677,68.416,-32.004,-25.028,33.073,122.81,14,7.375,24.794,1417.2,1,0.7398,0.40794,0.068419,0.20314,0.42128,0.44512,0.40223,0.33708,0.27252,0.070183,0.043144,0.50346,0.44083,0.10421,1190.1,94.131,4.574,26.322,9.6202,9.6202,26.322,4.574,94.131,886.21,90.619,80.993,-2.2043,1.2011,121.17,265.49,-11.66,56.554,5.7082,-17.036,-9.3866,-12.677,68.416,-32.004,-25.028,33.073,122.81,14,7.375,24.794,1417.2,1,0.7398,0.40794,0.068419,0.20314,0.42128,0.44512,0.40223,0.33708,0.27252,0.070183,0.043144,0.50346,0.44083,0.10421,1190.1,94.131,4.574,26.322,9.6202,9.6202,26.322,4.574,94.131,886.21,90.619,80.993,-2.2043,1.2011,121.17,265.49,-11.66,56.554,5.7082,-17.036,-9.3866,-12.677,68.416,-32.004,-25.028,33.073,122.81,14,7.375,24.794,1417.2,1,0.7398,0.40794,0.068419,0.20314,0.42128,0.44512,0.40223,0.33708,0.27252,0.070183,0.043144,0.50346,0.44083,0.10421,59,14.973,5.5364,4.3589,1.5876,1.5876,4.3589,5.5364,14.973,6.4758,-3.8757,-3.9701,-2.2256,-3.7198,-5.0734,-3.5097,-2.5858,-3.6918,0.28293,0.58377,2.2435,0.18978,2.6715,1.6361,0.0043344,-0.22964,1,6,1,1.2292,1.4996,1,0.14501,0.10068,0.1751,0.14623,0.15171,0.078247,0.076756,0.20644,0.064908,0.18182,0.24074,0.26667,0.24074,0.2037,46,54.341,22.282,24.759,16.889,16.889,24.759,22.282,54.341,26.878,11.229,7.4672,-13.517,-0.77742,0.046942,-1.8218,-2.0246,0.32004,-0.1895,-14.666,-0.8335,2.7347,-8.8226,-1.6725,1.7799,-0.87955,9,19,0,0.95833,22.679,1,0.067787,0.062787,0.093414,0.14766,0.010613,0.0057234,0.14583,0.018871,0.014431,0.33493,0.10526,0.14211,0.15205,0.064327,44.802,0.06587,0.059921,0.0085135,0.048787,0.048787,0.0085135,0.059921,0.06587,0.02749,2.6435,2.6437,2.6201,2.6443,2.6478,2.638,2.6326,2.658,-0.00071978,-0.0018966,-0.0019425,-0.0054699,0.012711,-0.0044223,0.019391,-0.0096078,0.95459,0.91016,0.93311,0.93337,8.3142e-05,1,0.18923,0.016308,0.12373,0.16989,0.094971,0.1156,0.069685,0.085918,0.013182,0.97396,0.97812,0.98118,0.97306,0.98301,16.553,0.067069,0.0088711,0.02813,0.1528,0.1528,0.02813,0.0088711,0.067069,0.23188,-1.0256,-1.0293,-0.98487,-0.99216,-0.95508,-0.92731,-1.0117,-0.92334,0.0027804,-0.0045101,-0.0075248,-0.023131,0.0189,-0.0055091,-0.019876,0.033264,0.31201,0.36865,0.34644,0.34486,0.00020373,1,0.35731,0.17336,0.048371,0.13981,0.23454,0.13958,0.033523,0.054259,0.10225,0.95545,0.94893,0.90675,0.92156,0.94334,287.4,2.9063,1.7449,1.1603,1.0581,1.0581,1.1603,1.7449,2.9063,41.905,19.215,19.329,20.845,20.825,18.792,14.13,12.051,12.397,-0.062662,0.21557,0.1082,0.37313,0.14273,-0.52054,-0.0085554,0.077417,7.406,4.236,6.4761,5.9875,1.7428,1,0.90404,0.79913,0.6697,0.52218,0.28045,0.1165,0.03769,0.17367,0.2859,0.97711,0.98476,0.84516,0.61114,0.58263,323.03,0.23257,0.1212,0.045958,0.0303,0.0303,0.045958,0.1212,0.23257,7.2479,19.079,19.131,19.829,19.798,19.098,18.622,18.233,18.346,-0.028266,0.099749,0.047122,0.10307,-0.084906,-0.013767,-0.075775,0.081031,7.0278,6.4213,6.694,6.7297,0.051907,1,0.89791,0.77515,0.63469,0.48578,0.25843,0.11051,0.029077,0.1617,0.2791,0.98882,0.99297,0.95334,0.92916,0.91716
41.375,29.114,27.285,1.6642,14.346,14.346,1.6642,27.285,29.114,118.32,-23.835,-23.523,-7.2296,-11.991,-13.494,16.155,8.0806,3.4213,1.2247,5.2176,-0.76156,-13.742,6.2854,2.6861,-0.46731,-0.59656,6.5625,13.438,0.375,0.86198,28.327,1,0.45825,0.36088,0.1123,0.14315,0.085395,0.1071,0.12804,0.0044054,0.028244,0.34503,0.34935,0.41349,0.38553,0.12765,41.375,29.114,27.285,1.6642,14.346,14.346,1.6642,27.285,29.114,118.32,-23.835,-23.523,-7.2296,-11.991,-13.494,16.155,8.0806,3.4213,1.2247,5.2176,-0.76156,-13.742,6.2854,2.6861,-0.46731,-0.59656,6.5625,13.438,0.375,0.86198,28.327,1,0.45825,0.36088,0.1123,0.14315,0.085395,0.1071,0.12804,0.0044054,0.028244,0.34503,0.34935,0.41349,0.38553,0.12765,41.375,29.114,27.285,1.6642,14.346,14.346,1.6642,27.285,29.114,118.32,-23.835,-23.523,-7.2296,-11.991,-13.494,16.155,8.0806,3.4213,1.2247,5.2176,-0.76156,-13.742,6.2854,2.6861,-0.46731,-0.59656,6.5625,13.438,0.375,0.86198,28.327,1,0.45825,0.36088,0.1123,0.14315,0.085395,0.1071,0.12804,0.0044054,0.028244,0.34503,0.34935,0.41349,0.38553,0.12765,1560.4,91.591,39.135,106.78,99.531,99.531,106.78,39.135,91.591,779.09,16.749,11.351,85.398,298.62,35.533,-24.613,83.489,103.2,1.5946,-14.871,15.224,-1.4494,-14.29,-20.401,38.437,-25.321,125.88,9.125,16.406,32.509,1580.5,1,0.6478,0.32529,0.045007,0.21224,0.43893,0.47939,0.43956,0.35956,0.24354,0.19211,0.76509,0.089672,0.072768,0.33543,1560.4,91.591,39.135,106.78,99.531,99.531,106.78,39.135,91.591,779.09,16.749,11.351,85.398,298.62,35.533,-24.613,83.489,103.2,1.5946,-14.871,15.224,-1.4494,-14.29,-20.401,38.437,-25.321,125.88,9.125,16.406,32.509,1580.5,1,0.6478,0.32529,0.045007,0.21224,0.43893,0.47939,0.43956,0.35956,0.24354,0.19211,0.76509,0.089672,0.072768,0.33543,1560.4,91.591,39.135,106.78,99.531,99.531,106.78,39.135,91.591,779.09,16.749,11.351,85.398,298.62,35.533,-24.613,83.489,103.2,1.5946,-14.871,15.224,-1.4494,-14.29,-20.401,38.437,-25.321,125.88,9.125,16.406,32.509,1580.5,1,0.6478,0.32529,0.045007,0.21224,0.43893,0.47939,0.43956,0.35956,0.24354,0.19211,0.76509,0.089672,0.072768,0.33543,55,10.708,7.3831,5.2915,13.047,13.047,5.2915,7.3831,10.708,12.944,-8.6336,-8.5434,-5.0217,-2.776,-4.2625,-1.3225,-2.1215,-0.094734,0.48107,1.9288,-0.36323,0.5169,-1.7557,0.17821,-0.84577,1.0607,4,8,1,1.1458,2.7655,1,0.00063111,0.3135,0.058159,0.013914,0.029933,0.038514,0.00053427,0.014005,0.097839,0.27273,0.18056,0.1625,0.19444,0.097222,35,16.511,21.048,29.715,32.751,32.751,29.715,21.048,16.511,33.582,-12.566,-10.785,1.9254,-7.178,-5.7713,-1.5262,2.7149,0.71028,-0.67611,4.4094,-4.4575,0.49597,-1.5888,0.16853,-1.185,0.4948,5,7,0,0.72917,9.1379,1,0.11004,0.13041,0.030335,0.18575,0.16215,0.089435,0.052939,0.064728,0.10718,0.28571,0.49206,0.4,0.30159,0.33333,44.374,0.1019,0.064124,0.016319,0.021629,0.021629,0.016319,0.064124,0.1019,0.15438,2.637,2.6313,2.6026,2.6007,2.6129,2.6387,2.6297,2.5964,0.003579,-0.009654,0.0023402,-0.019547,-0.0077087,-0.00059018,-0.013624,0.0035889,0.93945,0.90381,0.92383,0.92446,6.7345e-05,1,0.11521,0.14165,0.10931,0.0098723,0.19454,0.2573,0.15919,0.078007,0.35078,0.98157,0.97909,0.98462,0.99388,0.98152,17.367,0.065738,0.075333,0.027182,0.048837,0.048837,0.027182,0.075333,0.065738,0.27585,-0.93992,-0.94127,-1.0878,-1.0187,-1.049,-0.99966,-0.98932,-1.0294,-0.00049384,-0.0066806,-0.0013584,0.010942,0.00026148,0.017942,-0.0040157,-0.0051257,0.33105,0.39551,0.35864,0.36182,0.00022494,1,0.38798,0.013643,0.23772,0.24478,0.10712,0.076835,0.15746,0.12259,0.0019171,0.93535,0.91536,0.92914,0.88176,0.90631,246.19,4.0016,2.2824,1.7317,1.524,1.524,1.7317,2.2824,4.0016,32.52,20.976,21.065,19.538,15.127,12.158,11.991,12.392,12.676,-0.0025759,0.32265,0.19645,-0.51081,-0.050205,-0.10451,0.13857,-0.047703,7.4296,4.2301,4.4917,5.129,1.3001,1,0.8252,0.67944,0.51911,0.35372,0.11993,0.012666,0.11769,0.19363,0.24326,0.94349,0.71378,0.57407,0.57541,0.60164,319.61,0.26502,0.12041,0.15031,0.072205,0.072205,0.15031,0.12041,0.26502,6.9787,20.118,20.145,19.586,18.924,18.367,18.142,18.37,19.394,-0.0011698,0.098894,-0.10925,0.00061999,-0.010466,-0.075544,0.056767,0.16604,7.1161,6.407,6.6356,6.6586,0.049263,1,0.7635,0.58115,0.40571,0.25239,0.059618,0.046671,0.14914,0.25677,0.34637,0.98083,0.93803,0.90912,0.9035,0.93999
3.3125,29.317,18.54,9.8815,4.7943,4.7943,9.8815,18.54,29.317,139.34,31.338,32.239,-8.2183,-4.3804,-13.121,-10.577,14.003,16.535,-0.036809,3.2404,-5.256,1.4438,-0.94974,3.9796,1.9269,-0.95359,11.688,7.5,0.78125,0.06901,29.098,1,0.55947,0.20353,0.01699,0.048758,0.10987,0.11239,0.096574,0.12315,0.18013,0.53816,0.17825,0.41444,0.35829,0.5003,3.3125,29.317,18.54,9.8815,4.7943,4.7943,9.8815,18.54,29.317,139.34,31.338,32.239,-8.2183,-4.3804,-13.121,-10.577,14.003,16.535,-0.036809,3.2404,-5.256,1.4438,-0.94974,3.9796,1.9269,-0.95359,11.688,7.5,0.78125,0.06901,29.098,1,0.55947,0.20353,0.01699,0.048758,0.10987,0.11239,0.096574,0.12315,0.18013,0.53816,0.17825,0.41444,0.35829,0.5003,3.3125,29.317,18.54,9.8815,4.7943,4.7943,9.8815,18.54,29.317,139.34,31.338,32.239,-8.2183,-4.3804,-13.121,-10.577,14.003,16.535,-0.036809,3.2404,-5.256,1.4438,-0.94974,3.9796,1.9269,-0.95359,11.688,7.5,0.78125,0.06901,29.098,1,0.55947,0.20353,0.01699,0.048758,0.10987,0.11239,0.096574,0.12315,0.18013,0.53816,0.17825,0.41444,0.35829,0.5003,1132.1,46.712,15.048,0.86828,35.894,35.894,0.86828,15.048,46.712,933.05,3.2926,0.77704,-8.3714,70.258,264.22,66.703,-2.9419,22.174,1.9192,-3.037,-16.27,14.304,13.256,-17.483,-3.7429,7.9981,110.56,8.5,5.0313,23.585,1171.6,1,0.79606,0.52657,0.21871,0.062181,0.37441,0.50458,0.56518,0.559,0.49008,0.023177,0.26003,0.72855,0.059921,0.045349,1132.1,46.712,15.048,0.86828,35.894,35.894,0.86828,15.048,46.712,933.05,3.2926,0.77704,-8.3714,70.258,264.22,66.703,-2.9419,22.174,1.9192,-3.037,-16.27,14.304,13.256,-17.483,-3.7429,7.9981,110.56,8.5,5.0313,23.585,1171.6,1,0.79606,0.52657,0.21871,0.062181,0.37441,0.50458,0.56518,0.559,0.49008,0.023177,0.26003,0.72855,0.059921,0.045349,1132.1,46.712,15.048,0.86828,35.894,35.894,0.86828,15.048,46.712,933.05,3.2926,0.77704,-8.3714,70.258,264.22,66.703,-2.9419,22.174,1.9192,-3.037,-16.27,14.304,13.256,-17.483,-3.7429,7.9981,110.56,8.5,5.0313,23.585,1171.6,1,0.79606,0.52657,0.21871,0.062181,0.37441,0.50458,0.56518,0.559,0.49008,0.023177,0.26003,0.72855,0.059921,0.045349,49,8.6767,9.8034,7,10.299,10.299,7,9.8034,8.6767,5.9987,-0.37449,-0.26036,-4.6273,-2.0981,-2.3887,-2.4483,-3.423,-2.7637,0.26041,1.2877,-2.272,0.59345,1.3697,1.9277,-1.9066,1.591,2,4,1,1.0208,1.6379,1,0.18215,0.090364,0.090624,0.12914,0.052977,0.038239,0.12864,0.013701,0.038814,0.25,0.41667,0.2,0.25,0.38889,6,48.485,11.399,30.348,17.644,17.644,30.348,11.399,48.485,21.392,-16.195,-9.0641,3.348,-1.3177,-2.2912,-1.3901,-0.71531,-4.645,-5.8915,7.1169,-2.77,-3.7001,-0.66856,0.75204,7.5807,-6.5936,17,15,0,0.125,24.707,1,0.081849,0.085186,0.16102,0.041886,0.013724,0.020694,0.095802,0.13749,0.040097,0.41711,0.065359,0.12941,0.15686,0.14379,44.746,0.1238,0.023772,0.030847,0.038122,0.038122,0.030847,0.023772,0.1238,0.1199,2.6199,2.6221,2.6527,2.6231,2.6354,2.6148,2.6493,2.6552,0.0041868,0.022373,0.0033884,0.00095224,0.0055858,0.014648,0.0028718,-0.00097871,0.95215,0.90869,0.93213,0.9322,7.3768e-05,1,0.062847,0.046699,0.041668,0.15777,0.086508,0.063988,0.057826,0.036022,0.096232,0.98172,0.9743,0.97749,0.97687,0.98444,16.651,0.10666,0.052229,0.027173,0.021909,0.021909,0.027173,0.052229,0.10666,0.19919,-0.96324,-0.96442,-0.9608,-1.0209,-0.99052,-0.981,-0.98756,-0.92625,-0.0012644,-0.0085986,-0.0028456,-0.026546,0.023641,-0.042087,0.0025795,0.010576,0.32275,0.375,0.34399,0.3469,0.00018096,1,0.29153,0.0077557,0.30212,0.42376,0.33204,0.0022813,0.18942,0.24064,0.19051,0.90826,0.95978,0.92422,0.94589,0.89106,267.11,3.7553,2.1135,1.6103,1.3986,1.3986,1.6103,2.1135,3.7553,40.742,20.154,20.192,20.502,19.459,15.251,12.243,11.92,12.069,-0.014101,0.093403,0.25426,0.23024,-0.4309,-0.11326,0.0059877,0.025905,7.2452,4.2018,5.1978,5.5648,1.702,1,0.89377,0.79077,0.66753,0.52861,0.3026,0.14797,0.0028607,0.14312,0.26505,0.9938,0.93337,0.70058,0.58423,0.58568,321.97,0.74113,0.35855,0.28107,0.2527,0.2527,0.28107,0.35855,0.74113,7.4693,19.81,19.828,19.92,19.58,18.854,18.374,18.231,18.323,-0.005491,0.047395,0.05288,-0.049483,-0.0089928,-0.043561,-0.015538,0.030723,7.0518,6.4407,6.6352,6.7077,0.058936,1,0.893,0.78548,0.66046,0.52162,0.29763,0.14499,0.0021334,0.13393,0.24122,0.997,0.97928,0.93872,0.91618,0.91609
104.69,53.224,20.392,9.4375,10.336,10.336,9.4375,20.392,53.224,56.237,-1.2293,-3.5817,-2.0252,3.3677,-10.296,-6.6184,-15.889,2.971,0.36377,-7.5753,6.4664,-8.3379,10.032,-1.778,-8.405,10.278,6.5625,11.188,2.0313,2.181,17.853,1,0.09811,0.16154,0.1885,0.098576,0.10151,0.068203,0.18805,0.097741,0.048989,0.19248,0.33333,0.34749,0.42955,0.41775,104.69,53.224,20.392,9.4375,10.336,10.336,9.4375,20.392,53.224,56.237,-1.2293,-3.5817,-2.0252,3.3677,-10.296,-6.6184,-15.889,2.971,0.36377,-7.5753,6.4664,-8.3379,10.032,-1.778,-8.405,10.278,6.5625,11.188,2.0313,2.181,17.853,1,0.09811,0.16154,0.1885,0.098576,0.10151,0.068203,0.18805,0.097741,0.048989,0.19248,0.33333,0.34749,0.42955,0.41775,104.69,53.224,20.392,9.4375,10.336,10.336,9.4375,20.392,53.224,56.237,-1.2293,-3.5817,-2.0252,3.3677,-10.296,-6.6184,-15.889,2.971,0.36377,-7.5753,6.4664,-8.3379,10.032,-1.778,-8.405,10.278,6.5625,11.188,2.0313,2.181,17.853,1,0.09811,0.16154,0.1885,0.098576,0.10151,0.068203,0.18805,0.097741,0.048989,0.19248,0.33333,0.34749,0.42955,0.41775,1917.1,46.343,74.71,30.587,37.351,37.351,30.587,74.71,46.343,855.28,148.35,156.48,147.53,4.2638,1.19,221.56,245.11,-15.012,0.88421,33.261,-26.818,-6.787,-43.483,110.64,-55.154,-11.109,134.5,9.1875,28.5,39.94,1830.1,1,0.69951,0.31896,0.055546,0.30222,0.42483,0.40939,0.37256,0.33845,0.29156,0.40242,0.031702,0.10316,0.78563,0.21427,1917.1,46.343,74.71,30.587,37.351,37.351,30.587,74.71,46.343,855.28,148.35,156.48,147.53,4.2638,1.19,221.56,245.11,-15.012,0.88421,33.261,-26.818,-6.787,-43.483,110.64,-55.154,-11.109,134.5,9.1875,28.5,39.94,1830.1,1,0.69951,0.31896,0.055546,0.30222,0.42483,0.40939,0.37256,0.33845,0.29156,0.40242,0.031702,0.10316,0.78563,0.21427,1917.1,46.343,74.71,30.587,37.351,37.351,30.587,74.71,46.343,855.28,148.35,156.48,147.53,4.2638,1.19,221.56,245.11,-15.012,0.88421,33.261,-26.818,-6.787,-43.483,110.64,-55.154,-11.109,134.5,9.1875,28.5,39.94,1830.1,1,0.69951,0.31896,0.055546,0.30222,0.42483,0.40939,0.37256,0.33845,0.29156,0.40242,0.031702,0.10316,0.78563,0.21427,46,10.963,10.767,2,11.448,11.448,2,10.767,10.963,4.5838,-1.9552,-2.0765,-3.9453,-1.6615,-2.907,-4.05,-2.5445,-0.81051,-0.81802,-3.1599,0.10515,-1.8586,0.14009,-0.63288,1.2861,-0.62739,2,7,1,0.95833,1.7855,1,0.24882,0.0018827,0.14314,0.14219,0.023088,0.036039,0.11883,0.083292,0.071417,0.22078,0.079365,0.17143,0.20635,0.079365,59,12.521,12.151,45.044,46.099,46.099,45.044,12.151,12.521,10.888,-2.723,-0.10839,-7.9529,3.805,-9.2807,2.1234,-4.3334,-12.907,0.15363,10.266,-11.566,-5.2702,4.2678,2.5087,1.9033,-3.208,13,23,1,1.2292,30.095,1,0.076568,0.34051,0.21278,0.15831,0.28963,0.10818,0.058674,0.030891,0.012498,0.1581,0.27536,0.18696,0.067633,0.15942,44.728,0.0994,0.049917,0.075013,0.031307,0.031307,0.075013,0.049917,0.0994,0.12114,2.6088,2.6123,2.6386,2.6183,2.6344,2.6585,2.6486,2.6041,-0.0043544,-0.0012989,0.0032598,-0.010934,-0.027511,0.014498,0.0055549,-0.013343,0.9541,0.90869,0.93066,0.93182,0.00010183,1,0.087805,0.14439,0.035104,0.11953,0.031219,0.14546,0.047676,0.057709,0.14881,0.97543,0.97259,0.97569,0.98738,0.97253,16.63,0.035073,0.053692,0.036631,0.019956,0.019956,0.036631,0.053692,0.035073,0.21843,-0.9786,-0.97952,-1.0203,-0.96268,-0.99335,-0.95897,-0.93958,-1.0222,0.0018338,0.0026332,-0.0058975,-0.0013039,-0.013548,0.025861,-0.018556,-0.0027461,0.31836,0.36719,0.34888,0.34647,0.00015509,1,0.50334,0.093191,0.2803,0.36818,0.29494,0.086509,0.054761,0.18101,0.22251,0.96857,0.93174,0.95439,0.90086,0.95553,282.11,0.66185,0.29459,0.64389,0.36377,0.36377,0.64389,0.29459,0.66185,36.167,13.547,13.506,16.927,19.829,20.065,17.635,12.942,11.702,-0.01594,-0.20775,0.37453,0.1417,0.50867,-0.22312,-0.30792,-0.018676,7.109,4.1351,6.0958,5.8772,1.2011,1,0.82345,0.65486,0.45882,0.25461,0.031599,0.19015,0.31043,0.39703,0.44907,0.79749,0.98505,0.97496,0.77231,0.59385,325.89,0.27126,0.14083,0.10995,0.079495,0.079495,0.10995,0.14083,0.27126,5.758,18.874,18.771,18.599,19.81,19.894,19.286,18.97,18.675,0.023161,-0.30824,0.12705,0.057102,0.089503,-0.042029,-0.03396,-0.034502,7.0526,6.4473,6.7383,6.7894,0.036069,1,0.78507,0.51963,0.24593,0.017073,0.23595,0.36081,0.45282,0.50187,0.49729,0.93336,0.99267,0.9911,0.95702,0.9426
50.438,19.502,16.804,12.025,1.5587,1.5587,12.025,16.804,19.502,89.454,6.9637,8.7671,-14.237,-7.1691,-5.7787,-12.566,13.719,6.3767,-0.30228,5.7298,-1.4816,-2.7846,-4.7694,9.9481,-2.6572,0.52692,7.9375,10.063,0.6875,1.0508,20.361,1,0.42223,0.056014,0.13648,0.083206,0.040232,0.076835,0.12426,0.045161,0.09265,0.41163,0.23602,0.3764,0.54037,0.29193,50.438,19.502,16.804,12.025,1.5587,1.5587,12.025,16.804,19.502,89.454,6.9637,8.7671,-14.237,-7.1691,-5.7787,-12.566,13.719,6.3767,-0.30228,5.7298,-1.4816,-2.7846,-4.7694,9.9481,-2.6572,0.52692,7.9375,10.063,0.6875,1.0508,20.361,1,0.42223,0.056014,0.13648,0.083206,0.040232,0.076835,0.12426,0.045161,0.09265,0.41163,0.23602,0.3764,0.54037,0.29193,50.438,19.502,16.804,12.025,1.5587,1.5587,12.025,16.804,19.502,89.454,6.9637,8.7671,-14.237,-7.1691,-5.7787,-12.566,13.719,6.3767,-0.30228,5.7298,-1.4816,-2.7846,-4.7694,9.9481,-2.6572,0.52692,7.9375,10.063,0.6875,1.0508,20.361,1,0.42223,0.056014,0.13648,0.083206,0.040232,0.076835,0.12426,0.045161,0.09265,0.41163,0.23602,0.3764,0.54037,0.29193,1112.3,181.31,44.879,24.444,18.64,18.64,24.444,44.879,181.31,1272.6,0.16801,1.1116,-3.4149,38.27,320.01,103.15,-11.42,-102.12,-0.30089,2.5258,-18.138,-56.091,74.861,-39.432,7.0057,-23.911,155.13,42.75,1.3438,23.172,2272.7,1,0.70481,0.41014,0.15137,0.047502,0.25098,0.35466,0.43878,0.4916,0.48047,0.0069226,0.15136,0.6618,0.079058,0.11407,1112.3,181.31,44.879,24.444,18.64,18.64,24.444,44.879,181.31,1272.6,0.16801,1.1116,-3.4149,38.27,320.01,103.15,-11.42,-102.12,-0.30089,2.5258,-18.138,-56.091,74.861,-39.432,7.0057,-23.911,155.13,42.75,1.3438,23.172,2272.7,1,0.70481,0.41014,0.15137,0.047502,0.25098,0.35466,0.43878,0.4916,0.48047,0.0069226,0.15136,0.6618,0.079058,0.11407,1112.3,181.31,44.879,24.444,18.64,18.64,24.444,44.879,181.31,1272.6,0.16801,1.1116,-3.4149,38.27,320.01,103.15,-11.42,-102.12,-0.30089,2.5258,-18.138,-56.091,74.861,-39.432,7.0057,-23.911,155.13,42.75,1.3438,23.172,2272.7,1,0.70481,0.41014,0.15137,0.047502,0.25098,0.35466,0.43878,0.4916,0.48047,0.0069226,0.15136,0.6618,0.079058,0.11407,43,5.672,11.355,12.288,3.4611,3.4611,12.288,11.355,5.672,7.6595,-2.8268,-2.5735,-2.7903,-1.3624,-2.1649,-2.1271,-3.5922,-3.5355,-0.0027479,0.93632,-0.090556,-0.26575,-0.30719,-0.40974,-0.67924,0.53033,1,2,1,0.89583,0.69105,1,0.072122,0.16703,0.086367,0.13169,0.15507,0.051502,0.14454,0.23068,0.16704,0.54545,0.38889,0.45,0.5,0.66667,41,17.442,6.6573,44.978,36.111,36.111,44.978,6.6573,17.442,10.982,3.5393,2.6632,-1.7676,-1.1384,-3.13,-1.5107,-2.8383,-10.65,-0.35673,-4.4502,4.1428,1.4887,6.9239,-5.2307,6.1809,-6.3189,11,7,1,0.85417,15.063,1,0.19242,0.047609,0.2212,0.11493,0.015545,0.00016798,0.038058,0.14009,0.0068392,0.35537,0.19192,0.13636,0.38384,0.26263,39.353,0.38457,0.077118,0.073851,0.056169,0.056169,0.073851,0.077118,0.38457,3.5401,2.7114,2.695,2.718,1.7356,1.8997,2.494,2.5271,2.474,0.0060195,-0.041214,0.15228,-0.31726,0.11711,-0.023664,-0.0339,0.015033,1.021,0.45605,0.88721,0.81984,0.022438,1,0.70057,0.41768,0.10374,0.21102,0.41673,0.44269,0.42898,0.34876,0.26933,0.92118,0.62272,0.71841,0.87056,0.86519,27.241,1.7891,0.64508,0.19385,0.5674,0.5674,0.19385,0.64508,1.7891,4.121,-0.93023,-0.8947,-1.3707,-2.0542,-1.9546,-1.8157,-1.2044,-1.5,-0.0055008,0.11439,-0.52526,0.02968,-0.39675,0.10919,-0.008899,-0.053694,0.32275,1.0903,0.52759,0.56752,0.035344,1,0.30401,0.27298,0.0090844,0.094077,0.23332,0.076452,0.052082,0.20642,0.20507,0.38428,0.67741,0.66279,0.45947,0.433,264.9,3.5055,2.1417,1.6531,1.4242,1.4242,1.6531,2.1417,3.5055,43.869,20.055,20.099,20.406,19.624,15.774,11.675,11.3,11.936,-0.01936,0.10004,0.22648,0.45637,-0.5569,-0.12244,-0.066802,0.18122,7.2124,3.9845,5.4008,5.5188,1.9283,1,0.89906,0.79584,0.67166,0.53182,0.30505,0.14869,0.0052067,0.14989,0.27676,0.99438,0.94582,0.71669,0.55568,0.56784,322.63,0.95085,0.56618,0.43363,0.39727,0.39727,0.43363,0.56618,0.95085,9.6057,20.02,20.046,20.194,19.855,18.909,18.284,18.052,17.979,-0.010494,0.060177,0.058113,0.036051,-0.0064583,-0.048233,0.040469,-0.045871,7.1472,6.336,6.619,6.7215,0.098811,1,0.88595,0.78321,0.66219,0.52605,0.30814,0.15889,0.013705,0.12011,0.23138,0.99658,0.97855,0.92728,0.8969,0.89183
118.69,347.09,367.82,155.45,141.74,141.74,155.45,367.82,347.09,59.615,7.06,14.901,-17.746,26.257,-46.228,4.2111,-7.5096,23.857,-1.8756,23.056,41.673,35.016,-69.099,49.076,-70.94,60.596,118,78.563,1.5625,2.4727,1383.1,1,0.10806,0.020666,0.15187,0.01953,0.033174,0.2944,0.38061,0.035646,0.14158,0.12601,0.35187,0.26081,0.29231,0.1815,118.69,347.09,367.82,155.45,141.74,141.74,155.45,367.82,347.09,59.615,7.06,14.901,-17.746,26.257,-46.228,4.2111,-7.5096,23.857,-1.8756,23.056,41.673,35.016,-69.099,49.076,-70.94,60.596,118,78.563,1.5625,2.4727,1383.1,1,0.10806,0.020666,0.15187,0.01953,0.033174,0.2944,0.38061,0.035646,0.14158,0.12601,0.35187,0.26081,0.29231,0.1815,118.69,347.09,367.82,155.45,141.74,141.74,155.45,367.82,347.09,59.615,7.06,14.901,-17.746,26.257,-46.228,4.2111,-7.5096,23.857,-1.8756,23.056,41.673,35.016,-69.099,49.076,-70.94,60.596,118,78.563,1.5625,2.4727,1383.1,1,0.10806,0.020666,0.15187,0.01953,0.033174,0.2944,0.38061,0.035646,0.14158,0.12601,0.35187,0.26081,0.29231,0.1815,236.31,104.58,32.174,16.209,40.082,40.082,16.209,32.174,104.58,204.41,-2.4577,-4.6473,67.251,15.081,-23.586,16.572,3.5234,12.307,3.1275,2.1785,13.503,-7.1436,-7.5341,-4.4936,-0.13977,1.9042,34.188,13.188,2.75,4.9232,153.58,1,0.24091,0.26703,0.068211,0.084155,0.32847,0.22081,0.17993,0.14238,0.0015197,0.54147,0.31647,0.18391,0.20414,0.083283,236.31,104.58,32.174,16.209,40.082,40.082,16.209,32.174,104.58,204.41,-2.4577,-4.6473,67.251,15.081,-23.586,16.572,3.5234,12.307,3.1275,2.1785,13.503,-7.1436,-7.5341,-4.4936,-0.13977,1.9042,34.188,13.188,2.75,4.9232,153.58,1,0.24091,0.26703,0.068211,0.084155,0.32847,0.22081,0.17993,0.14238,0.0015197,0.54147,0.31647,0.18391,0.20414,0.083283,236.31,104.58,32.174,16.209,40.082,40.082,16.209,32.174,104.58,204.41,-2.4577,-4.6473,67.251,15.081,-23.586,16.572,3.5234,12.307,3.1275,2.1785,13.503,-7.1436,-7.5341,-4.4936,-0.13977,1.9042,34.188,13.188,2.75,4.9232,153.58,1,0.24091,0.26703,0.068211,0.084155,0.32847,0.22081,0.17993,0.14238,0.0015197,0.54147,0.31647,0.18391,0.20414,0.083283,33,18.429,14.4,10.392,8.5301,8.5301,10.392,14.4,18.429,6.3127,-2.9385,-2.2161,-2.6737,-3.3482,-0.99263,-2.0611,-0.77251,-3.8816,-0.14559,2.2144,0.98918,0.31544,0.35731,-1.7892,1.8686,-2.0633,3,5,1,0.6875,3.2407,1,0.0042316,0.033315,0.011515,0.14606,0.2104,0.26308,0.089044,0.26636,0.062474,0.25455,0.35556,0.16,0.37778,0.35556,40,15.502,22.761,27.622,2.5606,2.5606,27.622,22.761,15.502,22.942,13.935,13.435,-3.2629,-1.4328,-4.3348,-3.8794,-4.8025,-1.1285,0.11227,-1.4947,2.5012,0.21938,1.4996,-0.14934,-0.01068,0.75997,7,5,1,0.83333,6.0142,1,0.1135,0.082645,0.079697,0.095224,0.087264,0.20656,0.05169,0.30955,0.22366,0.4026,0.28571,0.31429,0.2381,0.15873,44.763,0.048225,0.1061,0.014008,0.028934,0.028934,0.014008,0.1061,0.048225,0.058761,2.5899,2.5914,2.6363,2.6467,2.6229,2.6367,2.6679,2.6183,0.0010411,0.0091232,0.0010045,-0.007746,-0.019924,-0.0056521,0.0067635,-0.015318,0.96533,0.91357,0.93164,0.93257,0.00011384,1,0.1927,0.31194,0.10262,0.08465,0.25773,0.01972,0.068032,0.18442,0.11252,0.9617,0.97038,0.95827,0.96993,0.97184,16.869,0.059434,0.052185,0.022519,0.054693,0.054693,0.022519,0.052185,0.059434,0.12516,-1.1026,-1.1061,-1.0045,-1.0022,-0.97887,-1.0011,-0.96859,-0.95995,0.0020806,-0.006064,0.017388,0.0067225,-0.0037453,-0.022189,0.021296,-0.014497,0.31982,0.39746,0.34937,0.35144,0.00022467,1,0.33647,0.037406,0.074363,0.13253,0.073258,0.087434,0.023211,0.085854,0.0037537,0.91937,0.88698,0.87727,0.88793,0.84248,225.68,0.2924,0.0656,0.070768,0.051258,0.051258,0.070768,0.0656,0.2924,1.0681,13.175,13.138,13.111,13.154,13.528,13.24,13.388,13.549,0.015549,-0.08925,-0.053885,0.029525,0.02659,-0.057916,0.030721,0.0094681,4.7987,4.575,4.6837,4.7017,0.004245,1,0.6473,0.32501,0.077844,0.099815,0.19679,0.14679,0.054245,0.03488,0.071336,0.96591,0.97073,0.99334,0.97543,0.99507,329.68,0.17087,0.098083,0.092404,0.067079,0.067079,0.092404,0.098083,0.17087,0.59979,19.031,19.039,19.351,19.694,19.271,19.517,19.47,19.38,-0.010537,-0.0044629,0.086044,-0.010586,-0.065625,0.067193,-0.032403,0.006288,6.9858,6.7208,6.8576,6.8684,0.004072,1,0.53962,0.15346,0.27909,0.63196,0.61897,0.38661,0.046983,0.25447,0.41906,0.97542,0.99497,0.97661,0.99008,0.9814
82.5,17.708,23.528,12.666,12.917,12.917,12.666,23.528,17.708,107.5,-25.071,-27.805,-14.421,-17.7,11.083,2.6441,-2.1962,5.2114,0.84678,-7.3986,4.1293,4.2739,1.3166,-1.9192,2.7572,-0.58984,7.4375,16,0.6875,1.7188,30.512,1,0.30612,0.21816,0.013078,0.081973,0.16429,0.072481,0.078741,0.18668,0.14394,0.44141,0.38976,0.20781,0.084635,0.098958,82.5,17.708,23.528,12.666,12.917,12.917,12.666,23.528,17.708,107.5,-25.071,-27.805,-14.421,-17.7,11.083,2.6441,-2.1962,5.2114,0.84678,-7.3986,4.1293,4.2739,1.3166,-1.9192,2.7572,-0.58984,7.4375,16,0.6875,1.7188,30.512,1,0.30612,0.21816,0.013078,0.081973,0.16429,0.072481,0.078741,0.18668,0.14394,0.44141,0.38976,0.20781,0.084635,0.098958,82.5,17.708,23.528,12.666,12.917,12.917,12.666,23.528,17.708,107.5,-25.071,-27.805,-14.421,-17.7,11.083,2.6441,-2.1962,5.2114,0.84678,-7.3986,4.1293,4.2739,1.3166,-1.9192,2.7572,-0.58984,7.4375,16,0.6875,1.7188,30.512,1,0.30612,0.21816,0.013078,0.081973,0.16429,0.072481,0.078741,0.18668,0.14394,0.44141,0.38976,0.20781,0.084635,0.098958,1082.8,162.62,52.373,58.014,96.514,96.514,58.014,52.373,162.62,661.17,16.582,9.0238,221.2,81.691,15.728,13.184,34.963,22.374,-0.087189,-28.496,57.821,-23.114,-12.216,36.543,10.322,-10.459,103.19,17,9.2813,22.559,943.57,1,0.58148,0.28859,0.049531,0.10085,0.104,0.088718,0.1349,0.1869,0.20841,0.51027,0.30002,0.06384,0.15048,0.12114,1082.8,162.62,52.373,58.014,96.514,96.514,58.014,52.373,162.62,661.17,16.582,9.0238,221.2,81.691,15.728,13.184,34.963,22.374,-0.087189,-28.496,57.821,-23.114,-12.216,36.543,10.322,-10.459,103.19,17,9.2813,22.559,943.57,1,0.58148,0.28859,0.049531,0.10085,0.104,0.088718,0.1349,0.1869,0.20841,0.51027,0.30002,0.06384,0.15048,0.12114,1082.8,162.62,52.373,58.014,96.514,96.514,58.014,52.373,162.62,661.17,16.582,9.0238,221.2,81.691,15.728,13.184,34.963,22.374,-0.087189,-28.496,57.821,-23.114,-12.216,36.543,10.322,-10.459,103.19,17,9.2813,22.559,943.57,1,0.58148,0.28859,0.049531,0.10085,0.104,0.088718,0.1349,0.1869,0.20841,0.51027,0.30002,0.06384,0.15048,0.12114,50,6.7718,17.134,8.7178,5.2261,5.2261,8.7178,17.134,6.7718,8.5497,-5.181,-4.8022,-4.0277,-3.1599,-3.3303,-2.3618,-1.2867,-3.9937,-0.51806,-0.30069,-2.1108,0.19454,-0.094309,-1.0916,1.7221,-1.8692,1,5,1,1.0417,1.1897,1,0.08858,0.1608,0.1798,0.10628,0.054769,0.12339,0.034526,0.089605,0.10867,0.29091,0.22222,0.2,0.24444,0.15556,109,50.847,64.593,24.515,98.21,98.21,24.515,64.593,50.847,21.416,-2.2914,-1.6771,-16.179,2.003,-1.9241,-16.301,-2.9645,-4.8957,1.2733,6.5064,9.7523,4.5457,-0.72386,1.3221,0.020355,-0.41075,21,22,2,2.2708,64.84,1,0.22937,0.1059,0.11359,0.14053,0.18506,0.0056146,0.0047831,0.12127,0.067266,0.28512,0.55556,0.30455,0.20707,0.060606,44.841,0.040129,0.041588,0.025573,0.015013,0.015013,0.025573,0.041588,0.040129,0.10012,2.6345,2.6355,2.6411,2.6268,2.641,2.6645,2.6423,2.6438,-0.0020186,-0.0029787,0.0028228,-0.0068165,0.012473,-0.00035995,-0.0077195,0.0062025,0.9502,0.92236,0.93335,0.93418,4.2803e-05,1,0.15366,0.26851,0.045336,0.14935,0.22853,0.30596,0.17019,0.12569,0.057661,0.98239,0.97842,0.98551,0.98767,0.98167,16.563,0.044217,0.014062,0.020877,0.048583,0.048583,0.020877,0.014062,0.044217,0.35939,-0.97271,-0.96822,-1.0331,-0.98653,-0.98889,-0.93835,-0.93687,-0.98474,-0.00053549,0.014963,-0.031807,0.017298,-0.0051114,0.023326,-0.0052333,-0.005798,0.31543,0.37354,0.34351,0.34505,0.00021579,1,0.61733,0.32637,0.06553,0.083077,0.027332,0.060998,0.086687,0.0025234,0.10447,0.95377,0.93696,0.92902,0.87495,0.91678,244.24,3.2153,2.1891,1.5433,1.2301,1.2301,1.5433,2.1891,3.2153,16.59,20.087,20.279,17.295,13.859,13.362,13.567,12.932,12.36,-0.0063382,0.69716,-0.50427,-0.085931,0.028238,0.17874,-0.3242,0.13063,7.109,4.2544,4.7687,5.0884,0.6501,1,0.71449,0.49173,0.27642,0.1304,0.0017431,0.040216,0.05953,0.071491,0.079139,0.9021,0.68804,0.66639,0.66822,0.61816,321.76,0.65228,0.11904,0.091721,0.062822,0.062822,0.091721,0.11904,0.65228,5.6289,19.357,19.376,18.928,18.585,18.5,18.541,19.335,20.086,0.00087548,0.074293,-0.03457,-0.038887,0.026196,-0.10824,0.31697,-0.088285,7.1983,6.5273,6.613,6.7034,0.037466,1,0.71737,0.44807,0.23247,0.075567,0.093823,0.15426,0.19802,0.24348,0.28484,0.93563,0.91277,0.90966,0.92169,0.97794
66.813,17.972,8.7177,4.2898,5.1118,5.1118,4.2898,8.7177,17.972,168.78,0.38354,2.8575,1.2827,-14.791,-18.58,-21.539,18.765,12.117,0.54652,11.042,-10.62,5.5486,-6.5263,6.7428,0.48064,-1.7275,8.75,12.188,2.4375,1.3919,40.31,1,0.65907,0.3517,0.064314,0.10135,0.2,0.20242,0.18937,0.17577,0.19577,0.32308,0.46097,0.60974,0.52707,0.48832,66.813,17.972,8.7177,4.2898,5.1118,5.1118,4.2898,8.7177,17.972,168.78,0.38354,2.8575,1.2827,-14.791,-18.58,-21.539,18.765,12.117,0.54652,11.042,-10.62,5.5486,-6.5263,6.7428,0.48064,-1.7275,8.75,12.188,2.4375,1.3919,40.31,1,0.65907,0.3517,0.064314,0.10135,0.2,0.20242,0.18937,0.17577,0.19577,0.32308,0.46097,0.60974,0.52707,0.48832,66.813,17.972,8.7177,4.2898,5.1118,5.1118,4.2898,8.7177,17.972,168.78,0.38354,2.8575,1.2827,-14.791,-18.58,-21.539,18.765,12.117,0.54652,11.042,-10.62,5.5486,-6.5263,6.7428,0.48064,-1.7275,8.75,12.188,2.4375,1.3919,40.31,1,0.65907,0.3517,0.064314,0.10135,0.2,0.20242,0.18937,0.17577,0.19577,0.32308,0.46097,0.60974,0.52707,0.48832,961.38,122.02,40.922,57.836,43.93,43.93,57.836,40.922,122.02,967.23,22.173,19.655,5.8132,15.122,284.31,58.605,-5.9672,-26.679,2.4323,-1.3496,-20.468,-18.372,39.602,-27.903,-33.81,21.583,123.38,40.5,4.0938,20.029,1555.9,1,0.69591,0.38179,0.075172,0.15242,0.32253,0.37363,0.39886,0.42043,0.39351,0.045086,0.11972,0.71378,0.049645,0.095126,961.38,122.02,40.922,57.836,43.93,43.93,57.836,40.922,122.02,967.23,22.173,19.655,5.8132,15.122,284.31,58.605,-5.9672,-26.679,2.4323,-1.3496,-20.468,-18.372,39.602,-27.903,-33.81,21.583,123.38,40.5,4.0938,20.029,1555.9,1,0.69591,0.38179,0.075172,0.15242,0.32253,0.37363,0.39886,0.42043,0.39351,0.045086,0.11972,0.71378,0.049645,0.095126,961.38,122.02,40.922,57.836,43.93,43.93,57.836,40.922,122.02,967.23,22.173,19.655,5.8132,15.122,284.31,58.605,-5.9672,-26.679,2.4323,-1.3496,-20.468,-18.372,39.602,-27.903,-33.81,21.583,123.38,40.5,4.0938,20.029,1555.9,1,0.69591,0.38179,0.075172,0.15242,0.32253,0.37363,0.39886,0.42043,0.39351,0.045086,0.11972,0.71378,0.049645,0.095126,41,8.2444,3.106,8.7178,3.3985,3.3985,8.7178,3.106,8.2444,4.4693,-2.1509,-1.6124,-3.1999,-2.7643,-2.5676,-2.158,-1.8938,-2.6161,-0.67317,-0.2178,-1.3003,0.74596,-0.20797,-0.80533,-0.36714,0.13258,1,4,1,0.85417,1.1485,1,0.08064,0.012777,0.13734,0.21813,0.024218,0.020729,0.13097,0.0087321,0.0052425,0.29545,0.36111,0.25,0.16667,0.19444,5,67.738,96.469,142.04,68.928,68.928,142.04,96.469,67.738,35.458,24.171,18.199,5.3217,-14.448,12.364,-11.446,1.1182,13,2.0397,-15.537,6.6139,-15.592,9.8013,-5.1489,-7.2915,8,24,23,1,0.10417,111.29,1,0.11796,0.18019,0.054567,0.1325,0.049819,0.02316,0.030627,0.19327,0.13363,0.34091,0.19907,0.4625,0.3287,0.34259,45.025,0.036344,0.030667,0.014386,0.016979,0.016979,0.014386,0.030667,0.036344,0.041062,2.6236,2.6319,2.656,2.6484,2.6387,2.6762,2.6364,2.6838,-0.0026491,0.022546,0.013281,-0.0045689,-0.025951,0.0085559,-0.0046439,0.013252,0.96045,0.92334,0.93799,0.93803,9.1308e-05,1,0.22728,0.2633,0.18418,0.15078,0.17053,0.005278,0.15522,0.0016925,0.061544,0.97597,0.97498,0.97321,0.98373,0.97594,16.147,0.1814,0.039508,0.031051,0.026517,0.026517,0.031051,0.039508,0.1814,0.15947,-0.99148,-0.9918,-0.97556,-0.93592,-0.96199,-0.92981,-0.93637,-0.93503,0.0023878,0.0067373,0.0010569,0.0043925,-0.014369,0.030451,-0.03687,0.028433,0.31152,0.37012,0.33521,0.3364,0.000156,1,0.15523,0.12766,0.071086,0.1717,0.19484,0.051954,0.13321,0.16397,0.11439,0.93572,0.89563,0.91807,0.87101,0.91703,272.4,2.2673,1.4171,1.0785,0.96319,0.96319,1.0785,1.4171,2.2673,36.889,18.711,18.784,20.026,19.726,16.034,12.703,12.6,13.174,-0.034291,0.15756,0.212,0.40906,-0.53579,-0.092022,-0.013366,0.12759,7.0997,4.395,5.5001,5.6749,1.3093,1,0.91242,0.80684,0.67371,0.52378,0.28124,0.11612,0.042747,0.18905,0.31501,0.98017,0.96686,0.74934,0.62378,0.64182,320.08,0.22384,0.078582,0.023531,0.03531,0.03531,0.023531,0.078582,0.22384,3.7827,18.803,18.829,19.411,19.216,18.775,18.595,18.527,18.491,-0.013849,0.048191,0.082465,-0.067685,0.050406,-0.039929,0.027833,-0.028786,6.8807,6.5251,6.6217,6.6683,0.015336,1,0.86389,0.72327,0.55976,0.39605,0.17148,0.030192,0.085351,0.17365,0.2356,0.98913,0.98625,0.96259,0.95209,0.95188
1.8125,43.083,19.3,3.1549,9.3517,9.3517,3.1549,19.3,43.083,85.781,-23.073,-19.482,-9.8817,15.01,5.3005,0.58342,3.7729,-18.595,-0.1096,13.04,1.1508,0.1195,-1.5989,9.2119,-2.2868,-2.8309,9.125,8.3125,0.1875,0.03776,21.657,1,0.16332,0.030166,0.071376,0.11719,0.15173,0.10616,0.11127,0.01919,0.06988,0.54359,0.59209,0.15479,0.2793,0.54262,1.8125,43.083,19.3,3.1549,9.3517,9.3517,3.1549,19.3,43.083,85.781,-23.073,-19.482,-9.8817,15.01,5.3005,0.58342,3.7729,-18.595,-0.1096,13.04,1.1508,0.1195,-1.5989,9.2119,-2.2868,-2.8309,9.125,8.3125,0.1875,0.03776,21.657,1,0.16332,0.030166,0.071376,0.11719,0.15173,0.10616,0.11127,0.01919,0.06988,0.54359,0.59209,0.15479,0.2793,0.54262,1.8125,43.083,19.3,3.1549,9.3517,9.3517,3.1549,19.3,43.083,85.781,-23.073,-19.482,-9.8817,15.01,5.3005,0.58342,3.7729,-18.595,-0.1096,13.04,1.1508,0.1195,-1.5989,9.2119,-2.2868,-2.8309,9.125,8.3125,0.1875,0.03776,21.657,1,0.16332,0.030166,0.071376,0.11719,0.15173,0.10616,0.11127,0.01919,0.06988,0.54359,0.59209,0.15479,0.2793,0.54262,919.38,9.9931,106.23,42.958,93.219,93.219,42.958,106.23,9.9931,245.11,223.95,238.49,69.475,12.875,55.424,32.245,60.361,-17.827,-0.35325,53.096,-32.777,23.492,35.055,-25.001,3.5197,-18.688,83.438,42,16.313,19.154,675.03,1,0.30898,0.0014233,0.20374,0.21203,0.14736,0.074303,0.080244,0.012556,0.05231,0.55417,0.097794,0.2433,0.23737,0.20466,919.38,9.9931,106.23,42.958,93.219,93.219,42.958,106.23,9.9931,245.11,223.95,238.49,69.475,12.875,55.424,32.245,60.361,-17.827,-0.35325,53.096,-32.777,23.492,35.055,-25.001,3.5197,-18.688,83.438,42,16.313,19.154,675.03,1,0.30898,0.0014233,0.20374,0.21203,0.14736,0.074303,0.080244,0.012556,0.05231,0.55417,0.097794,0.2433,0.23737,0.20466,919.38,9.9931,106.23,42.958,93.219,93.219,42.958,106.23,9.9931,245.11,223.95,238.49,69.475,12.875,55.424,32.245,60.361,-17.827,-0.35325,53.096,-32.777,23.492,35.055,-25.001,3.5197,-18.688,83.438,42,16.313,19.154,675.03,1,0.30898,0.0014233,0.20374,0.21203,0.14736,0.074303,0.080244,0.012556,0.05231,0.55417,0.097794,0.2433,0.23737,0.20466,56,2.8284,14.071,3.6056,9.096,9.096,3.6056,14.071,2.8284,1.7572,-5.4398,-4.6498,-1.6096,-3.7981,-3.5318,-2.9863,-2.5455,-7.0387,-0.48803,1.3332,-0.44902,-0.28784,1.174,-0.55676,0.65916,-1.4229,1,4,1,1.1667,1.1631,1,0.17226,0.10112,0.091972,0.16006,0.088415,0.089431,0.034553,0.091463,0.11484,0.22727,0.38889,0.225,0.30556,0.38889,1,44.357,36.402,44.677,36.52,36.52,44.677,36.402,44.357,64.121,34.193,33.18,-1.4191,-2.7304,-9.1119,1.0752,-0.35243,3.7005,0.76586,-1.2463,-2.2886,-8.7792,4.1926,-1.5625,-2.1195,2.448,14,16,0,0.020833,43.766,1,0.32845,0.073256,0.12983,0.17023,0.060012,0.017707,0.16307,0.094043,0.26317,0.60227,0.3125,0.36875,0.069444,0.048611,44.73,0.056548,0.040813,0.018419,0.017594,0.017594,0.018419,0.040813,0.056548,0.036651,2.6143,2.6159,2.6152,2.6462,2.643,2.6232,2.653,2.6419,-0.00093038,0.0029686,0.020906,0.0019687,-0.013978,-0.015045,-0.00016673,-0.0021542,0.94678,0.91699,0.93237,0.93187,6.8543e-05,1,0.024403,0.01057,0.034869,0.088591,0.22184,0.29872,0.15174,0.070633,0.072614,0.976,0.98951,0.98427,0.98275,0.9906,16.701,0.032511,0.032966,0.052978,0.074536,0.074536,0.052978,0.032966,0.032511,0.037269,-1.0763,-1.0761,-0.97599,-0.98335,-0.97038,-0.99986,-0.98178,-0.95066,-0.0024409,-0.0071768,-0.0017177,-0.02844,0.028942,-0.021034,0.016845,-0.0064957,0.31885,0.38379,0.34644,0.34793,0.00018823,1,0.19113,0.068627,0.27965,0.31493,0.065525,0.012859,0.19679,0.29665,0.13735,0.92228,0.90543,0.89249,0.93427,0.87645,215.61,2.5356,1.2779,0.90945,0.84204,0.84204,0.90945,1.2779,2.5356,7.7624,15.82,15.763,13.46,12.991,12.94,12.579,11.1,11.748,0.039529,-0.08336,-0.10381,-0.0011792,0.070847,-0.27521,0.082938,0.069278,5.6685,3.7839,4.5695,4.4919,0.15723,1,0.64861,0.45599,0.30588,0.20092,0.077603,0.032545,0.0071733,0.010963,0.024409,0.87625,0.80993,0.80357,0.74042,0.71211,323.18,1.1518,0.36374,0.37015,0.25619,0.25619,0.37015,0.36374,1.1518,9.9225,18.622,18.631,18.387,18.174,18.417,18.993,20.593,20.255,0.0018694,0.039627,-0.050536,-0.049677,-0.07224,0.18055,0.0035578,-0.071874,7.3764,6.4235,6.5701,6.7329,0.10914,1,0.86666,0.72204,0.55412,0.36628,0.10879,0.0084869,0.10352,0.18799,0.25271,0.88465,0.87234,0.88796,0.94549,0.98239
31.375,28.831,5.4418,4.5496,10.323,10.323,4.5496,5.4418,28.831,121.49,-14.394,-12.507,-18.992,-9.0928,7.5012,14.591,-2.0753,0.39573,-1.0414,3.5964,1.5831,-11.629,6.1451,-2.277,1.7683,-0.84478,8.625,11.875,0.53125,0.65365,25.111,1,0.46585,0.23689,0.17687,0.19381,0.0055514,0.15703,0.20652,0.21486,0.21906,0.4866,0.36374,0.49,0.22573,0.10526,31.375,28.831,5.4418,4.5496,10.323,10.323,4.5496,5.4418,28.831,121.49,-14.394,-12.507,-18.992,-9.0928,7.5012,14.591,-2.0753,0.39573,-1.0414,3.5964,1.5831,-11.629,6.1451,-2.277,1.7683,-0.84478,8.625,11.875,0.53125,0.65365,25.111,1,0.46585,0.23689,0.17687,0.19381,0.0055514,0.15703,0.20652,0.21486,0.21906,0.4866,0.36374,0.49,0.22573,0.10526,31.375,28.831,5.4418,4.5496,10.323,10.323,4.5496,5.4418,28.831,121.49,-14.394,-12.507,-18.992,-9.0928,7.5012,14.591,-2.0753,0.39573,-1.0414,3.5964,1.5831,-11.629,6.1451,-2.277,1.7683,-0.84478,8.625,11.875,0.53125,0.65365,25.111,1,0.46585,0.23689,0.17687,0.19381,0.0055514,0.15703,0.20652,0.21486,0.21906,0.4866,0.36374,0.49,0.22573,0.10526,1407.8,140.74,47.717,171.8,79.013,79.013,171.8,47.717,140.74,759.02,0.014172,-4.3799,161.29,223.9,-1.631,-10.028,92.133,34.246,-2.2165,-23.734,93.536,-48.345,15.297,14.233,15.244,-23.488,121.88,14.563,14.031,29.328,1397.6,1,0.65948,0.33053,0.0016223,0.19908,0.32262,0.30508,0.29634,0.27722,0.22361,0.30979,0.61413,0.025641,0.13806,0.21858,1407.8,140.74,47.717,171.8,79.013,79.013,171.8,47.717,140.74,759.02,0.014172,-4.3799,161.29,223.9,-1.631,-10.028,92.133,34.246,-2.2165,-23.734,93.536,-48.345,15.297,14.233,15.244,-23.488,121.88,14.563,14.031,29.328,1397.6,1,0.65948,0.33053,0.0016223,0.19908,0.32262,0.30508,0.29634,0.27722,0.22361,0.30979,0.61413,0.025641,0.13806,0.21858,1407.8,140.74,47.717,171.8,79.013,79.013,171.8,47.717,140.74,759.02,0.014172,-4.3799,161.29,223.9,-1.631,-10.028,92.133,34.246,-2.2165,-23.734,93.536,-48.345,15.297,14.233,15.244,-23.488,121.88,14.563,14.031,29.328,1397.6,1,0.65948,0.33053,0.0016223,0.19908,0.32262,0.30508,0.29634,0.27722,0.22361,0.30979,0.61413,0.025641,0.13806,0.21858,38,5.5614,7.2799,7.2111,7.5377,7.5377,7.2111,7.2799,5.5614,7.4013,-0.040285,-0.56094,-2.1963,-1.2864,-1.9988,-2.8807,-3.745,-1.1502,0.099805,-1.6128,0.26791,-0.4652,0.56918,0.3849,0.33103,0.27817,2,3,1,0.79167,1.1046,1,0.080357,0.033541,0.0034444,0.022171,0.1264,0.083801,0.028357,0.13142,0.093767,0.30303,0.25926,0.33333,0.40741,0.37037,82,52.367,37.239,53.226,36.701,36.701,53.226,37.239,52.367,7.2679,-23.195,-22.752,-5.101,0.43552,-8.9623,-3.1801,-3.6954,-0.35556,1.9462,8.0943,1.9671,4.1263,0.50998,8.0904,-1.0318,1.4714,10,16,1.5,1.7083,34.126,1,0.28085,0.1967,0.043988,0.021,0.011625,0.0099388,0.20621,0.20123,0.1368,0.39205,0.25694,0.325,0.27083,0.20139,44.892,0.066391,0.030392,0.051069,0.020496,0.020496,0.051069,0.030392,0.066391,0.12027,2.602,2.5961,2.6425,2.6516,2.6499,2.658,2.6487,2.64,0.0014091,-0.017509,-0.010543,-0.00022549,-0.0089128,0.00097973,0.00054368,-0.0021935,0.95361,0.91699,0.93579,0.93525,8.9846e-05,1,0.17799,0.18181,0.038682,0.013909,0.0029834,0.048736,0.091425,0.039454,0.036058,0.97556,0.98071,0.98367,0.98487,0.97975,16.433,0.057921,0.06897,0.039151,0.025584,0.025584,0.039151,0.06897,0.057921,0.2814,-1.012,-1.0174,-1.0054,-0.94006,-0.95315,-0.94311,-0.97346,-0.96855,0.0030583,-0.010147,-0.036331,0.026121,-0.0025334,-0.0021494,-0.0085449,0.0075303,0.3125,0.37109,0.34302,0.34235,0.00017338,1,0.35279,0.094485,0.073527,0.080118,0.0068375,0.17506,0.24552,0.23729,0.14204,0.95777,0.90146,0.90987,0.90643,0.9307,237.1,3.7811,2.4406,1.5774,1.5465,1.5465,1.5774,2.4406,3.7811,23.439,19.907,19.997,17.994,13.574,12.259,12.34,12.66,11.874,0.015479,0.38899,-0.033558,-0.34324,-0.01802,0.073344,0.0257,-0.1805,7.0625,4.1536,4.4441,4.9395,0.86074,1,0.77199,0.59918,0.41333,0.24256,0.030654,0.066156,0.12581,0.15791,0.17485,0.92309,0.67874,0.61415,0.62521,0.61561,322.34,0.67349,0.22038,0.3064,0.20293,0.20293,0.3064,0.22038,0.67349,4.8486,19.562,19.566,19.095,18.837,18.616,18.507,18.946,20.371,0.0068366,0.040407,-0.023516,-0.028301,0.0051036,-0.14412,0.043056,0.25872,7.2651,6.5527,6.6749,6.7154,0.031054,1,0.57881,0.32937,0.13684,0.007008,0.13834,0.17468,0.21428,0.24612,0.27009,0.93519,0.91587,0.90502,0.9058,0.95949
16.375,14.716,29.568,8.6334,6.8491,6.8491,8.6334,29.568,14.716,45.71,7.727,6.0641,10.713,-5.8763,-2.4157,-6.0588,-2.4343,-1.6078,1.0587,-2.7026,-6.9506,1.4137,2.0565,3.7501,0.63483,-0.3157,7.75,7.625,0.4375,0.34115,9.5467,1,0.055728,0.15396,0.12742,0.090377,0.071363,0.037709,0.023197,0.071878,0.0098884,0.45308,0.40412,0.24113,0.24462,0.12814,16.375,14.716,29.568,8.6334,6.8491,6.8491,8.6334,29.568,14.716,45.71,7.727,6.0641,10.713,-5.8763,-2.4157,-6.0588,-2.4343,-1.6078,1.0587,-2.7026,-6.9506,1.4137,2.0565,3.7501,0.63483,-0.3157,7.75,7.625,0.4375,0.34115,9.5467,1,0.055728,0.15396,0.12742,0.090377,0.071363,0.037709,0.023197,0.071878,0.0098884,0.45308,0.40412,0.24113,0.24462,0.12814,16.375,14.716,29.568,8.6334,6.8491,6.8491,8.6334,29.568,14.716,45.71,7.727,6.0641,10.713,-5.8763,-2.4157,-6.0588,-2.4343,-1.6078,1.0587,-2.7026,-6.9506,1.4137,2.0565,3.7501,0.63483,-0.3157,7.75,7.625,0.4375,0.34115,9.5467,1,0.055728,0.15396,0.12742,0.090377,0.071363,0.037709,0.023197,0.071878,0.0098884,0.45308,0.40412,0.24113,0.24462,0.12814,165.81,146.36,34.1,52.804,109.86,109.86,52.804,34.1,146.36,138.07,-37.244,-50.209,40.241,21.897,6.5444,9.5916,5.7486,1.4993,-1.1146,-52.075,46.386,1.1437,-6.7112,2.2037,0.94871,-1.5941,90.188,31.625,1.75,3.4544,328.63,1,0.10376,0.37992,0.23969,0.13811,0.0048858,0.029394,0.018547,0.024795,0.017307,0.26246,0.18388,0.044768,0.042119,0.014322,165.81,146.36,34.1,52.804,109.86,109.86,52.804,34.1,146.36,138.07,-37.244,-50.209,40.241,21.897,6.5444,9.5916,5.7486,1.4993,-1.1146,-52.075,46.386,1.1437,-6.7112,2.2037,0.94871,-1.5941,90.188,31.625,1.75,3.4544,328.63,1,0.10376,0.37992,0.23969,0.13811,0.0048858,0.029394,0.018547,0.024795,0.017307,0.26246,0.18388,0.044768,0.042119,0.014322,165.81,146.36,34.1,52.804,109.86,109.86,52.804,34.1,146.36,138.07,-37.244,-50.209,40.241,21.897,6.5444,9.5916,5.7486,1.4993,-1.1146,-52.075,46.386,1.1437,-6.7112,2.2037,0.94871,-1.5941,90.188,31.625,1.75,3.4544,328.63,1,0.10376,0.37992,0.23969,0.13811,0.0048858,0.029394,0.018547,0.024795,0.017307,0.26246,0.18388,0.044768,0.042119,0.014322,37,6.1225,10.902,5.5678,9.2704,9.2704,5.5678,10.902,6.1225,5.5258,-5.0716,-4.5059,-1.4567,-2.9272,-1.6977,-1.1828,-2.1555,-5.4911,-0.73745,-0.32929,-0.20812,0.79132,0.59995,1.2581,2.2311,-2.3865,1,4,1,0.77083,1.1591,1,0.085875,0.087803,0.052908,0.0001195,0.0085086,0.012126,0.040663,0.05674,0.21966,0.22727,0.27778,0.175,0.11111,0.33333,36,17.975,12.799,6.245,22.957,22.957,6.245,12.799,17.975,9.7855,-4.3807,-6.6747,2.5811,-3.4597,-1.0071,-3.2494,-2.9785,-0.77932,1.0456,-5.1007,-3.6298,-0.038273,-0.98601,0.61713,-1.1638,1.3388,7,6,1,0.75,5.3404,1,0.10134,0.12874,0.12077,0.11429,0.01992,0.068227,0.058765,0.015438,0.066733,0.38961,0.34921,0.12857,0.1746,0.15873,44.79,0.12469,0.040094,0.034523,0.047693,0.047693,0.034523,0.040094,0.12469,0.034967,2.6104,2.6204,2.6281,2.6352,2.6561,2.6238,2.6268,2.677,-0.0014117,0.032574,-0.0047487,0.0031142,0.0069168,-0.010686,0.023181,-0.0074304,0.96094,0.90869,0.93335,0.93312,0.00011293,1,0.063983,0.033564,0.0084024,0.28156,0.3261,0.065519,0.075165,0.0028339,0.17191,0.96836,0.9694,0.97541,0.96229,0.9799,17.059,0.059592,0.092028,0.024282,0.038017,0.038017,0.024282,0.092028,0.059592,0.23684,-0.96247,-0.97912,-1.0585,-1.0179,-0.97602,-0.98366,-1.0147,-0.94799,0.0073275,-0.037897,0.023552,0.0036452,0.0082902,-0.0030752,-0.010677,0.021805,0.32617,0.3916,0.35205,0.3554,0.00024531,1,0.19242,0.16136,0.067621,0.076038,0.022639,0.1527,0.09444,0.18471,0.12581,0.94774,0.91078,0.87718,0.90247,0.89401,216.06,0.14005,0.096332,0.036761,0.044926,0.044926,0.036761,0.096332,0.14005,3.0574,12.898,12.895,13.322,12.81,12.399,12.543,12.603,12.616,-0.0015538,-0.01806,0.22021,-0.13255,-0.01162,0.022304,-0.0046626,0.0062672,4.7335,4.375,4.4566,4.5013,0.012935,1,0.83145,0.59581,0.3353,0.096617,0.16381,0.25455,0.2822,0.2673,0.23538,0.98323,0.95696,0.92827,0.9401,0.94149,329.31,0.60777,0.33363,0.25492,0.25106,0.25106,0.25492,0.33363,0.60777,5.1943,18.474,18.469,18.423,19.438,19.826,19.721,19.738,19.754,-0.0015219,-0.020906,-0.03743,0.11549,0.0055625,-0.012639,0.0081079,-0.0028711,7.0178,6.4919,6.9737,6.8605,0.037826,1,0.83122,0.66203,0.45927,0.24508,0.0065876,0.11059,0.1681,0.19167,0.19545,0.93046,0.97952,0.99787,0.99309,0.99519
48.188,10.037,22.954,13.911,3.865,3.865,13.911,22.954,10.037,151.19,15.404,12.334,-8.1386,-20.866,-16.45,22.052,12.079,-13.043,1.0517,-7.9741,8.9758,-1.0442,5.0782,5.819,-6.1541,-0.44092,9.9375,12.25,2.7188,1.0039,42.467,1,0.54498,0.37879,0.13406,0.0098077,0.28358,0.44548,0.42184,0.33611,0.24682,0.32421,0.61905,0.44745,0.6695,0.31859,48.188,10.037,22.954,13.911,3.865,3.865,13.911,22.954,10.037,151.19,15.404,12.334,-8.1386,-20.866,-16.45,22.052,12.079,-13.043,1.0517,-7.9741,8.9758,-1.0442,5.0782,5.819,-6.1541,-0.44092,9.9375,12.25,2.7188,1.0039,42.467,1,0.54498,0.37879,0.13406,0.0098077,0.28358,0.44548,0.42184,0.33611,0.24682,0.32421,0.61905,0.44745,0.6695,0.31859,48.188,10.037,22.954,13.911,3.865,3.865,13.911,22.954,10.037,151.19,15.404,12.334,-8.1386,-20.866,-16.45,22.052,12.079,-13.043,1.0517,-7.9741,8.9758,-1.0442,5.0782,5.819,-6.1541,-0.44092,9.9375,12.25,2.7188,1.0039,42.467,1,0.54498,0.37879,0.13406,0.0098077,0.28358,0.44548,0.42184,0.33611,0.24682,0.32421,0.61905,0.44745,0.6695,0.31859,1435.4,143.15,11.155,22.71,39.59,39.59,22.71,11.155,143.15,1062.8,-18.99,-23.657,71.908,361.15,20.093,7.1523,13.656,76.348,-1.3772,-21.977,-3.0551,12.485,-26.23,-53.795,9.6932,5.4262,151.31,34.438,15.375,29.905,2248.2,1,0.67112,0.30742,0.0016973,0.19747,0.31404,0.308,0.28128,0.25984,0.23047,0.13807,0.7658,0.10066,0.10753,0.15714,1435.4,143.15,11.155,22.71,39.59,39.59,22.71,11.155,143.15,1062.8,-18.99,-23.657,71.908,361.15,20.093,7.1523,13.656,76.348,-1.3772,-21.977,-3.0551,12.485,-26.23,-53.795,9.6932,5.4262,151.31,34.438,15.375,29.905,2248.2,1,0.67112,0.30742,0.0016973,0.19747,0.31404,0.308,0.28128,0.25984,0.23047,0.13807,0.7658,0.10066,0.10753,0.15714,1435.4,143.15,11.155,22.71,39.59,39.59,22.71,11.155,143.15,1062.8,-18.99,-23.657,71.908,361.15,20.093,7.1523,13.656,76.348,-1.3772,-21.977,-3.0551,12.485,-26.23,-53.795,9.6932,5.4262,151.31,34.438,15.375,29.905,2248.2,1,0.67112,0.30742,0.0016973,0.19747,0.31404,0.308,0.28128,0.25984,0.23047,0.13807,0.7658,0.10066,0.10753,0.15714,45,6.0594,8.8422,4.5826,4.1832,4.1832,4.5826,8.8422,6.0594,5.0778,-4.3764,-4.3799,-0.48048,-3.2333,-2.6069,-2.2888,-3.4718,-4.6491,-0.18661,-0.63056,-1.2265,0.25924,0.35255,-0.98977,1.5012,-1.3874,1,3,1,0.9375,1.0386,1,0.12956,0.055938,0.35139,0.017206,0.12388,0.17942,0.043534,0.024488,0.020166,0.27273,0.44444,0.33333,0.44444,0.44444,11,20.901,114.93,41.581,82.713,82.713,41.581,114.93,20.901,38.326,-2.6256,-1.6096,-4.7458,-0.1856,-4.548,8.1829,-0.18312,-1.7244,-0.6794,1.5435,-4.8468,-3.91,4.4676,-1.2982,-2.8094,1.8301,38,25,1,0.22917,72.776,1,0.036792,0.32788,0.2075,0.051585,0.081959,0.10595,0.026724,0.013085,0.050836,0.066986,0.090643,0.10526,0.33626,0.10234,44.854,0.056539,0.043764,0.025376,0.031948,0.031948,0.025376,0.043764,0.056539,0.010522,2.6474,2.6473,2.6361,2.6427,2.6442,2.6458,2.6351,2.6645,-0.0013981,-0.0048657,-0.0059847,-0.0036829,0.015445,-0.0175,-0.0038134,0.0089406,0.94873,0.91943,0.93457,0.93446,4.589e-05,1,0.081856,0.10903,0.27883,0.046666,0.052815,0.11002,0.05548,0.070544,0.10869,0.98386,0.98507,0.98641,0.98124,0.98828,16.732,0.056837,0.024432,0.034688,0.05205,0.05205,0.034688,0.024432,0.056837,0.27402,-1.0068,-1.0186,-1.0223,-0.94839,-1,-0.94187,-0.98008,-0.99587,0.0029367,-0.034359,0.018305,-0.0087255,0.011686,0.0058357,-0.036281,0.024478,0.32471,0.38379,0.34497,0.34858,0.00023638,1,0.45755,0.12519,0.23735,0.34143,0.29911,0.11002,0.059422,0.23161,0.25028,0.94587,0.87843,0.90776,0.8739,0.92706,245.8,3.8091,2.1335,1.642,1.357,1.357,1.642,2.1335,3.8091,33.433,20.383,20.478,19.604,15.31,11.517,11.79,13.016,12.658,-0.0089399,0.32593,0.40872,-0.65459,-0.18532,0.1627,0.12027,-0.16513,7.206,3.9954,4.6061,5.1207,1.3138,1,0.83741,0.68737,0.51595,0.33812,0.077127,0.072449,0.18976,0.27,0.3117,0.96668,0.74269,0.56237,0.6061,0.63481,319.83,0.28514,0.057473,0.067637,0.10466,0.10466,0.067637,0.057473,0.28514,6.3849,19.663,19.683,19.406,18.994,18.126,18.227,18.776,19.607,-0.0012267,0.068609,-0.079141,0.034551,-0.2206,0.13536,-0.067711,0.22184,7.008,6.336,6.6788,6.6631,0.039252,1,0.75258,0.55894,0.36799,0.19653,0.060301,0.2249,0.36236,0.47632,0.55326,0.98316,0.955,0.9114,0.9355,0.96604
