0,0,0,0,0,0,0,0,0,0,0,0,0,0,0,0,0,0,0,0,0,0,0,0,0,0,0,0,0,0,0,0,0,0,0,0,0,0,0,0,0,0,0,0,0,0,0,0,0,0,0,0,0,0,0,0,0,0,0,0,0,0,0,0,0,0,0,0,0,0,0,0,0,0,0,0,0,0,0,0,0,0,0,0,0,0,0,0,0,0,0,0,0,0,0,0,0,0,0,0,0,0,0,0,0,0,0,0,0,0,0,0,0,0,0,0,0,0,0,0,0,0,0,0,0,0,0,0,0,0,0,0,0,0,0,0,0,0,0,0,0,0,0,0,0,0,0,0,0,0,0,0,0,0,0,0,0,0,0,0,0,0,0,0,0,0,0,0,0,0,0,0,0,0,0,0,0,0,0,0,0,0,0,0,0,0,0,0,0,0,0,0,0,0,0,0,0,0,0,0,0,0,0,0,0,0,0,0,0,0,0,0,0,0,0,0,0,0,0,0,0,0,0,0,0,0,0,0,0,0,0,0,0,0,0,0,0,0,0,0,0,0,0,0,0,0,0,0,0,0,0,0,0,0,0,0,0,0,0,0,0,0,0,0,0,0,0,0,0,0,0,0,0,0,0,0,0,0,0,0,0,0,0,0,0,0,0,0,0,0,0,0,0,0,0,0,0,0,0,0,0,0,0,0,0,0,0,0,0,0,0,0,0,0,0,0,0,0,0,0,0,0,0,0,0,0,0,0,0,0,0,0,0,0,0,0,0,0,0,0,0,0,0,0,0,0,0,0,0,0,0,0,0,0,0,0,0,0,0,0,0,0,0,0,0,0,0,0,35.106,1.2872,0.78986,0.40947,0.89136,0.89136,0.40947,0.78986,1.2872,1.3131,-0.011608,0.029602,2.0681,2.1434,2.1102,2.1229,2.1671,2.8223,-0.0403,0.020428,0.032969,0.0042146,0.0095048,-0.20349,0.14292,0.024943,1.0283,0.07959,0.7583,0.73137,0.042891,1,0.3049,0.0089281,0.15082,0.10545,0.0037355,0.012881,0.0045023,0.0033779,0.00023047,0.5433,0.73383,0.73077,0.70539,0.89522,31.984,0.89534,0.36519,0.48637,0.4082,0.4082,0.48637,0.36519,0.89534,2.3361,-2.0202,-2.1337,-2.5106,-1.8782,-1.8551,-1.9911,-1.5722,-0.9229,0.0058452,-0.40421,0.11527,0.01172,0.010849,-0.213,-0.017259,0.14606,0.29932,1.0786,0.6626,0.66634,0.030113,1,0.49935,0.27564,0.18268,0.013409,0.060479,0.042062,0.021817,0.011847,0.0039512,0.80641,0.61244,0.61268,0.63226,0.38373,0,0,0,0,0,0,0,0,0,0,0,0,0,0,0,0,0,0,0,0,0,0,0,0,0,0,0,0,0,0,0,0,0,0,0,0,0,0,0,0,0,0,0,0,0,0,0,0,0,0,0,0,0,0,0,0,0,0,0,0,0,0,0,0,0,0,0,0,0,0,0,0,0,0,0,0,0,0,0,0,0,0,0,0,0,0,0,0,0,0,0,0
121.63,114.1,62.524,20.993,35.119,35.119,20.993,62.524,114.1,136.27,-5.2767,-9.1618,-30.743,-4.1312,-2.8838,-10.11,24.252,-32.807,0.55653,-12.657,4.9354,-1.2064,4.4283,49.004,8.2182,-17.953,52.75,36.063,3.5313,2.5339,239.06,1,0.27841,0.090852,0.01136,0.12153,0.025376,0.0061889,0.014931,0.020064,0.016738,0.17697,0.041864,0.048934,0.27475,0.35874,121.63,114.1,62.524,20.993,35.119,35.119,20.993,62.524,114.1,136.27,-5.2767,-9.1618,-30.743,-4.1312,-2.8838,-10.11,24.252,-32.807,0.55653,-12.657,4.9354,-1.2064,4.4283,49.004,8.2182,-17.953,52.75,36.063,3.5313,2.5339,239.06,1,0.27841,0.090852,0.01136,0.12153,0.025376,0.0061889,0.014931,0.020064,0.016738,0.17697,0.041864,0.048934,0.27475,0.35874,121.63,114.1,62.524,20.993,35.119,35.119,20.993,62.524,114.1,136.27,-5.2767,-9.1618,-30.743,-4.1312,-2.8838,-10.11,24.252,-32.807,0.55653,-12.657,4.9354,-1.2064,4.4283,49.004,8.2182,-17.953,52.75,36.063,3.5313,2.5339,239.06,1,0.27841,0.090852,0.01136,0.12153,0.025376,0.0061889,0.014931,0.020064,0.016738,0.17697,0.041864,0.048934,0.27475,0.35874,155.13,167.65,49.664,17.594,40.294,40.294,17.594,49.664,167.65,164.51,25.162,39.456,18.534,2.9578,1.4879,-11.259,15.466,-2.5938,-7.8698,27.303,-3.6586,-1.0189,6.6153,-80.713,14.172,-14.519,55.125,40.625,0.8125,3.2318,257.16,1,0.088427,0.28217,0.16316,0.043029,0.056873,0.037058,0.010692,0.036472,0.041676,0.23191,0.026455,0.043537,0.26997,0.28433,155.13,167.65,49.664,17.594,40.294,40.294,17.594,49.664,167.65,164.51,25.162,39.456,18.534,2.9578,1.4879,-11.259,15.466,-2.5938,-7.8698,27.303,-3.6586,-1.0189,6.6153,-80.713,14.172,-14.519,55.125,40.625,0.8125,3.2318,257.16,1,0.088427,0.28217,0.16316,0.043029,0.056873,0.037058,0.010692,0.036472,0.041676,0.23191,0.026455,0.043537,0.26997,0.28433,155.13,167.65,49.664,17.594,40.294,40.294,17.594,49.664,167.65,164.51,25.162,39.456,18.534,2.9578,1.4879,-11.259,15.466,-2.5938,-7.8698,27.303,-3.6586,-1.0189,6.6153,-80.713,14.172,-14.519,55.125,40.625,0.8125,3.2318,257.16,1,0.088427,0.28217,0.16316,0.043029,0.056873,0.037058,0.010692,0.036472,0.041676,0.23191,0.026455,0.043537,0.26997,0.28433,91,17.234,63.467,45.31,74.829,74.829,45.31,63.467,17.234,63.354,8.0275,8.6881,-10.458,-13.911,-7.2515,-2.5082,1.0273,-5.1707,-1.6565,-3.0166,-6.0324,4.3255,-1.5834,7.1096,-0.66566,-0.75997,31,41,1.5,1.8958,75.84,1,0.20526,0.12736,0.17362,0.085167,0.067993,0.038316,0.015999,0.065779,0.040753,0.2439,0.17344,0.065854,0.070461,0.03252,12,44.417,13.865,64.506,56.597,56.597,64.506,13.865,44.417,52.052,23.181,14.904,3.2561,11.017,-11.329,-6.1615,-0.7984,0.62189,3.338,-19.841,-0.04802,-11.088,15.674,4.6978,0.079875,0.22964,23,23,0.5,0.25,109.81,1,0.17745,0.034308,0.183,0.019194,0.066654,0.054471,0.13854,0.24305,0.12197,0.58103,0.30435,0.36087,0.36232,0.057971,41.763,1.1501,0.63992,0.53387,0.58473,0.58473,0.53387,0.63992,1.1501,2.3983,0.79732,0.8712,2.5029,2.1999,2.7307,2.6348,2.6597,2.653,-0.052179,0.10302,0.023053,0.098614,-0.067036,0.0068299,-0.0015154,-0.00021965,1.0156,0.18799,0.93579,0.87006,0.024898,1,0.30939,0.032725,0.13273,0.035483,0.18536,0.25737,0.19131,7.1569e-05,0.18015,0.72509,0.77847,0.94971,0.92436,0.92463,22.779,0.6958,0.17972,0.30547,0.36143,0.36143,0.30547,0.17972,0.6958,5.1269,-2.3106,-2.4248,-2.0294,-1.5643,-1.0297,-0.95014,-0.92102,-0.94807,0.046127,-0.27345,0.020295,0.22157,-0.020171,0.0063074,0.0042722,-0.0087984,0.28418,1.0049,0.35669,0.47457,0.039124,1,0.72516,0.51183,0.39881,0.34191,0.23887,0.096944,0.062372,0.16733,0.18653,0.76539,0.53882,0.35087,0.32685,0.32772,231.13,0.68848,0.38257,0.29615,0.2257,0.2257,0.29615,0.38257,0.68848,0.48595,14.021,14.017,13.663,13.633,13.653,13.627,13.761,12.879,0.001232,-0.013542,-0.02998,0.012299,0.0011076,0.03676,0.010522,-0.18853,4.9621,4.5077,4.8236,4.8153,0.0066057,1,0.29921,0.046894,0.19058,0.17528,0.019767,0.023205,0.032007,0.022545,0.0086934,0.98028,0.97127,0.97229,0.97519,0.95061,327.94,0.71905,0.46007,0.33605,0.23371,0.23371,0.33605,0.46007,0.71905,0.14571,18.779,18.795,19.274,19.318,19.311,19.404,19.091,20.097,-0.0037804,0.048936,0.014755,-0.0029859,-0.011533,-0.031537,0.031607,0.18177,7.1473,6.6309,6.8307,6.8321,0.0092276,1,0.26083,0.16094,0.34479,0.21673,0.048686,0.07979,0.070233,0.038538,0.013853,0.94744,0.9556,0.95623,0.95388,0.96814
169.69,158.79,36.373,35.72,74.605,74.605,35.72,36.373,158.79,81.209,-30.785,-36.876,-29.897,24.215,-17.897,-13.193,-3.7538,-2.9153,3.9178,-9.7677,-44.254,32.838,3.4143,-3.2094,1.4784,-0.95749,48.813,37.188,3.7813,3.5352,246.29,1,0.12029,0.45413,0.077387,0.1329,0.061966,0.12124,0.24464,0.093119,0.1007,0.20219,0.46778,0.24558,0.076682,0.024328,169.69,158.79,36.373,35.72,74.605,74.605,35.72,36.373,158.79,81.209,-30.785,-36.876,-29.897,24.215,-17.897,-13.193,-3.7538,-2.9153,3.9178,-9.7677,-44.254,32.838,3.4143,-3.2094,1.4784,-0.95749,48.813,37.188,3.7813,3.5352,246.29,1,0.12029,0.45413,0.077387,0.1329,0.061966,0.12124,0.24464,0.093119,0.1007,0.20219,0.46778,0.24558,0.076682,0.024328,169.69,158.79,36.373,35.72,74.605,74.605,35.72,36.373,158.79,81.209,-30.785,-36.876,-29.897,24.215,-17.897,-13.193,-3.7538,-2.9153,3.9178,-9.7677,-44.254,32.838,3.4143,-3.2094,1.4784,-0.95749,48.813,37.188,3.7813,3.5352,246.29,1,0.12029,0.45413,0.077387,0.1329,0.061966,0.12124,0.24464,0.093119,0.1007,0.20219,0.46778,0.24558,0.076682,0.024328,134.81,67.632,76.079,97.087,58.715,58.715,97.087,76.079,67.632,130.82,86.974,84.322,22.01,-18.208,12.554,-2.3994,1.3749,1.3176,3.2716,0.93186,44.229,6.5616,-7.1867,-0.022238,1.1147,-0.86303,42.188,39.938,0.875,2.8086,163.35,1,0.020446,0.2888,0.060138,0.18152,0.17332,0.16427,0.30414,0.0085373,0.042883,0.28943,0.38288,0.16089,0.022551,0.020247,134.81,67.632,76.079,97.087,58.715,58.715,97.087,76.079,67.632,130.82,86.974,84.322,22.01,-18.208,12.554,-2.3994,1.3749,1.3176,3.2716,0.93186,44.229,6.5616,-7.1867,-0.022238,1.1147,-0.86303,42.188,39.938,0.875,2.8086,163.35,1,0.020446,0.2888,0.060138,0.18152,0.17332,0.16427,0.30414,0.0085373,0.042883,0.28943,0.38288,0.16089,0.022551,0.020247,134.81,67.632,76.079,97.087,58.715,58.715,97.087,76.079,67.632,130.82,86.974,84.322,22.01,-18.208,12.554,-2.3994,1.3749,1.3176,3.2716,0.93186,44.229,6.5616,-7.1867,-0.022238,1.1147,-0.86303,42.188,39.938,0.875,2.8086,163.35,1,0.020446,0.2888,0.060138,0.18152,0.17332,0.16427,0.30414,0.0085373,0.042883,0.28943,0.38288,0.16089,0.022551,0.020247,100,29.004,40.538,51.157,5.3841,5.3841,51.157,40.538,29.004,42.827,-2.6568,-3.5352,-11.018,-12.862,-1.4598,-2.7825,-3.6586,-2.366,-1.0517,-6.7585,4.3955,2.9079,0.47213,0.57468,-2.0376,1.8206,8,23,1,2.0833,27.312,1,0.36203,0.32773,0.18504,0.062662,0.21871,0.0040357,0.018091,0.071442,0.020925,0.30435,0.23671,0.043478,0.043478,0.062802,13,29.513,96.636,189.58,11.192,11.192,189.58,96.636,29.513,22.992,67.969,52.647,-7.2981,-2.0062,-1.0723,-1.8593,-3.5283,-0.47429,9.9859,-24.135,29.087,0.27937,-0.099649,-0.48846,-0.003173,0.62739,45,33,1,0.27083,152.24,1,0.45743,0.48145,0.059563,0.26727,0.19589,0.14979,0.028059,0.0019489,0.009682,0.35758,0.27901,0.013333,0.022222,0.014815,42.164,0.3552,0.31441,0.24487,0.1477,0.1477,0.24487,0.31441,0.3552,2.5013,2.081,2.0739,1.9711,2.571,2.6566,2.6403,2.6411,2.6328,0.01521,0.023655,-0.14801,0.12126,-0.013631,-0.0004097,0.0040736,-0.004816,1.0249,0.62842,0.9292,0.87841,0.010733,1,0.70606,0.47552,0.28186,0.17191,0.060852,0.13974,0.19878,0.15949,0.11363,0.70259,0.87878,0.91105,0.91075,0.91049,21.272,0.95138,0.39706,0.33857,0.18141,0.18141,0.33857,0.39706,0.95138,3.8787,-2.1258,-2.0906,-1.9022,-1.3089,-1.0025,-0.94956,-0.98558,-0.99097,-0.012794,0.089086,0.054869,0.083803,0.0070018,0.0071838,0.00091474,-0.0018016,0.31787,0.76611,0.35181,0.44317,0.021595,1,0.71313,0.59352,0.49776,0.32407,0.10067,0.016035,0.052749,0.17168,0.18319,0.88267,0.59613,0.45927,0.44175,0.45811,220.58,0.72468,0.35146,0.2776,0.22875,0.22875,0.2776,0.35146,0.72468,4.3126,13.911,13.899,13.403,13.464,12.79,12.654,12.597,12.619,0.0028251,-0.035148,-0.036701,0.078723,-0.050732,0.0023197,-0.0093032,0.011495,4.9284,4.443,4.4835,4.5954,0.023462,1,0.77279,0.62013,0.50032,0.40549,0.2849,0.20432,0.090905,0.05464,0.2039,0.97107,0.96101,0.91306,0.90669,0.90384,335.7,0.77834,0.30933,0.23836,0.24063,0.24063,0.23836,0.30933,0.77834,3.7962,18.9,18.919,19.422,19.395,19.932,20.091,20.143,20.135,-0.0064179,0.052892,0.071492,-0.14965,0.065649,-0.0044156,0.0093991,-0.0087995,7.1347,6.669,7.0901,6.9937,0.019341,1,0.73732,0.57909,0.4715,0.39225,0.26507,0.19882,0.13226,0.00068293,0.16499,0.95573,0.96404,0.99116,0.99606,0.99843
32.938,160.37,64.588,17.05,4.115,4.115,17.05,64.588,160.37,49.92,7.975,9.22,-10.561,15.882,-13.548,-2.2688,-5.284,1.834,-1.0654,1.1206,60.938,-11.685,0.92875,-0.0045865,-1.8852,2.8964,39.313,32.125,1.0938,0.6862,161.83,1,0.18756,0.47288,0.056633,0.016562,0.003852,0.022871,0.012882,0.027019,0.029839,0.30351,0.4266,0.10604,0.029323,0.039392,32.938,160.37,64.588,17.05,4.115,4.115,17.05,64.588,160.37,49.92,7.975,9.22,-10.561,15.882,-13.548,-2.2688,-5.284,1.834,-1.0654,1.1206,60.938,-11.685,0.92875,-0.0045865,-1.8852,2.8964,39.313,32.125,1.0938,0.6862,161.83,1,0.18756,0.47288,0.056633,0.016562,0.003852,0.022871,0.012882,0.027019,0.029839,0.30351,0.4266,0.10604,0.029323,0.039392,32.938,160.37,64.588,17.05,4.115,4.115,17.05,64.588,160.37,49.92,7.975,9.22,-10.561,15.882,-13.548,-2.2688,-5.284,1.834,-1.0654,1.1206,60.938,-11.685,0.92875,-0.0045865,-1.8852,2.8964,39.313,32.125,1.0938,0.6862,161.83,1,0.18756,0.47288,0.056633,0.016562,0.003852,0.022871,0.012882,0.027019,0.029839,0.30351,0.4266,0.10604,0.029323,0.039392,20.375,28.707,115.2,36.171,20.946,20.946,36.171,115.2,28.707,35.797,1.0393,4.1801,5.1147,-5.874,1.1736,-0.33983,1.5481,3.531,-0.0098946,11.689,-34.724,7.7351,-0.22955,-0.67358,0.89151,-0.27508,20.125,31.625,0.75,0.42448,101.45,1,0.11083,0.029942,0.32253,0.066096,0.044434,0.093105,0.010887,0.0037218,0.0042181,0.27381,0.49868,0.088735,0.027229,0.036012,20.375,28.707,115.2,36.171,20.946,20.946,36.171,115.2,28.707,35.797,1.0393,4.1801,5.1147,-5.874,1.1736,-0.33983,1.5481,3.531,-0.0098946,11.689,-34.724,7.7351,-0.22955,-0.67358,0.89151,-0.27508,20.125,31.625,0.75,0.42448,101.45,1,0.11083,0.029942,0.32253,0.066096,0.044434,0.093105,0.010887,0.0037218,0.0042181,0.27381,0.49868,0.088735,0.027229,0.036012,20.375,28.707,115.2,36.171,20.946,20.946,36.171,115.2,28.707,35.797,1.0393,4.1801,5.1147,-5.874,1.1736,-0.33983,1.5481,3.531,-0.0098946,11.689,-34.724,7.7351,-0.22955,-0.67358,0.89151,-0.27508,20.125,31.625,0.75,0.42448,101.45,1,0.11083,0.029942,0.32253,0.066096,0.044434,0.093105,0.010887,0.0037218,0.0042181,0.27381,0.49868,0.088735,0.027229,0.036012,40,15.153,12.498,6.5574,21.564,21.564,6.5574,12.498,15.153,8.0312,-0.13587,0.35112,-4.7588,0.20828,-2.1379,-2.7509,-2.3453,-4.3322,-0.80923,-0.86062,2.3041,-0.97142,1.2985,0.065285,2.1352,-2.0373,10,10,1,0.83333,9.8865,1,0.11854,0.13277,0.13337,0.37608,0.028694,0.057269,0.020325,0.053443,0.063965,0.49091,0.15556,0.08,0.12222,0.16667,38,34.119,81.792,21.166,47.846,47.846,21.166,81.792,34.119,13.2,-3.7276,-1.9154,-2.6633,-4.694,-2.2815,-2.4238,-0.18281,-4.219,-3.8579,-6.0038,-0.44283,-0.0090939,0.070626,2.5606,-0.03986,-0.7955,30,28,1,0.79167,61.317,1,0.43345,0.14751,0.1038,0.011731,0.017516,0.014987,0.039865,0.039206,0.034326,0.42424,0.051852,0.04,0.02963,0.037037,38.13,1.3312,0.62709,0.71929,0.70862,0.70862,0.71929,0.62709,1.3312,2.6501,0.029152,0.073793,2.2144,2.2797,2.0149,2.5761,2.6741,2.6342,-0.017568,0.10846,0.018846,0.010055,-0.056527,0.14373,-0.0012042,-0.0072345,1.042,0.016113,0.81226,0.79438,0.046213,1,0.37046,0.14198,0.021223,0.039128,0.0059886,0.02992,0.024356,0.0096676,0.060815,0.56944,0.76309,0.71579,0.92669,0.88832,27.503,0.058085,0.47145,0.33728,0.38485,0.38485,0.33728,0.47145,0.058085,4.8755,-2.0832,-2.1677,-2.3723,-1.7932,-1.793,-1.321,-0.98795,-0.94924,-0.025732,-0.40055,0.11589,-0.032225,0.011113,0.11984,0.0012782,0.0069464,0.29834,1.124,0.61182,0.57298,0.03867,1,0.74167,0.58111,0.43396,0.32703,0.1809,0.099313,0.058764,0.016542,0.046954,0.74283,0.55966,0.52867,0.35747,0.30626,217.88,0.26653,0.183,0.14019,0.14276,0.14276,0.14019,0.183,0.26653,3.8837,13.376,13.372,13.534,12.926,12.561,12.582,12.554,12.599,-0.0018623,-0.019457,0.19667,-0.20905,0.026357,-0.0093016,-0.00013823,0.0092532,4.7789,4.3616,4.4562,4.5392,0.020366,1,0.81707,0.62645,0.43732,0.26241,0.038838,0.073847,0.15931,0.18518,0.17316,0.99474,0.95616,0.93067,0.92947,0.93041,337.08,0.25726,0.16941,0.1379,0.15364,0.15364,0.1379,0.16941,0.25726,3.516,19.284,19.278,19.293,19.738,20.119,20.098,20.127,20.106,0.002173,-0.017624,-0.16212,0.1982,-0.02394,0.0065589,0.00049516,-0.0047122,7.1831,6.8148,7.1023,7.0225,0.01683,1,0.78846,0.60931,0.45096,0.31846,0.10798,0.026549,0.15434,0.20088,0.18445,0.95104,0.97204,0.98943,0.99011,0.99018
73.563,175.2,30.035,16.96,4.1983,4.1983,16.96,30.035,175.2,209.76,6.3419,-3.3169,-31.164,-11.036,8.8532,33.684,-15.511,-4.0456,1.7499,-30.256,15.57,-30.401,-6.4556,-11.716,0.49579,1.9676,26.375,25.188,2.875,1.5326,138.22,1,0.19726,0.12485,0.099464,0.025664,0.17772,0.041752,0.13169,0.044365,0.18927,0.46165,0.14639,0.46564,0.47551,0.11717,73.563,175.2,30.035,16.96,4.1983,4.1983,16.96,30.035,175.2,209.76,6.3419,-3.3169,-31.164,-11.036,8.8532,33.684,-15.511,-4.0456,1.7499,-30.256,15.57,-30.401,-6.4556,-11.716,0.49579,1.9676,26.375,25.188,2.875,1.5326,138.22,1,0.19726,0.12485,0.099464,0.025664,0.17772,0.041752,0.13169,0.044365,0.18927,0.46165,0.14639,0.46564,0.47551,0.11717,73.563,175.2,30.035,16.96,4.1983,4.1983,16.96,30.035,175.2,209.76,6.3419,-3.3169,-31.164,-11.036,8.8532,33.684,-15.511,-4.0456,1.7499,-30.256,15.57,-30.401,-6.4556,-11.716,0.49579,1.9676,26.375,25.188,2.875,1.5326,138.22,1,0.19726,0.12485,0.099464,0.025664,0.17772,0.041752,0.13169,0.044365,0.18927,0.46165,0.14639,0.46564,0.47551,0.11717,68.563,74.594,99.202,47.139,34.814,34.814,47.139,99.202,74.594,259.49,57.515,65.026,28.503,-0.83796,8.0721,-50.381,12.01,-4.3564,-4.2928,13.826,-3.3681,10.854,-17.513,31.444,-6.008,1.2391,49.625,41.063,0.625,1.4284,232.05,1,0.2679,0.087778,0.19488,0.14369,0.0093241,0.092842,0.082727,0.089577,0.024202,0.30055,0.036944,0.23552,0.35292,0.049538,68.563,74.594,99.202,47.139,34.814,34.814,47.139,99.202,74.594,259.49,57.515,65.026,28.503,-0.83796,8.0721,-50.381,12.01,-4.3564,-4.2928,13.826,-3.3681,10.854,-17.513,31.444,-6.008,1.2391,49.625,41.063,0.625,1.4284,232.05,1,0.2679,0.087778,0.19488,0.14369,0.0093241,0.092842,0.082727,0.089577,0.024202,0.30055,0.036944,0.23552,0.35292,0.049538,68.563,74.594,99.202,47.139,34.814,34.814,47.139,99.202,74.594,259.49,57.515,65.026,28.503,-0.83796,8.0721,-50.381,12.01,-4.3564,-4.2928,13.826,-3.3681,10.854,-17.513,31.444,-6.008,1.2391,49.625,41.063,0.625,1.4284,232.05,1,0.2679,0.087778,0.19488,0.14369,0.0093241,0.092842,0.082727,0.089577,0.024202,0.30055,0.036944,0.23552,0.35292,0.049538,29,10.801,25.625,37,26.075,26.075,37,25.625,10.801,29.963,-17.958,-15.125,-5.1007,0.066986,3.7212,-2.13,-1.373,-3.3146,-0.95683,7.4065,-2.4369,-6.322,1.8632,-2.197,-1.5153,0.75997,9,14,0,0.60417,20.329,1,0.27341,0.029383,0.047083,0.020176,0.042752,0.10641,0.025126,0.19502,0.0059398,0.5,0.1746,0.12143,0.087302,0.095238,110,3.3175,32.444,39.509,84.609,84.609,39.509,32.444,3.3175,72.398,31.989,24.573,-34.113,-1.8045,2.2876,-6.0502,-2.3489,-6.0526,5.8249,-8.401,4.2127,9.3606,1.4548,0.74886,2.3696,-2.5676,25,24,1,2.2917,78.764,1,0.21728,0.028283,0.094812,0.2127,0.211,0.13259,0.093698,0.12938,0.12716,0.54182,0.12444,0.22,0.097778,0.053333,31.222,1.4248,0.69025,0.49333,0.38788,0.38788,0.49333,0.69025,1.4248,6.9825,0.062499,-0.036776,0.23791,2.2698,2.3468,1.9781,2.5803,2.6226,0.017503,-0.31257,0.44032,0.037163,0.20309,-0.30995,0.14064,-0.098757,1.0635,0.12988,0.78931,0.65046,0.13109,1,0.73636,0.45956,0.20813,0.0033069,0.11105,0.090374,0.070514,0.090173,0.08685,0.10681,0.77247,0.76768,0.66488,0.92975,30.896,0.011175,0.080701,0.42835,0.51952,0.51952,0.42835,0.080701,0.011175,4.3052,-2.3283,-2.335,-2.3552,-2.251,-1.72,-1.9202,-1.2007,-0.98163,-0.0079112,-0.051117,-0.31503,0.084654,0.021837,-0.029723,0.080283,-0.016493,0.29736,1.0439,0.65454,0.64366,0.034578,1,0.71287,0.54121,0.3857,0.23521,0.095386,0.003809,0.02341,0.055513,0.041931,0.78119,0.76302,0.59051,0.57738,0.33702,228.17,0.76113,0.32644,0.25981,0.19953,0.19953,0.25981,0.32644,0.76113,3.8412,14.083,14.087,13.735,13.723,13.71,13.358,12.846,12.833,-0.00249,0.0051306,-0.024454,0.003607,0.046441,-0.12683,0.0011355,-0.0036758,4.9807,4.5191,4.8322,4.7535,0.021463,1,0.80507,0.65882,0.52277,0.38649,0.16693,0.047144,0.040669,0.11175,0.16115,0.98192,0.9738,0.9685,0.92863,0.91139,327.36,0.75596,0.25395,0.26625,0.19228,0.19228,0.26625,0.25395,0.75596,2.0298,18.566,18.573,19.101,19.152,19.266,19.235,19.692,19.703,-0.0017226,0.023215,0.029304,-0.027359,0.013595,0.073894,0.0062352,-0.0024688,6.9796,6.5578,6.7949,6.8201,0.011104,1,0.65051,0.45496,0.31165,0.21381,0.10067,0.065162,0.054946,0.01184,0.038857,0.96054,0.97074,0.97557,0.98424,0.99851
107.63,84.615,29.952,63.521,20.451,20.451,63.521,29.952,84.615,130.37,6.7474,15.672,-27.13,-15.736,-3.5508,6.1876,4.0016,-6.9412,-3.2168,22.663,-31.296,1.5914,-21.56,20.079,-32.016,22.212,30.375,33.063,0.4375,2.2422,141.56,1,0.24516,0.15221,0.35061,0.32887,0.029362,0.063895,0.14995,0.12504,0.071333,0.29936,0.28817,0.11134,0.34342,0.34405,107.63,84.615,29.952,63.521,20.451,20.451,63.521,29.952,84.615,130.37,6.7474,15.672,-27.13,-15.736,-3.5508,6.1876,4.0016,-6.9412,-3.2168,22.663,-31.296,1.5914,-21.56,20.079,-32.016,22.212,30.375,33.063,0.4375,2.2422,141.56,1,0.24516,0.15221,0.35061,0.32887,0.029362,0.063895,0.14995,0.12504,0.071333,0.29936,0.28817,0.11134,0.34342,0.34405,107.63,84.615,29.952,63.521,20.451,20.451,63.521,29.952,84.615,130.37,6.7474,15.672,-27.13,-15.736,-3.5508,6.1876,4.0016,-6.9412,-3.2168,22.663,-31.296,1.5914,-21.56,20.079,-32.016,22.212,30.375,33.063,0.4375,2.2422,141.56,1,0.24516,0.15221,0.35061,0.32887,0.029362,0.063895,0.14995,0.12504,0.071333,0.29936,0.28817,0.11134,0.34342,0.34405,164.69,79.132,14.888,33.073,19.981,19.981,33.073,14.888,79.132,238.21,-17.274,-21.44,54.502,11.979,12.41,-32.958,4.7822,30.703,-0.43996,-17.003,18.524,-4.7526,31.251,-24.17,4.2198,2.0817,40.438,37,3.8438,3.431,212.44,1,0.23773,0.1561,0.17981,0.17951,0.11509,0.0074014,0.084049,0.11009,0.046499,0.32542,0.17603,0.067233,0.48308,0.24077,164.69,79.132,14.888,33.073,19.981,19.981,33.073,14.888,79.132,238.21,-17.274,-21.44,54.502,11.979,12.41,-32.958,4.7822,30.703,-0.43996,-17.003,18.524,-4.7526,31.251,-24.17,4.2198,2.0817,40.438,37,3.8438,3.431,212.44,1,0.23773,0.1561,0.17981,0.17951,0.11509,0.0074014,0.084049,0.11009,0.046499,0.32542,0.17603,0.067233,0.48308,0.24077,164.69,79.132,14.888,33.073,19.981,19.981,33.073,14.888,79.132,238.21,-17.274,-21.44,54.502,11.979,12.41,-32.958,4.7822,30.703,-0.43996,-17.003,18.524,-4.7526,31.251,-24.17,4.2198,2.0817,40.438,37,3.8438,3.431,212.44,1,0.23773,0.1561,0.17981,0.17951,0.11509,0.0074014,0.084049,0.11009,0.046499,0.32542,0.17603,0.067233,0.48308,0.24077,34,5.4658,24.999,19.698,23.91,23.91,19.698,24.999,5.4658,23.002,1.5328,-2.5253,-4.0267,-0.067028,1.3328,-2.7515,-1.807,-2.3585,2.3942,-7.2218,3.6585,-3.4975,2.9041,1.2318,0.61021,-0.57886,11,13,1,0.70833,17.147,1,0.33792,0.28889,0.014461,0.28458,0.30242,0.17452,0.024179,0.035221,0.090416,0.28671,0.38462,0.21538,0.08547,0.068376,17,37.241,67.698,51.069,37.802,37.802,51.069,67.698,37.241,28.206,-5.7002,-4.6554,-0.96132,2.1882,5.9186,0.47429,-0.55676,-0.80099,-1.3218,-0.4753,-1.6235,-1.0701,19.918,0.33219,1.1498,-0.92808,28,27,0,0.35417,57.595,1,0.022119,0.0014785,0.068094,0.042361,0.048811,0.0085559,0.056903,0.14728,0.072887,0.19481,0.075397,0.25714,0.22222,0.031746,27.423,0.49362,0.41648,0.56764,0.51654,0.51654,0.56764,0.41648,0.49362,10.312,1.3919,1.3688,-0.40335,1.1808,2.3927,2.3313,2.2147,2.4413,-0.0054225,-0.10432,-0.64916,0.47514,0.0003048,0.0062804,-0.097578,0.1209,1.0601,0.1958,0.79883,0.57132,0.15104,1,0.79801,0.58877,0.35986,0.15613,0.065802,0.13851,0.16305,0.1681,0.17657,0.19534,0.43851,0.78291,0.76534,0.75771,32.536,1.7586,0.2241,0.060828,0.20507,0.20507,0.060828,0.2241,1.7586,3.3342,-2.6341,-2.6507,-1.9356,-2.5813,-1.8713,-1.6098,-1.748,-1.204,0.028241,0.031378,0.21328,-0.051182,0.062082,0.073706,0.13958,0.0047255,0.34766,1.0688,0.63989,0.67783,0.026697,1,0.48997,0.18741,0.097987,0.050536,0.12227,0.20096,0.20072,0.062902,0.039502,0.71876,0.82229,0.58561,0.54388,0.48688,223.7,0.96247,0.43626,0.38724,0.36957,0.36957,0.38724,0.43626,0.96247,3.2727,13.883,13.9,13.744,13.323,13.227,13.369,12.747,11.965,-0.0035983,0.051166,-0.045404,-0.00088137,-0.04352,0.20002,-0.23772,0.021431,4.9142,4.1922,4.691,4.6604,0.039013,1,0.70396,0.44046,0.2168,0.06596,0.025707,0.01694,0.00057941,0.0038002,0.0020667,0.99191,0.95821,0.95253,0.95306,0.87594,326.29,0.91029,0.46447,0.42051,0.3893,0.3893,0.42051,0.46447,0.91029,2.5858,18.455,18.439,18.608,19.18,19.272,19.196,19.461,20.376,0.00016726,-0.056323,0.092711,-0.0050114,0.049088,-0.28035,0.2206,0.018728,7.2273,6.5239,6.7975,6.7977,0.035135,1,0.65802,0.36394,0.12929,0.00094507,0.007495,0.035458,0.040959,0.020462,0.0019052,0.90797,0.93862,0.9431,0.93748,0.98263
8.6875,158.8,64.131,53.221,48.807,48.807,53.221,64.131,158.8,209.93,19.501,23.466,25.488,-43.158,-6.1979,-0.20737,5.3742,-14.845,-0.77244,12.243,10.099,-0.77441,-2.7452,5.6922,58.032,-48.457,40.688,28.063,0.5625,0.18099,178.88,1,0.047215,0.0071693,0.0022141,0.071282,0.11558,0.19326,0.092566,0.027965,0.038057,0.22092,0.35637,0.05361,0.025602,0.44683,8.6875,158.8,64.131,53.221,48.807,48.807,53.221,64.131,158.8,209.93,19.501,23.466,25.488,-43.158,-6.1979,-0.20737,5.3742,-14.845,-0.77244,12.243,10.099,-0.77441,-2.7452,5.6922,58.032,-48.457,40.688,28.063,0.5625,0.18099,178.88,1,0.047215,0.0071693,0.0022141,0.071282,0.11558,0.19326,0.092566,0.027965,0.038057,0.22092,0.35637,0.05361,0.025602,0.44683,8.6875,158.8,64.131,53.221,48.807,48.807,53.221,64.131,158.8,209.93,19.501,23.466,25.488,-43.158,-6.1979,-0.20737,5.3742,-14.845,-0.77244,12.243,10.099,-0.77441,-2.7452,5.6922,58.032,-48.457,40.688,28.063,0.5625,0.18099,178.88,1,0.047215,0.0071693,0.0022141,0.071282,0.11558,0.19326,0.092566,0.027965,0.038057,0.22092,0.35637,0.05361,0.025602,0.44683,9.3125,230.84,38.81,57.323,41.779,41.779,57.323,38.81,230.84,291.06,-69.815,-61.2,-13.086,59.772,1.0017,5.6826,-23.052,18.728,-1.411,27.483,26.486,-17.531,-4.4961,9.3339,-72.279,63.749,47.75,57.563,0.4375,0.19401,331.59,1,0.06943,0.17481,0.01658,0.0038649,0.13153,0.099351,0.068375,0.0043118,0.048937,0.17254,0.346,0.029207,0.039329,0.4068,9.3125,230.84,38.81,57.323,41.779,41.779,57.323,38.81,230.84,291.06,-69.815,-61.2,-13.086,59.772,1.0017,5.6826,-23.052,18.728,-1.411,27.483,26.486,-17.531,-4.4961,9.3339,-72.279,63.749,47.75,57.563,0.4375,0.19401,331.59,1,0.06943,0.17481,0.01658,0.0038649,0.13153,0.099351,0.068375,0.0043118,0.048937,0.17254,0.346,0.029207,0.039329,0.4068,9.3125,230.84,38.81,57.323,41.779,41.779,57.323,38.81,230.84,291.06,-69.815,-61.2,-13.086,59.772,1.0017,5.6826,-23.052,18.728,-1.411,27.483,26.486,-17.531,-4.4961,9.3339,-72.279,63.749,47.75,57.563,0.4375,0.19401,331.59,1,0.06943,0.17481,0.01658,0.0038649,0.13153,0.099351,0.068375,0.0043118,0.048937,0.17254,0.346,0.029207,0.039329,0.4068,81,64.169,55.306,43.509,23.116,23.116,43.509,55.306,64.169,44.261,12.837,15.13,-19.125,-4.3953,-7.664,-0.23684,-3.8107,-1.301,-4.1166,-5.0653,5.6753,-4.0459,4.3916,0.49163,0.6895,-0.013003,11,23,1,1.6875,41.368,1,0.016416,0.27062,0.18785,0.023404,0.024245,0.18092,0.075027,0.004432,0.071338,0.41502,0.10145,0.14783,0.10145,0.057971,82,108.46,75.256,27.074,94.18,94.18,27.074,75.256,108.46,24.424,-15.132,-14.018,1.8116,-6.6415,-2.8977,-14.395,0.71121,-6.0428,-1.721,-1.5378,-8.1856,-3.1706,5.8623,-6.8246,0.053402,-1.4229,30,26,2.5,1.7083,92.722,1,0.10675,0.060209,0.15499,0.0068685,0.1248,0.066427,0.097575,0.062776,0.096164,0.18788,0.24815,0.19,0.36296,0.17037,26.053,1.0067,1.1859,0.84802,0.35268,0.35268,0.84802,1.1859,1.0067,13.281,0.017902,-0.027574,-0.74059,0.84133,2.5736,2.2373,2.6644,2.619,0.030128,-0.070015,-0.45389,0.30048,0.13238,-0.042251,0.014519,-0.020382,0.99756,0.2583,0.82739,0.54277,0.22705,1,0.86012,0.70692,0.52019,0.33368,0.082893,0.046054,0.12315,0.15158,0.17905,0.1731,0.36613,0.90695,0.82232,0.95508,30.615,0.87803,0.62716,0.24716,0.21937,0.21937,0.24716,0.62716,0.87803,6.2805,-2.364,-2.3245,-2.3553,-2.6043,-1.8063,-1.493,-1.0942,-1.0319,-0.031135,0.044463,0.28661,-0.13752,-0.04651,0.040722,0.01407,0.0020059,0.32813,1.1035,0.62402,0.63782,0.048348,1,0.73227,0.58717,0.49814,0.42874,0.29438,0.13769,0.015369,0.15847,0.19542,0.76126,0.78505,0.54823,0.4267,0.33127,223.09,0.39661,0.18964,0.18466,0.17036,0.17036,0.18466,0.18964,0.39661,2.2926,13.447,13.449,13.573,13.265,12.912,13.007,13.066,12.737,-0.002662,-0.00064317,0.10989,-0.1213,0.015642,-0.0068671,0.064941,-0.11685,4.7975,4.467,4.6078,4.6477,0.0087958,1,0.75962,0.58078,0.40327,0.22802,0.0010847,0.11154,0.18215,0.20521,0.18077,0.99619,0.97669,0.95328,0.95969,0.9537,322.39,0.30872,0.12515,0.14757,0.12019,0.12019,0.14757,0.12515,0.30872,3.4238,18.645,18.637,18.443,18.866,19.274,19.222,19.265,19.107,0.0070734,-0.003941,-0.16751,0.12582,-0.016182,-0.013836,-0.10348,0.046692,6.8323,6.5143,6.7937,6.7165,0.01361,1,0.8314,0.66025,0.47203,0.28322,0.026686,0.10201,0.17978,0.22029,0.23828,0.95873,0.9766,0.99674,0.99576,0.99132
28,197.77,36.968,42.698,53.146,53.146,42.698,36.968,197.77,146.75,15.894,5.3284,21.872,-37.41,-27.146,73.276,-22.306,-5.6018,2.9254,-29.75,26.159,-12.368,-50.235,-6.561,-25.438,22.845,53,33.125,2.7188,0.58333,365.02,1,0.1586,0.13387,0.11749,0.28724,0.24282,0.16297,0.2104,0.20635,0.025944,0.186,0.32036,0.12724,0.4903,0.21292,28,197.77,36.968,42.698,53.146,53.146,42.698,36.968,197.77,146.75,15.894,5.3284,21.872,-37.41,-27.146,73.276,-22.306,-5.6018,2.9254,-29.75,26.159,-12.368,-50.235,-6.561,-25.438,22.845,53,33.125,2.7188,0.58333,365.02,1,0.1586,0.13387,0.11749,0.28724,0.24282,0.16297,0.2104,0.20635,0.025944,0.186,0.32036,0.12724,0.4903,0.21292,28,197.77,36.968,42.698,53.146,53.146,42.698,36.968,197.77,146.75,15.894,5.3284,21.872,-37.41,-27.146,73.276,-22.306,-5.6018,2.9254,-29.75,26.159,-12.368,-50.235,-6.561,-25.438,22.845,53,33.125,2.7188,0.58333,365.02,1,0.1586,0.13387,0.11749,0.28724,0.24282,0.16297,0.2104,0.20635,0.025944,0.186,0.32036,0.12724,0.4903,0.21292,2.0625,468.35,133.57,27.545,130.01,130.01,27.545,133.57,468.35,215.93,-58.141,-55.784,-18.644,64.161,26.212,-87.564,38.67,-6.967,0.74171,11.253,22.605,6.0792,72.32,80.221,-9.8719,-1.7998,60.125,111.63,1.0625,0.042969,869.35,1,0.19033,0.22773,0.025763,0.019597,0.14468,0.1154,0.079771,0.10005,0.089884,0.093352,0.19472,0.041321,0.44961,0.045913,2.0625,468.35,133.57,27.545,130.01,130.01,27.545,133.57,468.35,215.93,-58.141,-55.784,-18.644,64.161,26.212,-87.564,38.67,-6.967,0.74171,11.253,22.605,6.0792,72.32,80.221,-9.8719,-1.7998,60.125,111.63,1.0625,0.042969,869.35,1,0.19033,0.22773,0.025763,0.019597,0.14468,0.1154,0.079771,0.10005,0.089884,0.093352,0.19472,0.041321,0.44961,0.045913,2.0625,468.35,133.57,27.545,130.01,130.01,27.545,133.57,468.35,215.93,-58.141,-55.784,-18.644,64.161,26.212,-87.564,38.67,-6.967,0.74171,11.253,22.605,6.0792,72.32,80.221,-9.8719,-1.7998,60.125,111.63,1.0625,0.042969,869.35,1,0.19033,0.22773,0.025763,0.019597,0.14468,0.1154,0.079771,0.10005,0.089884,0.093352,0.19472,0.041321,0.44961,0.045913,139,87.682,88.556,43,59.675,59.675,43,88.556,87.682,114.85,12.368,-5.0348,-28.048,-5.5963,3.8948,-3.7476,-1.724,-2.6031,13.681,-19.672,-6.4628,-6.4256,-2.2758,-0.47646,0.47588,-0.54333,19,47,1,2.8958,102.22,1,0.16476,0.18618,0.044461,0.075131,0.034587,0.064212,0.11793,0.17313,0.028751,0.30174,0.14657,0.059574,0.023641,0.021277,15,48.443,9.2015,36.661,73.704,73.704,36.661,9.2015,48.443,27.299,21.174,18.775,6.6669,-6.3938,5.7823,-2.987,-0.63168,-5.078,3.5862,2.9132,25.021,1.3584,-1.9387,-1.2019,0.21447,-1.0737,33,25,1,0.3125,72.858,1,0.24749,0.064444,0.046854,0.045247,0.1093,0.10013,0.10688,0.16732,0.0075334,0.18457,0.39394,0.15455,0.040404,0.03367,29.719,0.67402,0.24104,0.47209,0.41801,0.41801,0.47209,0.24104,0.67402,11.326,0.3904,0.3403,-0.47518,1.6935,2.3868,2.4732,2.6753,2.6288,0.026529,-0.099182,-0.48821,0.3029,-0.14441,0.12757,-0.034789,0.017055,1.1021,0.16309,0.83276,0.61914,0.18242,1,0.82607,0.64159,0.43348,0.24429,0.017097,0.079071,0.10176,0.11208,0.10934,0.095179,0.53936,0.74577,0.84744,0.83892,29.263,1.2396,0.77025,0.32404,0.37371,0.37371,0.32404,0.77025,1.2396,6.5411,-2.3031,-2.2725,-2.3076,-2.5087,-1.7653,-1.2523,-1.0636,-0.99524,-0.018905,0.051651,0.079661,0.078984,-0.0040503,0.055712,-0.0016019,0.015211,0.30469,1.0503,0.5813,0.60965,0.0472,1,0.76515,0.69682,0.59366,0.49839,0.26422,0.1123,0.017093,0.15636,0.28002,0.77554,0.81347,0.56002,0.36324,0.34893,220.53,0.55401,0.31292,0.22845,0.23792,0.23792,0.22845,0.31292,0.55401,3.1597,13.365,13.372,13.457,13.28,12.961,12.876,12.712,12.234,-0.0031043,0.014853,0.042262,-0.022509,-0.039744,0.10747,-0.054398,-0.056252,4.7569,4.3122,4.5779,4.5943,0.016876,1,0.7771,0.60831,0.45211,0.3281,0.20457,0.14685,0.077543,0.0013455,0.065269,0.99791,0.98564,0.96031,0.95568,0.92307,322.85,0.92736,0.38602,0.19034,0.30371,0.30371,0.19034,0.38602,0.92736,3.2763,18.613,18.609,18.415,18.747,19.281,19.158,19.235,19.753,0.0051572,0.00044737,-0.13506,0.076458,0.089476,-0.29241,0.077283,0.04684,6.9936,6.497,6.7686,6.726,0.023515,1,0.71987,0.49862,0.31207,0.14573,0.0095438,0.010904,0.020137,0.052572,0.055528,0.93484,0.9487,0.9754,0.96341,0.99083
31,105.04,80.833,44.085,20.24,20.24,44.085,80.833,105.04,62.38,17.813,13.298,24.501,-39.539,2.1692,19.028,-10.648,-13.338,-1.9816,-23.409,-0.20137,7.6998,73.783,-5.0413,0.43225,-0.88054,57.25,35,1.875,0.64583,279.17,1,0.1307,0.062125,0.041054,0.17985,0.15042,0.31725,0.11713,0.11351,0.15777,0.16892,0.28324,0.23504,0.22259,0.083333,31,105.04,80.833,44.085,20.24,20.24,44.085,80.833,105.04,62.38,17.813,13.298,24.501,-39.539,2.1692,19.028,-10.648,-13.338,-1.9816,-23.409,-0.20137,7.6998,73.783,-5.0413,0.43225,-0.88054,57.25,35,1.875,0.64583,279.17,1,0.1307,0.062125,0.041054,0.17985,0.15042,0.31725,0.11713,0.11351,0.15777,0.16892,0.28324,0.23504,0.22259,0.083333,31,105.04,80.833,44.085,20.24,20.24,44.085,80.833,105.04,62.38,17.813,13.298,24.501,-39.539,2.1692,19.028,-10.648,-13.338,-1.9816,-23.409,-0.20137,7.6998,73.783,-5.0413,0.43225,-0.88054,57.25,35,1.875,0.64583,279.17,1,0.1307,0.062125,0.041054,0.17985,0.15042,0.31725,0.11713,0.11351,0.15777,0.16892,0.28324,0.23504,0.22259,0.083333,155.75,56.9,82.485,25.695,41.735,41.735,25.695,82.485,56.9,157.47,-37.236,-41.755,-1.6121,60.256,-3.038,13.864,11.979,-12.395,3.7482,-4.4605,52.107,-32.742,-72.089,28.961,-8.0654,1.1719,44.625,36.188,1.375,3.2448,336.25,1,0.17821,0.18947,0.24087,0.24029,0.20717,0.23946,0.21598,0.043251,0.26578,0.24395,0.53486,0.30518,0.42079,0.10987,155.75,56.9,82.485,25.695,41.735,41.735,25.695,82.485,56.9,157.47,-37.236,-41.755,-1.6121,60.256,-3.038,13.864,11.979,-12.395,3.7482,-4.4605,52.107,-32.742,-72.089,28.961,-8.0654,1.1719,44.625,36.188,1.375,3.2448,336.25,1,0.17821,0.18947,0.24087,0.24029,0.20717,0.23946,0.21598,0.043251,0.26578,0.24395,0.53486,0.30518,0.42079,0.10987,155.75,56.9,82.485,25.695,41.735,41.735,25.695,82.485,56.9,157.47,-37.236,-41.755,-1.6121,60.256,-3.038,13.864,11.979,-12.395,3.7482,-4.4605,52.107,-32.742,-72.089,28.961,-8.0654,1.1719,44.625,36.188,1.375,3.2448,336.25,1,0.17821,0.18947,0.24087,0.24029,0.20717,0.23946,0.21598,0.043251,0.26578,0.24395,0.53486,0.30518,0.42079,0.10987,123,26.183,24.557,34.641,56.493,56.493,34.641,24.557,26.183,100.95,-36.295,-39.541,-22.72,4.202,-1.6277,-2.7653,-1.8664,-1.0907,-0.97882,-15.354,-2.9373,-2.703,-2.5217,0.97734,-2.824,2.3154,9,32,1,2.5625,58.507,1,0.44655,0.39788,0.005033,0.10377,0.15682,0.10548,0.0091597,0.065871,0.09683,0.41761,0.11806,0.0875,0.03125,0.045139,19,54.733,33.35,52.431,70.104,70.104,52.431,33.35,54.733,43.078,-16.327,-13.925,6.1578,5.7544,3.2623,0.081617,-3.1792,-3.3351,-3.2957,-1.9409,-11.46,0.54012,-0.76547,-2.339,2.6429,-2.0503,27,16,1,0.39583,43.393,1,0.18198,0.031242,0.21457,0.0044774,0.13502,0.10185,0.045205,0.10814,0.15597,0.23232,0.28395,0.14815,0.053498,0.041152,26.452,0.42295,0.12442,0.26142,0.38626,0.38626,0.26142,0.12442,0.42295,13.848,2.8361,2.9457,2.1262,-0.16758,-0.23617,2.4104,2.4762,2.4875,-0.01738,0.3517,-0.078102,-0.35973,-0.0011289,-0.023001,0.049769,-0.035706,1.1011,0.24219,0.8374,0.55108,0.21151,1,0.81199,0.58821,0.32812,0.077144,0.25294,0.41053,0.51945,0.56428,0.52979,0.74743,0.15664,0.2451,0.8476,0.80764,33.274,0.62971,0.25653,0.045405,0.085767,0.085767,0.045405,0.25653,0.62971,5.0677,-1.2312,-1.1852,-2.273,-2.3486,-2.3491,-2.1386,-1.3605,-1.4593,-0.015598,0.12008,-0.16782,-0.006021,-0.23632,0.072173,0.073331,-0.07623,0.43652,1.0557,0.76489,0.69322,0.031828,1,0.63368,0.4039,0.22025,0.035111,0.054196,0.11051,0.17226,0.17898,0.17684,0.64591,0.80178,0.78538,0.59014,0.4482,214.96,0.47369,0.26839,0.1903,0.1758,0.1758,0.1903,0.26839,0.47369,2.8559,13.133,13.14,13.208,12.781,12.574,12.628,12.298,12.124,-0.0023484,0.016285,0.058339,-0.075536,0.032496,-0.011616,-0.011468,-0.0268,4.6668,4.2803,4.4606,4.4784,0.015401,1,0.81204,0.64744,0.46756,0.28949,0.075224,0.0054229,0.02963,0.018573,0.0062593,0.99797,0.96803,0.95394,0.94699,0.92332,325.44,0.42311,0.26709,0.22875,0.1784,0.1784,0.22875,0.26709,0.42311,3.9561,18.661,18.656,18.397,19.017,19.348,19.163,19.737,19.837,0.0049213,-0.0017398,-0.11031,0.06996,-0.034496,0.050224,0.015663,0.0086319,7.0158,6.5058,6.8215,6.7799,0.029532,1,0.81128,0.62265,0.42822,0.24003,0.017248,0.054391,0.049062,0.0050293,0.039686,0.93204,0.95875,0.97278,0.9764,0.99888
155.69,100.44,91.332,4.3252,23.245,23.245,4.3252,91.332,100.44,110.4,47.008,60.51,-20.951,-7.3761,-3.2533,-27.619,-17.407,-17.312,-10.445,15.824,5.3729,24.608,-27.326,-8.9376,7.3616,-5.6026,39.625,28.313,2.3438,3.2435,172.49,1,0.092882,0.20649,0.26839,0.066675,0.049511,0.15533,0.0039618,0.20824,0.25564,0.36034,0.17315,0.29874,0.23554,0.1034,155.69,100.44,91.332,4.3252,23.245,23.245,4.3252,91.332,100.44,110.4,47.008,60.51,-20.951,-7.3761,-3.2533,-27.619,-17.407,-17.312,-10.445,15.824,5.3729,24.608,-27.326,-8.9376,7.3616,-5.6026,39.625,28.313,2.3438,3.2435,172.49,1,0.092882,0.20649,0.26839,0.066675,0.049511,0.15533,0.0039618,0.20824,0.25564,0.36034,0.17315,0.29874,0.23554,0.1034,155.69,100.44,91.332,4.3252,23.245,23.245,4.3252,91.332,100.44,110.4,47.008,60.51,-20.951,-7.3761,-3.2533,-27.619,-17.407,-17.312,-10.445,15.824,5.3729,24.608,-27.326,-8.9376,7.3616,-5.6026,39.625,28.313,2.3438,3.2435,172.49,1,0.092882,0.20649,0.26839,0.066675,0.049511,0.15533,0.0039618,0.20824,0.25564,0.36034,0.17315,0.29874,0.23554,0.1034,80.75,56.494,45.998,58.92,28.782,28.782,58.92,45.998,56.494,362.1,-35.012,-26.427,-29.657,-26.79,47.544,48.742,1.0812,-16.829,-2.8257,22.689,-22.802,-22.301,32.819,11.403,4.4093,-7.0326,41.813,27.313,0.8125,1.6823,225.4,1,0.53102,0.31298,0.23872,0.098319,0.15588,0.34715,0.47553,0.42731,0.26035,0.2643,0.18917,0.51584,0.20163,0.1347,80.75,56.494,45.998,58.92,28.782,28.782,58.92,45.998,56.494,362.1,-35.012,-26.427,-29.657,-26.79,47.544,48.742,1.0812,-16.829,-2.8257,22.689,-22.802,-22.301,32.819,11.403,4.4093,-7.0326,41.813,27.313,0.8125,1.6823,225.4,1,0.53102,0.31298,0.23872,0.098319,0.15588,0.34715,0.47553,0.42731,0.26035,0.2643,0.18917,0.51584,0.20163,0.1347,80.75,56.494,45.998,58.92,28.782,28.782,58.92,45.998,56.494,362.1,-35.012,-26.427,-29.657,-26.79,47.544,48.742,1.0812,-16.829,-2.8257,22.689,-22.802,-22.301,32.819,11.403,4.4093,-7.0326,41.813,27.313,0.8125,1.6823,225.4,1,0.53102,0.31298,0.23872,0.098319,0.15588,0.34715,0.47553,0.42731,0.26035,0.2643,0.18917,0.51584,0.20163,0.1347,50,53.845,63.897,56.427,59.977,59.977,56.427,63.897,53.845,23.902,-9.3939,-12.742,-3.7268,-4.106,6.7819,-18.815,13.127,-3.1248,1.0874,-8.8948,-23.429,7.4487,7.9972,-2.927,-14.949,8.091,40,26,2,1.0417,144,1,0.060721,0.093537,0.20721,0.34253,0.025497,0.077975,0.18267,0.086925,0.031338,0.24773,0.30556,0.18,0.20556,0.14722,4,29.364,90.985,22.605,19.782,19.782,22.605,90.985,29.364,15.978,11.888,11.969,2.3625,0.74554,-5.0773,1.8927,-2.4054,-7.2727,0.64863,2.4493,-7.3038,-2.0825,5.5766,0.045781,1.6176,-2.2314,13,16,0.5,0.083333,23.312,1,0.18393,0.17832,0.43486,0.28752,0.020992,0.14761,0.053722,0.047878,0.20328,0.28977,0.34722,0.20625,0.15972,0.17361,13.921,0.89629,0.307,0.17228,0.37455,0.37455,0.17228,0.307,0.89629,16.294,2.8166,2.9157,1.0097,-0.94777,-1.1168,1.417,2.1542,2.0323,-0.02569,0.28478,-0.12262,-0.22524,-0.42533,0.29586,-0.09135,0.044829,1.0034,0.48926,0.38623,0.29002,0.2638,1,0.80028,0.59351,0.38091,0.16453,0.14798,0.32946,0.47119,0.5505,0.55787,0.54019,0.3222,0.2508,0.73988,0.7163,38.458,0.61925,0.31721,0.14797,0.66084,0.66084,0.14797,0.31721,0.61925,2.4898,-1.6268,-1.6857,-2.6152,-2.3787,-2.2491,-2.6988,-2.1071,-1.2781,0.025557,-0.13546,0.096365,-0.092948,0.13523,0.10342,0.00092289,0.16893,0.42529,1.1284,0.81763,0.80122,0.02352,1,0.31263,0.050569,0.052356,0.0032812,0.077811,0.15958,0.14476,0.093587,0.022834,0.75261,0.74061,0.72432,0.78831,0.53329,214.02,0.14575,0.059921,0.027396,0.023714,0.023714,0.027396,0.059921,0.14575,3.8579,12.274,12.314,12.886,12.998,12.888,12.464,12.208,12.13,-0.021191,0.079166,0.012237,0.044845,0.0054454,-0.034507,-0.011332,-0.007445,4.5959,4.2872,4.49,4.4588,0.014142,1,0.82425,0.699,0.55623,0.40742,0.16077,0.0039876,0.15156,0.28111,0.381,0.98093,0.99878,0.98392,0.94812,0.93513,323.6,0.19346,0.086209,0.052568,0.015437,0.015437,0.052568,0.086209,0.19346,5.8358,19.445,19.415,18.857,18.478,18.517,19.276,19.689,19.723,0.024319,-0.030325,-0.047873,-0.08028,0.0046495,0.067737,0.0071961,0.0015674,6.9748,6.5106,6.7159,6.7417,0.030931,1,0.86027,0.72913,0.56174,0.37526,0.076244,0.1064,0.26127,0.38945,0.47467,0.96256,0.93736,0.94738,0.98904,0.9996
85.313,144.06,60.247,40.132,157.27,157.27,40.132,60.247,144.06,115.61,52.913,42.002,-35.082,-21.115,44.459,-15.296,-16.944,82.59,4.5797,-25.565,5.7457,-23.318,13.981,12.794,63.884,-28.421,63.688,34.5,0.5625,1.7773,452.57,1,0.13921,0.11816,0.091674,0.10121,0.20723,0.1487,0.012279,0.10319,0.12258,0.20037,0.12703,0.2474,0.15484,0.48163,85.313,144.06,60.247,40.132,157.27,157.27,40.132,60.247,144.06,115.61,52.913,42.002,-35.082,-21.115,44.459,-15.296,-16.944,82.59,4.5797,-25.565,5.7457,-23.318,13.981,12.794,63.884,-28.421,63.688,34.5,0.5625,1.7773,452.57,1,0.13921,0.11816,0.091674,0.10121,0.20723,0.1487,0.012279,0.10319,0.12258,0.20037,0.12703,0.2474,0.15484,0.48163,85.313,144.06,60.247,40.132,157.27,157.27,40.132,60.247,144.06,115.61,52.913,42.002,-35.082,-21.115,44.459,-15.296,-16.944,82.59,4.5797,-25.565,5.7457,-23.318,13.981,12.794,63.884,-28.421,63.688,34.5,0.5625,1.7773,452.57,1,0.13921,0.11816,0.091674,0.10121,0.20723,0.1487,0.012279,0.10319,0.12258,0.20037,0.12703,0.2474,0.15484,0.48163,97.375,258.87,112.89,4.7685,108.04,108.04,4.7685,112.89,258.87,254.46,-30.692,-24.624,-24.619,11.863,-5.0196,56.312,-72.077,77.99,-4.6492,7.2614,3.5953,4.4845,25.876,28.143,-85.715,96.17,53.5,86.125,0.59375,2.0286,545.88,1,0.0093589,0.19653,0.074822,0.035624,0.18568,0.16306,0.073957,0.12983,0.033406,0.088204,0.049831,0.10486,0.10402,0.4817,97.375,258.87,112.89,4.7685,108.04,108.04,4.7685,112.89,258.87,254.46,-30.692,-24.624,-24.619,11.863,-5.0196,56.312,-72.077,77.99,-4.6492,7.2614,3.5953,4.4845,25.876,28.143,-85.715,96.17,53.5,86.125,0.59375,2.0286,545.88,1,0.0093589,0.19653,0.074822,0.035624,0.18568,0.16306,0.073957,0.12983,0.033406,0.088204,0.049831,0.10486,0.10402,0.4817,97.375,258.87,112.89,4.7685,108.04,108.04,4.7685,112.89,258.87,254.46,-30.692,-24.624,-24.619,11.863,-5.0196,56.312,-72.077,77.99,-4.6492,7.2614,3.5953,4.4845,25.876,28.143,-85.715,96.17,53.5,86.125,0.59375,2.0286,545.88,1,0.0093589,0.19653,0.074822,0.035624,0.18568,0.16306,0.073957,0.12983,0.033406,0.088204,0.049831,0.10486,0.10402,0.4817,181,192.41,132.8,110.26,60.835,60.835,110.26,132.8,192.41,149.79,-11.954,-17.7,26.542,27.039,22.768,-5.9722,4.5291,-1.7686,0.69147,-19.155,-28.69,-0.91655,-5.605,-4.4213,-1.4458,-0.1846,66,43,0.5,3.7708,386.65,1,0.034916,0.10567,0.12623,0.072435,0.080227,0.052747,0.09231,0.074303,0.051527,0.15014,0.44613,0.17273,0.089226,0.063973,118,119.6,18.433,71.631,94.858,94.858,71.631,18.433,119.6,25.806,2.0699,1.7698,-1.5823,-9.3088,-7.7298,-2.7554,-18.814,-2.3865,-1.1057,-4.7792,10.138,13.314,8.3841,13.736,2.6657,1.3258,17,33,1,2.4583,115.62,1,0.014545,0.017684,0.1459,0.075994,0.04391,0.1025,0.041846,0.19153,0.037518,0.14601,0.22222,0.28788,0.41414,0.17172,21.221,0.36917,0.063375,0.38814,0.36815,0.36815,0.38814,0.063375,0.36917,14.774,2.8354,2.9669,1.4396,-0.71392,-0.3582,2.232,2.314,2.2223,-0.027483,0.39966,-0.20553,-0.24217,0.30129,-0.024794,-0.010637,-0.010628,1.041,0.36035,0.71411,0.4421,0.23524,1,0.8077,0.58161,0.34225,0.11344,0.19812,0.35478,0.46919,0.53018,0.53251,0.63005,0.22957,0.28138,0.81853,0.77455,36.271,0.44906,0.28703,0.86567,0.24206,0.24206,0.86567,0.28703,0.44906,3.7366,-1.2301,-1.2312,-2.597,-2.3479,-2.3814,-2.2823,-1.6652,-1.7839,0.0076245,0.020961,-0.026445,0.079053,-0.29584,0.12092,-0.00085625,-0.023636,0.38477,1.1187,0.76196,0.75564,0.027478,1,0.51978,0.16099,0.014481,0.093552,0.092289,0.059224,0.11657,0.0080335,0.0091295,0.69291,0.75435,0.76744,0.61075,0.5379,213.72,0.051711,0.058047,0.047782,0.02673,0.02673,0.047782,0.058047,0.051711,2.773,12.311,12.327,12.69,12.913,12.847,12.442,12.402,12.185,-0.011471,0.021757,0.016746,0.068057,-0.035517,-0.020435,0.0043486,-0.047594,4.5786,4.2928,4.4374,4.4525,0.0075445,1,0.78077,0.61419,0.4561,0.30009,0.057731,0.091591,0.2302,0.34726,0.44114,0.97329,0.99596,0.9841,0.95741,0.9501,322.4,0.4609,0.12037,0.11394,0.050298,0.050298,0.11394,0.12037,0.4609,1.3912,19.215,19.203,18.88,18.917,18.861,19.117,19.277,18.796,0.011027,-0.0080021,-0.036812,0.074792,-0.12157,0.072963,-0.15007,0.016166,6.8459,6.6005,6.699,6.7167,0.0049197,1,0.52856,0.12291,0.13903,0.28977,0.33366,0.20783,0.028411,0.075363,0.022902,0.97957,0.97637,0.97551,0.99496,0.98022
133.56,50.05,97.47,67.251,47.26,47.26,67.251,97.47,50.05,60.105,44.096,46.22,-40.054,-12.806,13.632,-19.159,-1.0453,-15.48,-4.3508,-6.4718,-7.9741,19.119,-20.937,4.0746,2.2603,-4.6801,23.688,26.75,1.3438,2.7826,138.63,1,0.17355,0.15505,0.22915,0.26858,0.20366,0.070498,0.10233,0.16411,0.23566,0.56669,0.24637,0.43925,0.15628,0.2082,133.56,50.05,97.47,67.251,47.26,47.26,67.251,97.47,50.05,60.105,44.096,46.22,-40.054,-12.806,13.632,-19.159,-1.0453,-15.48,-4.3508,-6.4718,-7.9741,19.119,-20.937,4.0746,2.2603,-4.6801,23.688,26.75,1.3438,2.7826,138.63,1,0.17355,0.15505,0.22915,0.26858,0.20366,0.070498,0.10233,0.16411,0.23566,0.56669,0.24637,0.43925,0.15628,0.2082,133.56,50.05,97.47,67.251,47.26,47.26,67.251,97.47,50.05,60.105,44.096,46.22,-40.054,-12.806,13.632,-19.159,-1.0453,-15.48,-4.3508,-6.4718,-7.9741,19.119,-20.937,4.0746,2.2603,-4.6801,23.688,26.75,1.3438,2.7826,138.63,1,0.17355,0.15505,0.22915,0.26858,0.20366,0.070498,0.10233,0.16411,0.23566,0.56669,0.24637,0.43925,0.15628,0.2082,71.313,118.47,62.192,13.864,33.249,33.249,13.864,62.192,118.47,218.84,12.094,10.833,-31.687,-3.3669,38.51,14.458,13.031,-25.743,-1.1345,-8.4592,-5.5455,-44.947,20.211,-0.8553,5.8667,-12.415,38.125,19.563,1.3438,1.4857,146.73,1,0.23277,0.12908,0.13974,0.072205,0.099526,0.047179,0.1645,0.32259,0.39367,0.25976,0.15228,0.49,0.1122,0.14444,71.313,118.47,62.192,13.864,33.249,33.249,13.864,62.192,118.47,218.84,12.094,10.833,-31.687,-3.3669,38.51,14.458,13.031,-25.743,-1.1345,-8.4592,-5.5455,-44.947,20.211,-0.8553,5.8667,-12.415,38.125,19.563,1.3438,1.4857,146.73,1,0.23277,0.12908,0.13974,0.072205,0.099526,0.047179,0.1645,0.32259,0.39367,0.25976,0.15228,0.49,0.1122,0.14444,71.313,118.47,62.192,13.864,33.249,33.249,13.864,62.192,118.47,218.84,12.094,10.833,-31.687,-3.3669,38.51,14.458,13.031,-25.743,-1.1345,-8.4592,-5.5455,-44.947,20.211,-0.8553,5.8667,-12.415,38.125,19.563,1.3438,1.4857,146.73,1,0.23277,0.12908,0.13974,0.072205,0.099526,0.047179,0.1645,0.32259,0.39367,0.25976,0.15228,0.49,0.1122,0.14444,136,125.58,22.053,140.13,100.39,100.39,140.13,22.053,125.58,86.961,-3.5646,-4.8287,-5.7117,-27.98,1.6917,-7.5416,1.8576,-16.913,2.1336,2.3433,-68.521,-1.0852,3.6747,-3.7799,0.75056,-4.4142,35,65,1,2.8333,251.25,1,0.28405,0.31995,0.022754,0.022787,0.038559,0.020926,0.0053257,0.065362,0.061019,0.096503,0.38803,0.096923,0.10769,0.075214,23,78.694,59.007,50.507,88.168,88.168,50.507,59.007,78.694,79.081,-17.709,-9.3755,-7.1029,17.679,-5.5397,7.877,-22.182,-0.73311,-6.8707,8.3619,5.4237,-14.727,5.1213,-1.4413,0.31896,4.1456,40,30,0.5,0.47917,186.34,1,0.15546,0.079794,0.09488,0.052203,0.052065,0.082844,0.23947,0.10704,0.14706,0.21818,0.38889,0.16,0.29167,0.27222,24.598,0.69934,0.19924,0.6368,0.26512,0.26512,0.6368,0.19924,0.69934,11.397,1.3681,1.3149,-0.42426,0.37639,2.1592,2.0794,2.3556,2.6893,0.040406,-0.064802,-0.52553,0.40363,-0.0082882,-0.16253,0.072832,0.012665,0.95801,0.23633,0.73193,0.51245,0.16962,1,0.85019,0.66365,0.45738,0.26223,0.034539,0.059696,0.11397,0.13536,0.14379,0.21119,0.29358,0.81218,0.78061,0.9654,34.921,1.9564,0.49897,0.54343,0.35271,0.35271,0.54343,0.49897,1.9564,4.9028,-2.7421,-2.6886,-2.3518,-2.5581,-2.3505,-1.9422,-1.4755,-1.0933,0.0013345,0.20413,0.27093,-0.16332,0.18439,0.036367,0.028509,0.056448,0.37451,1.0864,0.76367,0.72752,0.035953,1,0.6403,0.49927,0.45287,0.34598,0.1431,0.094064,0.10876,0.039348,0.20226,0.79881,0.81598,0.71771,0.57129,0.41039,206.6,0.20415,0.026031,0.01219,0.0141,0.0141,0.01219,0.026031,0.20415,3.2743,12.14,12.179,12.464,12.51,12.325,11.881,11.844,11.896,-0.016173,0.092284,-0.034645,0.067563,-0.0066252,-0.013411,0.0066328,0.0055,4.4279,4.1689,4.3168,4.3041,0.010301,1,0.88019,0.75209,0.61046,0.46378,0.23093,0.068152,0.095836,0.24273,0.35383,0.99082,0.99692,0.97545,0.94454,0.94793,323.65,0.072769,0.029888,0.03026,0.046949,0.046949,0.03026,0.029888,0.072769,3.3421,19.283,19.269,18.858,18.762,18.759,19.29,19.411,19.394,0.011066,-0.014339,-0.064815,-0.034995,0.042858,0.0070367,0.015272,-0.014992,6.8746,6.5901,6.7429,6.7428,0.010639,1,0.84037,0.6759,0.51368,0.36049,0.13514,0.020073,0.17739,0.33447,0.45745,0.97549,0.96499,0.9713,0.99598,0.99859
35.313,107.08,47.317,55.996,72.71,72.71,55.996,47.317,107.08,73.924,-36.565,-31.738,6.9649,-5.6001,-17.675,7.2059,16.527,-24.101,-9.0579,-11.963,17.822,-27.96,11.415,52.116,1.9835,-9.8288,30.188,29.188,0.21875,0.73568,176.11,1,0.032667,0.092321,0.042827,0.16299,0.048847,0.098368,0.091231,0.15375,0.046146,0.35046,0.24086,0.32484,0.49804,0.25167,35.313,107.08,47.317,55.996,72.71,72.71,55.996,47.317,107.08,73.924,-36.565,-31.738,6.9649,-5.6001,-17.675,7.2059,16.527,-24.101,-9.0579,-11.963,17.822,-27.96,11.415,52.116,1.9835,-9.8288,30.188,29.188,0.21875,0.73568,176.11,1,0.032667,0.092321,0.042827,0.16299,0.048847,0.098368,0.091231,0.15375,0.046146,0.35046,0.24086,0.32484,0.49804,0.25167,35.313,107.08,47.317,55.996,72.71,72.71,55.996,47.317,107.08,73.924,-36.565,-31.738,6.9649,-5.6001,-17.675,7.2059,16.527,-24.101,-9.0579,-11.963,17.822,-27.96,11.415,52.116,1.9835,-9.8288,30.188,29.188,0.21875,0.73568,176.11,1,0.032667,0.092321,0.042827,0.16299,0.048847,0.098368,0.091231,0.15375,0.046146,0.35046,0.24086,0.32484,0.49804,0.25167,36.813,72.044,101.71,104.7,50.204,50.204,104.7,101.71,72.044,255.49,-58.941,-54.553,-18.409,65.445,7.3893,-9.8342,-25.097,19.033,0.6812,18.631,-10.301,-11.747,13.651,-43.699,8.7246,2.3674,42.25,41.813,2.1563,0.76693,294.35,1,0.24446,0.0022054,0.13837,0.063713,0.096018,0.11137,0.16417,0.15338,0.27309,0.26089,0.48307,0.058876,0.48258,0.13774,36.813,72.044,101.71,104.7,50.204,50.204,104.7,101.71,72.044,255.49,-58.941,-54.553,-18.409,65.445,7.3893,-9.8342,-25.097,19.033,0.6812,18.631,-10.301,-11.747,13.651,-43.699,8.7246,2.3674,42.25,41.813,2.1563,0.76693,294.35,1,0.24446,0.0022054,0.13837,0.063713,0.096018,0.11137,0.16417,0.15338,0.27309,0.26089,0.48307,0.058876,0.48258,0.13774,36.813,72.044,101.71,104.7,50.204,50.204,104.7,101.71,72.044,255.49,-58.941,-54.553,-18.409,65.445,7.3893,-9.8342,-25.097,19.033,0.6812,18.631,-10.301,-11.747,13.651,-43.699,8.7246,2.3674,42.25,41.813,2.1563,0.76693,294.35,1,0.24446,0.0022054,0.13837,0.063713,0.096018,0.11137,0.16417,0.15338,0.27309,0.26089,0.48307,0.058876,0.48258,0.13774,38,145.04,36.967,109.66,66.111,66.111,109.66,36.967,145.04,45.884,-37.644,-20.022,7.2651,5.2259,2.9423,0.088119,-2.8261,-4.2513,-5.3651,48.012,19.307,-14.89,-2.295,-2.7527,1.134,-1.1577,47,55,0,0.79167,224.93,1,0.041687,0.069832,0.0064924,0.042307,0.008724,0.0078645,0.040226,0.15387,0.036361,0.39835,0.15758,0.10545,0.074747,0.016162,52,100.08,89.664,36.387,52.181,52.181,36.387,89.664,100.08,77.557,-7.984,-4.6983,-8.4278,30.38,-28.607,-5.9024,-6.0712,-1.6127,-2.131,5.2099,-33.165,-31.177,10.905,1.38,3.2144,-1.5425,28,39,1,1.0833,163.35,1,0.11262,0.27829,0.11386,0.058641,0.17596,0.0023788,0.0044972,0.031808,0.025239,0.19347,0.41311,0.32564,0.068376,0.054131,27.467,0.97529,0.15388,0.046526,0.51752,0.51752,0.046526,0.15388,0.97529,11.249,2.5355,2.4877,0.59471,-0.19596,1.9495,2.2978,2.4361,2.7537,0.028561,-0.083888,-0.18729,-0.36733,0.15719,-0.1085,0.084305,0.00061743,1.0396,0.054688,0.78931,0.57222,0.14852,1,0.78781,0.59492,0.39796,0.21513,0.01173,0.1166,0.19009,0.22657,0.23455,0.37162,0.042743,0.72466,0.77162,0.90522,33.68,0.71338,0.29579,0.30557,0.24964,0.24964,0.30557,0.29579,0.71338,5.7592,-2.3513,-2.3784,-2.477,-2.4305,-2.4059,-1.7713,-1.2796,-0.99424,0.019755,-0.03559,-0.13759,-0.038656,0.088197,-0.018948,0.0037671,0.055518,0.32861,0.96289,0.79834,0.70166,0.042065,1,0.74431,0.62223,0.54678,0.43944,0.23682,0.11156,0.039782,0.12743,0.17546,0.89591,0.88855,0.83357,0.57178,0.40489,199.41,0.33898,0.20166,0.1529,0.10772,0.10772,0.1529,0.20166,0.33898,2.0601,11.953,11.951,12.089,11.923,11.708,11.753,11.527,11.252,0.0011147,-0.0054799,0.044202,-0.050535,0.012652,0.042887,-0.090876,0.013028,4.2808,3.9622,4.1527,4.1544,0.0083086,1,0.77961,0.56735,0.3783,0.24015,0.086519,0.023214,0.00069245,0.0014746,0.0022298,0.99449,0.9841,0.96731,0.96579,0.93572,325.42,0.21461,0.11627,0.17588,0.096792,0.096792,0.17588,0.11627,0.21461,2.8861,18.897,18.885,18.707,18.953,19.356,19.421,19.304,19.577,0.0068381,-0.022792,-0.13127,0.099479,-0.016563,-0.0037731,0.062971,0.0077314,6.9254,6.6054,6.8383,6.7796,0.011835,1,0.79103,0.59233,0.43766,0.33798,0.16174,0.018243,0.10421,0.18278,0.21315,0.95847,0.96825,0.98899,0.98931,0.9931
84.875,173.77,42.63,45.493,8.3937,8.3937,45.493,42.63,173.77,113.17,-65.358,-62.174,-11.275,39.015,-14.518,8.6079,41.023,-22.974,4.18,25.716,-9.6561,0.15386,18.708,45.479,-12.563,-3.5016,48.25,34.313,0,1.7682,222.15,1,0.03858,0.094705,0.048997,0.19163,0.11441,0.16802,0.26998,0.041193,0.26932,0.25389,0.24252,0.16749,0.33348,0.12075,84.875,173.77,42.63,45.493,8.3937,8.3937,45.493,42.63,173.77,113.17,-65.358,-62.174,-11.275,39.015,-14.518,8.6079,41.023,-22.974,4.18,25.716,-9.6561,0.15386,18.708,45.479,-12.563,-3.5016,48.25,34.313,0,1.7682,222.15,1,0.03858,0.094705,0.048997,0.19163,0.11441,0.16802,0.26998,0.041193,0.26932,0.25389,0.24252,0.16749,0.33348,0.12075,84.875,173.77,42.63,45.493,8.3937,8.3937,45.493,42.63,173.77,113.17,-65.358,-62.174,-11.275,39.015,-14.518,8.6079,41.023,-22.974,4.18,25.716,-9.6561,0.15386,18.708,45.479,-12.563,-3.5016,48.25,34.313,0,1.7682,222.15,1,0.03858,0.094705,0.048997,0.19163,0.11441,0.16802,0.26998,0.041193,0.26932,0.25389,0.24252,0.16749,0.33348,0.12075,26.188,139.42,27.381,23.307,23.073,23.073,23.307,27.381,139.42,164.75,-32.294,-38.206,-27.264,5.7233,31.838,-4.3204,-6.0417,-1.6078,3.4733,-10.568,-3.0884,24.637,-21.553,-79.297,26.532,-19.355,36.438,41.75,1.0625,0.54557,276.37,1,0.1301,0.31942,0.17113,0.077576,0.021609,0.25764,0.30898,0.23624,0.00029664,0.28035,0.13806,0.24177,0.45975,0.34764,26.188,139.42,27.381,23.307,23.073,23.073,23.307,27.381,139.42,164.75,-32.294,-38.206,-27.264,5.7233,31.838,-4.3204,-6.0417,-1.6078,3.4733,-10.568,-3.0884,24.637,-21.553,-79.297,26.532,-19.355,36.438,41.75,1.0625,0.54557,276.37,1,0.1301,0.31942,0.17113,0.077576,0.021609,0.25764,0.30898,0.23624,0.00029664,0.28035,0.13806,0.24177,0.45975,0.34764,26.188,139.42,27.381,23.307,23.073,23.073,23.307,27.381,139.42,164.75,-32.294,-38.206,-27.264,5.7233,31.838,-4.3204,-6.0417,-1.6078,3.4733,-10.568,-3.0884,24.637,-21.553,-79.297,26.532,-19.355,36.438,41.75,1.0625,0.54557,276.37,1,0.1301,0.31942,0.17113,0.077576,0.021609,0.25764,0.30898,0.23624,0.00029664,0.28035,0.13806,0.24177,0.45975,0.34764,132,67.844,86.926,75.717,80.616,80.616,75.717,86.926,67.844,87.673,8.3449,15.89,-13.862,-16.366,-12.989,-8.929,-3.6434,-2.1363,-0.032975,28.05,8.151,0.42945,-4.3699,-2.5359,0.1837,0.16811,35,45,1.5,2.75,145.89,1,0.0038373,0.14521,0.10651,0.0088687,0.099387,0.035493,0.081413,0.039285,0.10384,0.35354,0.28395,0.1,0.05679,0.014815,49,28.914,72.802,113.12,57.654,57.654,113.12,72.802,28.914,85.255,-12.495,-13.874,0.5917,31.808,-6.2236,0.58768,-0.33099,-3.3801,0.85958,-2.3003,-18.54,-14.018,24.764,7.0131,0.00449,-0.62739,30,31,0,1.0208,120.91,1,0.0046706,0.14477,0.077619,0.054541,0.14473,0.093728,0.22022,0.10734,0.086375,0.24927,0.44803,0.32258,0.14695,0.057348,21.572,1.4627,0.85819,0.587,0.54358,0.54358,0.587,0.85819,1.4627,8.8268,-0.40074,-0.42829,-0.52473,1.1331,1.8457,1.6548,2.0372,2.6672,0.0032799,-0.09197,-0.17264,0.28445,0.02716,-0.17094,0.086296,0.06302,0.94775,0.20605,0.61377,0.44941,0.1441,1,0.80517,0.62929,0.43613,0.25071,0.039284,0.046863,0.088801,0.097926,0.089079,0.16552,0.42452,0.68089,0.6373,0.91293,38.162,0.77736,0.6511,0.4861,0.56108,0.56108,0.4861,0.6511,0.77736,3.947,-2.5945,-2.5992,-2.4658,-2.778,-2.3227,-2.2919,-1.8451,-1.1973,-0.0056789,-0.036408,0.0016752,0.0016545,0.054618,0.038175,-0.04091,0.1638,0.36914,1.061,0.81519,0.79503,0.024831,1,0.65018,0.49862,0.37967,0.31051,0.12658,0.10511,0.068587,0.0045975,0.079821,0.83734,0.90904,0.76364,0.70277,0.51255,196.18,0.49127,0.25387,0.2204,0.15641,0.15641,0.2204,0.25387,0.49127,3.2184,11.902,11.905,11.911,11.907,11.579,11.431,11.241,10.915,-0.0031321,0.0017508,0.0024254,0.072099,-0.061791,0.070526,-0.061711,-0.019564,4.2168,3.8537,4.0727,4.087,0.01441,1,0.80088,0.64135,0.49871,0.38387,0.2575,0.18934,0.11446,0.014213,0.10287,0.99856,0.99567,0.9659,0.95534,0.92448,324.46,0.16666,0.11819,0.1351,0.049774,0.049774,0.1351,0.11819,0.16666,3.2042,19.082,19.074,18.798,18.672,19.143,19.408,19.269,19.652,0.0048145,-0.012901,-0.012044,-0.079022,0.034276,-0.018446,0.064142,0.029285,6.956,6.6046,6.7656,6.7595,0.012715,1,0.77862,0.57556,0.42685,0.33859,0.18497,0.047669,0.056924,0.12614,0.18175,0.95896,0.95139,0.9773,0.9836,0.9897
21.063,62.404,37.578,46.805,60.74,60.74,46.805,37.578,62.404,81.742,-49.147,-51.016,13.486,-10.807,-6.357,-2.4418,12.794,39.287,0.17022,-6.4126,9.5039,-4.9461,3.8599,20.588,-9.4271,12.621,23.75,18.063,0.75,0.4388,95.075,1,0.05023,0.10179,0.2149,0.0059214,0.018486,0.082493,0.057073,0.048175,0.049851,0.3823,0.25936,0.11632,0.33596,0.47164,21.063,62.404,37.578,46.805,60.74,60.74,46.805,37.578,62.404,81.742,-49.147,-51.016,13.486,-10.807,-6.357,-2.4418,12.794,39.287,0.17022,-6.4126,9.5039,-4.9461,3.8599,20.588,-9.4271,12.621,23.75,18.063,0.75,0.4388,95.075,1,0.05023,0.10179,0.2149,0.0059214,0.018486,0.082493,0.057073,0.048175,0.049851,0.3823,0.25936,0.11632,0.33596,0.47164,21.063,62.404,37.578,46.805,60.74,60.74,46.805,37.578,62.404,81.742,-49.147,-51.016,13.486,-10.807,-6.357,-2.4418,12.794,39.287,0.17022,-6.4126,9.5039,-4.9461,3.8599,20.588,-9.4271,12.621,23.75,18.063,0.75,0.4388,95.075,1,0.05023,0.10179,0.2149,0.0059214,0.018486,0.082493,0.057073,0.048175,0.049851,0.3823,0.25936,0.11632,0.33596,0.47164,51.188,33.091,33.967,32.77,20.065,20.065,32.77,33.967,33.091,207.18,0.79911,-1.4319,5.8395,37.035,5.3925,-19.476,-17.535,17.963,-0.36795,-9.544,19.174,-3.1447,16.205,-39.437,4.3131,3.9702,26.188,31.063,1.4375,1.0664,125.17,1,0.25458,0.17747,0.08016,0.18889,0.074301,0.018517,0.07123,0.14758,0.27517,0.18548,0.40063,0.11932,0.48826,0.19852,51.188,33.091,33.967,32.77,20.065,20.065,32.77,33.967,33.091,207.18,0.79911,-1.4319,5.8395,37.035,5.3925,-19.476,-17.535,17.963,-0.36795,-9.544,19.174,-3.1447,16.205,-39.437,4.3131,3.9702,26.188,31.063,1.4375,1.0664,125.17,1,0.25458,0.17747,0.08016,0.18889,0.074301,0.018517,0.07123,0.14758,0.27517,0.18548,0.40063,0.11932,0.48826,0.19852,51.188,33.091,33.967,32.77,20.065,20.065,32.77,33.967,33.091,207.18,0.79911,-1.4319,5.8395,37.035,5.3925,-19.476,-17.535,17.963,-0.36795,-9.544,19.174,-3.1447,16.205,-39.437,4.3131,3.9702,26.188,31.063,1.4375,1.0664,125.17,1,0.25458,0.17747,0.08016,0.18889,0.074301,0.018517,0.07123,0.14758,0.27517,0.18548,0.40063,0.11932,0.48826,0.19852,72,110.07,241.75,91.929,168.14,168.14,91.929,241.75,110.07,64.885,125.95,99.014,12.906,-11.128,8.3445,-3.2468,0.43416,-3.0064,16.461,-46.035,-5.7446,-7.4378,-7.4254,3.0122,0.70409,-1.2418,62,28,0.5,1.5,229.66,1,0.21398,0.18679,0.21574,0.36272,0.14193,0.14253,0.075181,0.16037,0.16676,0.32111,0.20968,0.14516,0.073477,0.019713,146,75.724,73.789,65.643,89.839,89.839,65.643,73.789,75.724,107.51,-20.76,-30.054,-24.993,4.0038,-14.249,7.6484,-3.6906,-4.0012,2.0115,-28.027,13.079,-32.582,8.5626,-1.9488,1.3056,-1.0607,44,56,1.5,3.0417,318.59,1,0.056947,0.0499,0.16446,0.21574,0.17062,0.040405,0.12501,0.017069,0.11982,0.34253,0.31548,0.28036,0.031746,0.025794,17.392,0.31453,0.26073,0.22635,0.17871,0.17871,0.22635,0.26073,0.31453,13.265,2.4949,2.539,1.4007,-0.45019,-0.63843,1.535,2.0877,1.9522,0.0050058,0.18117,-0.066228,-0.26921,-0.12419,0.20436,0.0015369,-0.0289,0.91357,0.31689,0.53345,0.36234,0.17498,1,0.82889,0.62989,0.39898,0.14512,0.19315,0.38148,0.51841,0.58434,0.5793,0.649,0.19188,0.22464,0.77469,0.77837,40.151,0.35928,0.22107,0.16958,0.13692,0.13692,0.16958,0.22107,0.35928,2.04,-1.8131,-1.8429,-2.6223,-2.4331,-2.4377,-2.6521,-2.1231,-1.944,0.01628,-0.057404,-0.089083,0.048096,-0.051275,0.0053734,0.039697,0.0063426,0.62207,1.0435,0.85303,0.83648,0.010762,1,0.44759,0.23307,0.04381,0.16656,0.26853,0.23784,0.056506,0.041644,0.12488,0.81499,0.82972,0.8445,0.84001,0.67124,189.86,0.46878,0.29295,0.23011,0.19435,0.19435,0.23011,0.29295,0.46878,2.1878,11.702,11.713,11.6,11.279,11.155,11.202,10.911,10.538,-0.000243,0.039931,0.010133,-0.023832,-0.0080939,0.087288,-0.10163,0.001326,4.1376,3.7112,3.9498,3.9554,0.01389,1,0.73974,0.52449,0.32986,0.18635,0.063194,0.019501,0.0048741,0.0027934,0.0040146,0.99325,0.96347,0.95357,0.95193,0.90956,324.22,0.3605,0.18454,0.16693,0.14324,0.14324,0.16693,0.18454,0.3605,2.0869,18.739,18.743,18.663,19.042,19.253,19.249,19.183,19.537,-7.9785e-05,0.015285,-0.047567,0.054644,0.029511,-0.096117,0.072295,0.017366,6.9147,6.5923,6.7923,6.7545,0.0091578,1,0.74571,0.52273,0.3228,0.1786,0.063991,0.007848,0.063752,0.11088,0.13376,0.95627,0.97387,0.985,0.98047,0.99223
231.38,29.9,11.452,47.396,45.393,45.393,47.396,11.452,29.9,168.67,-78.317,-75.449,-24.822,-16.172,19.133,-9.7574,-23.863,5.6603,-1.9888,4.1218,-2.3792,4.8549,-0.9382,-3.8891,-1.4608,7.1572,9.4375,33.5,5.4375,4.8203,72.232,1,0.45434,0.25989,0.075813,0.049253,0.022266,0.15001,0.23668,0.25206,0.22272,0.38806,0.17496,0.16231,0.20667,0.14988,231.38,29.9,11.452,47.396,45.393,45.393,47.396,11.452,29.9,168.67,-78.317,-75.449,-24.822,-16.172,19.133,-9.7574,-23.863,5.6603,-1.9888,4.1218,-2.3792,4.8549,-0.9382,-3.8891,-1.4608,7.1572,9.4375,33.5,5.4375,4.8203,72.232,1,0.45434,0.25989,0.075813,0.049253,0.022266,0.15001,0.23668,0.25206,0.22272,0.38806,0.17496,0.16231,0.20667,0.14988,231.38,29.9,11.452,47.396,45.393,45.393,47.396,11.452,29.9,168.67,-78.317,-75.449,-24.822,-16.172,19.133,-9.7574,-23.863,5.6603,-1.9888,4.1218,-2.3792,4.8549,-0.9382,-3.8891,-1.4608,7.1572,9.4375,33.5,5.4375,4.8203,72.232,1,0.45434,0.25989,0.075813,0.049253,0.022266,0.15001,0.23668,0.25206,0.22272,0.38806,0.17496,0.16231,0.20667,0.14988,155.81,56.893,37.45,5.5527,33.129,33.129,5.5527,37.45,56.893,267.87,37.857,35.804,-24.251,-13.553,30.73,47.944,11.327,-19.368,0.047719,-7.5039,-0.96324,-12.74,22.451,-14.502,0.87929,-6.9527,32.875,19.125,1.0313,3.2461,144.44,1,0.46333,0.343,0.11637,0.03894,0.17852,0.28398,0.35827,0.36746,0.37847,0.31991,0.13033,0.43517,0.28137,0.13561,155.81,56.893,37.45,5.5527,33.129,33.129,5.5527,37.45,56.893,267.87,37.857,35.804,-24.251,-13.553,30.73,47.944,11.327,-19.368,0.047719,-7.5039,-0.96324,-12.74,22.451,-14.502,0.87929,-6.9527,32.875,19.125,1.0313,3.2461,144.44,1,0.46333,0.343,0.11637,0.03894,0.17852,0.28398,0.35827,0.36746,0.37847,0.31991,0.13033,0.43517,0.28137,0.13561,155.81,56.893,37.45,5.5527,33.129,33.129,5.5527,37.45,56.893,267.87,37.857,35.804,-24.251,-13.553,30.73,47.944,11.327,-19.368,0.047719,-7.5039,-0.96324,-12.74,22.451,-14.502,0.87929,-6.9527,32.875,19.125,1.0313,3.2461,144.44,1,0.46333,0.343,0.11637,0.03894,0.17852,0.28398,0.35827,0.36746,0.37847,0.31991,0.13033,0.43517,0.28137,0.13561,12,107.6,151.33,240.98,64.584,64.584,240.98,151.33,107.6,59.177,9.5179,8.1834,11.26,-0.77433,1.1067,-4.296,-10.757,-5.0543,1.3853,-0.39574,-1.5825,-25.147,3.2161,2.8279,1.1979,0.25216,35,73,2,0.25,295.09,1,0.03282,0.019175,0.042446,0.04241,0.10199,0.10436,0.13299,0.20619,0.094257,0.054795,0.28767,0.15753,0.17808,0.08067,62,109.03,57.963,115.47,22.362,22.362,115.47,57.963,109.03,25.825,8.7869,4.8405,-3.8643,-8.741,-3.0706,6.2368,-10.062,-2.422,-1.1568,-18.556,-18.637,4.9254,-31.205,0.073715,3.0081,-0.73396,40,25,2.5,1.2917,159.83,1,0.047043,0.16296,0.29983,0.017603,0.14523,0.07307,0.0079966,0.27521,0.041322,0.14773,0.33333,0.2625,0.4,0.072222,21.053,0.83241,0.1938,0.26549,0.43294,0.43294,0.26549,0.1938,0.83241,11.673,0.97356,0.94014,-0.42698,0.0044237,1.963,2.1274,2.0136,2.3015,0.030359,-0.024246,-0.28699,0.15269,0.0090827,0.10784,0.016751,0.046109,0.82275,0.23145,0.67871,0.43861,0.15158,1,0.86986,0.72262,0.5478,0.36532,0.10699,0.038467,0.15194,0.22219,0.2621,0.20119,0.22268,0.87056,0.91751,0.90933,37.838,0.18512,0.44476,0.26352,0.59381,0.59381,0.26352,0.44476,0.18512,3.5389,-2.691,-2.6239,-2.4906,-2.4645,-2.6138,-1.9646,-1.9165,-1.5669,-0.040198,0.11711,-0.068709,-0.22842,0.090238,-0.021129,0.080904,0.0097534,0.54443,1.0601,0.79761,0.78829,0.019779,1,0.59849,0.44097,0.31509,0.25256,0.22474,0.1219,0.030467,0.029945,0.14397,0.83003,0.83331,0.81133,0.64399,0.57275,191.32,0.16312,0.048093,0.017725,0.028331,0.028331,0.017725,0.048093,0.16312,2.2829,11.287,11.312,11.588,11.459,11.273,11.064,11.079,11.072,-0.010396,0.059952,-0.0061643,0.033779,-0.027511,-0.0086522,0.013443,-0.011839,4.1066,3.9003,3.9684,3.9858,0.0052772,1,0.87804,0.74644,0.60212,0.45793,0.25185,0.11604,0.029411,0.17708,0.30101,0.99195,0.98516,0.96559,0.9518,0.95431,320.75,0.12205,0.093408,0.060155,0.065631,0.065631,0.060155,0.093408,0.12205,3.6218,18.989,18.988,18.738,18.553,18.544,19.085,19.286,19.314,0.0019919,0.0032202,-0.011516,-0.040556,-0.016054,0.027221,0.015765,-0.0063167,6.8361,6.5417,6.6576,6.6824,0.012234,1,0.8745,0.73566,0.56968,0.3906,0.12137,0.056022,0.22177,0.35924,0.44955,0.97239,0.9599,0.96529,0.99367,0.99883
60.875,104.21,38.299,46.77,37.108,37.108,46.77,38.299,104.21,59.444,30.693,20.742,-15.037,7.2551,-17.912,-10.524,8.3516,10.228,2.4396,-29.063,12.365,-17.578,1.2927,-17.975,-2.5186,2.3074,22.125,20.5,1.9688,1.2682,68.266,1,0.0018801,0.12865,0.19005,0.21821,0.050176,0.087828,0.19009,0.048685,0.16046,0.40601,0.30917,0.23785,0.14187,0.3145,60.875,104.21,38.299,46.77,37.108,37.108,46.77,38.299,104.21,59.444,30.693,20.742,-15.037,7.2551,-17.912,-10.524,8.3516,10.228,2.4396,-29.063,12.365,-17.578,1.2927,-17.975,-2.5186,2.3074,22.125,20.5,1.9688,1.2682,68.266,1,0.0018801,0.12865,0.19005,0.21821,0.050176,0.087828,0.19009,0.048685,0.16046,0.40601,0.30917,0.23785,0.14187,0.3145,60.875,104.21,38.299,46.77,37.108,37.108,46.77,38.299,104.21,59.444,30.693,20.742,-15.037,7.2551,-17.912,-10.524,8.3516,10.228,2.4396,-29.063,12.365,-17.578,1.2927,-17.975,-2.5186,2.3074,22.125,20.5,1.9688,1.2682,68.266,1,0.0018801,0.12865,0.19005,0.21821,0.050176,0.087828,0.19009,0.048685,0.16046,0.40601,0.30917,0.23785,0.14187,0.3145,20.375,78.345,22.331,30.835,30.9,30.9,30.835,22.331,78.345,233.32,-18.469,-20.665,-5.892,29.052,20.131,8.1707,-26.239,0.062436,3.8024,4.389,-1.8985,13.317,2.8315,10.043,-21.051,21.459,16.875,20.125,1.0313,0.42448,79.649,1,0.46208,0.29765,0.18272,0.094551,0.10693,0.16364,0.21149,0.23251,0.31009,0.21062,0.49241,0.31863,0.15804,0.55521,20.375,78.345,22.331,30.835,30.9,30.9,30.835,22.331,78.345,233.32,-18.469,-20.665,-5.892,29.052,20.131,8.1707,-26.239,0.062436,3.8024,4.389,-1.8985,13.317,2.8315,10.043,-21.051,21.459,16.875,20.125,1.0313,0.42448,79.649,1,0.46208,0.29765,0.18272,0.094551,0.10693,0.16364,0.21149,0.23251,0.31009,0.21062,0.49241,0.31863,0.15804,0.55521,20.375,78.345,22.331,30.835,30.9,30.9,30.835,22.331,78.345,233.32,-18.469,-20.665,-5.892,29.052,20.131,8.1707,-26.239,0.062436,3.8024,4.389,-1.8985,13.317,2.8315,10.043,-21.051,21.459,16.875,20.125,1.0313,0.42448,79.649,1,0.46208,0.29765,0.18272,0.094551,0.10693,0.16364,0.21149,0.23251,0.31009,0.21062,0.49241,0.31863,0.15804,0.55521,40,154.48,255.92,56.107,238.24,238.24,56.107,255.92,154.48,106.3,4.9621,14.934,-25.24,-9.2458,34.944,5.1959,-2.5482,-3.1811,-0.34961,36.059,24.85,13.025,-29.149,-1.7839,1.7401,-1.4584,37,117,0.5,0.83333,596.78,1,0.19933,0.19517,0.055327,0.0012805,0.080806,0.097012,0.03155,0.14267,0.1241,0.22766,0.17189,0.16068,0.046534,0.012346,10,247.33,141.55,117.9,197.48,197.48,117.9,141.55,247.33,193.36,10.499,14.054,-1.6591,15.609,34.229,-30.154,-8.6213,-28.357,-2.4132,5.2816,-41.727,46.553,-8.2507,4.595,-15.89,8.0971,64,53,0,0.20833,521.19,1,0.011292,0.08378,0.026487,0.018569,0.090985,0.0047005,0.081766,0.08901,0.0271,0.17045,0.47917,0.32344,0.15625,0.14062,28.486,0.48322,0.41117,0.18038,0.2045,0.2045,0.18038,0.41117,0.48322,10.368,2.6499,2.7257,2.1748,0.20266,0.44222,2.4082,2.3102,2.3513,-0.012362,0.24228,-0.2366,-0.38617,0.388,0.026591,0.0076983,0.0025193,0.96973,0.05957,0.7998,0.59346,0.13105,1,0.79662,0.55239,0.27611,0.018145,0.31255,0.44429,0.51196,0.5103,0.46001,0.85091,0.096117,0.38726,0.88425,0.84391,34.286,0.38638,0.27967,0.34116,0.3433,0.3433,0.34116,0.27967,0.38638,4.7503,-1.156,-1.1241,-2.2275,-2.3309,-2.5611,-2.0239,-1.6625,-1.4808,-0.0046952,0.10348,-0.25603,0.070641,-0.17073,0.11973,0.074105,-0.019415,0.40381,1.0928,0.71826,0.71428,0.028629,1,0.58443,0.31347,0.12228,0.0083156,0.0007498,0.01302,0.1154,0.25401,0.33877,0.60919,0.77336,0.80724,0.57119,0.50005,183.89,0.3967,0.21061,0.20416,0.18079,0.18079,0.20416,0.21061,0.3967,2.0878,11.14,11.143,11.139,11.022,10.753,10.672,10.721,10.367,5.0704e-05,0.011415,0.025028,0.0050894,-0.015869,-0.0035244,0.062944,-0.12043,3.9426,3.625,3.788,3.831,0.006499,1,0.74497,0.62395,0.52103,0.41091,0.24836,0.13148,0.02225,0.069337,0.1378,0.99845,0.98651,0.96192,0.9578,0.94895,324.74,0.34231,0.12205,0.12372,0.13007,0.13007,0.12372,0.12205,0.34231,2.9227,18.886,18.879,18.774,18.874,19.234,19.415,19.353,19.392,0.0039518,-0.014054,-0.051158,-0.0043097,0.02332,0.031168,-0.095487,0.080893,6.8917,6.6353,6.7995,6.7654,0.0085135,1,0.87444,0.77255,0.65174,0.49385,0.23013,0.05981,0.095583,0.22628,0.32691,0.96493,0.96961,0.98931,0.99621,0.99115
16.375,107.72,24.644,36.031,97.742,97.742,36.031,24.644,107.72,147.82,0.10696,12.466,-10.328,-17.937,3.9054,-26.439,24.672,2.0936,-0.55932,44.273,-3.4888,20.684,-8.2853,-14.438,10.906,-12.95,34.625,28.938,0.34375,0.34115,170.67,1,0.047601,0.094041,0.082933,0.096581,0.23975,0.16722,0.095312,0.26778,0.13413,0.38152,0.30205,0.28195,0.18472,0.2856,16.375,107.72,24.644,36.031,97.742,97.742,36.031,24.644,107.72,147.82,0.10696,12.466,-10.328,-17.937,3.9054,-26.439,24.672,2.0936,-0.55932,44.273,-3.4888,20.684,-8.2853,-14.438,10.906,-12.95,34.625,28.938,0.34375,0.34115,170.67,1,0.047601,0.094041,0.082933,0.096581,0.23975,0.16722,0.095312,0.26778,0.13413,0.38152,0.30205,0.28195,0.18472,0.2856,16.375,107.72,24.644,36.031,97.742,97.742,36.031,24.644,107.72,147.82,0.10696,12.466,-10.328,-17.937,3.9054,-26.439,24.672,2.0936,-0.55932,44.273,-3.4888,20.684,-8.2853,-14.438,10.906,-12.95,34.625,28.938,0.34375,0.34115,170.67,1,0.047601,0.094041,0.082933,0.096581,0.23975,0.16722,0.095312,0.26778,0.13413,0.38152,0.30205,0.28195,0.18472,0.2856,6.125,45.128,38.019,26.406,33.394,33.394,26.406,38.019,45.128,198.59,32.959,36.152,-6.1024,-12.799,35.537,18.874,-16.049,-34.474,-0.40366,10.583,-2.1805,1.2009,2.7452,28.417,-35.778,23.553,22.625,46.438,2.6563,0.1276,199.34,1,0.33515,0.052947,0.14571,0.099831,0.055589,0.11029,0.19679,0.21767,0.23872,0.21865,0.080156,0.25384,0.14012,0.40796,6.125,45.128,38.019,26.406,33.394,33.394,26.406,38.019,45.128,198.59,32.959,36.152,-6.1024,-12.799,35.537,18.874,-16.049,-34.474,-0.40366,10.583,-2.1805,1.2009,2.7452,28.417,-35.778,23.553,22.625,46.438,2.6563,0.1276,199.34,1,0.33515,0.052947,0.14571,0.099831,0.055589,0.11029,0.19679,0.21767,0.23872,0.21865,0.080156,0.25384,0.14012,0.40796,6.125,45.128,38.019,26.406,33.394,33.394,26.406,38.019,45.128,198.59,32.959,36.152,-6.1024,-12.799,35.537,18.874,-16.049,-34.474,-0.40366,10.583,-2.1805,1.2009,2.7452,28.417,-35.778,23.553,22.625,46.438,2.6563,0.1276,199.34,1,0.33515,0.052947,0.14571,0.099831,0.055589,0.11029,0.19679,0.21767,0.23872,0.21865,0.080156,0.25384,0.14012,0.40796,33,81.445,75.746,129.19,54.588,54.588,129.19,75.746,81.445,105.32,-7.3212,-6.8097,-9.1565,-10.704,9.9909,16.75,-11.974,-9.2614,0.15712,2.4289,-15.475,-3.7843,7.1141,-20.039,6.0325,-4.052,59,39,1.5,0.6875,214.99,1,0.11003,0.051532,0.041442,0.029665,0.0095705,0.0056589,0.21869,0.21169,0.036369,0.046225,0.35028,0.15932,0.18832,0.043315,27,106.68,168.64,111.01,137.56,137.56,111.01,168.64,106.68,33.123,3.5389,10.335,-8.4858,-3.1139,-8.1747,8.9748,-7.9511,3.2403,-3.286,14.487,-22.444,-1.1719,12.211,-11.1,-1.3289,3.305,56,62,1.5,0.5625,360.59,1,0.20062,0.18229,0.23202,0.036909,0.21271,0.1691,0.16948,0.20091,0.027739,0.15543,0.25448,0.34516,0.22401,0.053763,25.897,0.41591,0.62198,0.29318,0.26823,0.26823,0.29318,0.62198,0.41591,11.409,2.8754,2.9507,1.2268,-0.52174,1.242,2.3511,2.2673,2.3072,-0.0092236,0.25067,-0.23572,-0.36964,0.2491,0.049545,0.016896,-0.0047335,1.0244,0.21191,0.77026,0.53953,0.15424,1,0.80149,0.57423,0.31859,0.074343,0.22754,0.34794,0.40259,0.39316,0.34984,0.58575,0.12334,0.55191,0.81247,0.7827,35.514,0.37512,0.14617,0.38059,0.24759,0.24759,0.38059,0.14617,0.37512,4.0451,-1.5472,-1.5832,-2.6307,-2.1337,-2.6776,-1.8784,-1.6721,-1.5365,0.013337,-0.090187,0.093384,-0.016918,-0.021355,0.068211,0.061549,-0.019248,0.51904,1.0757,0.73486,0.73988,0.026196,1,0.62903,0.30331,0.078407,0.030331,0.083791,0.11491,0.083652,0.051839,0.21237,0.77283,0.71887,0.82919,0.56282,0.5208,180.6,0.12521,0.046343,0.019447,0.0098531,0.0098531,0.019447,0.046343,0.12521,4.1024,10.157,10.178,11.042,11.137,10.802,10.352,10.381,10.03,-0.010804,0.041309,0.048145,0.063719,-0.077385,-0.014258,0.03181,-0.096183,3.9541,3.5204,3.7109,3.7625,0.018288,1,0.74893,0.57817,0.43185,0.30112,0.11423,0.011603,0.13342,0.24453,0.33602,0.9671,0.993,0.95436,0.92455,0.91492,324.66,0.22008,0.047647,0.041589,0.041163,0.041163,0.041589,0.047647,0.22008,3.909,19.524,19.516,18.904,18.661,18.873,19.388,19.526,19.399,0.0076432,-0.0060473,-0.028622,-0.097351,0.082397,0.010553,-0.061067,0.020613,6.9251,6.593,6.7977,6.7637,0.014475,1,0.82974,0.67663,0.4961,0.31437,0.034755,0.14391,0.30639,0.42944,0.49684,0.97316,0.95398,0.97093,0.99385,0.99302
56.188,175.88,20.035,42.104,19.73,19.73,42.104,20.035,175.88,72.849,29.652,29.59,-23.204,5.3019,-20.731,1.9493,-1.154,4.6875,-2.6357,-8.9527,2.9775,10.538,6.1559,-3.2009,12.343,-8.231,16.563,29.313,1.0938,1.1706,94.922,1,0.10584,0.31516,0.072142,0.050631,0.096357,0.082633,0.25422,0.098043,0.18315,0.46443,0.12082,0.23561,0.11253,0.22388,56.188,175.88,20.035,42.104,19.73,19.73,42.104,20.035,175.88,72.849,29.652,29.59,-23.204,5.3019,-20.731,1.9493,-1.154,4.6875,-2.6357,-8.9527,2.9775,10.538,6.1559,-3.2009,12.343,-8.231,16.563,29.313,1.0938,1.1706,94.922,1,0.10584,0.31516,0.072142,0.050631,0.096357,0.082633,0.25422,0.098043,0.18315,0.46443,0.12082,0.23561,0.11253,0.22388,56.188,175.88,20.035,42.104,19.73,19.73,42.104,20.035,175.88,72.849,29.652,29.59,-23.204,5.3019,-20.731,1.9493,-1.154,4.6875,-2.6357,-8.9527,2.9775,10.538,6.1559,-3.2009,12.343,-8.231,16.563,29.313,1.0938,1.1706,94.922,1,0.10584,0.31516,0.072142,0.050631,0.096357,0.082633,0.25422,0.098043,0.18315,0.46443,0.12082,0.23561,0.11253,0.22388,71.938,58.035,26.919,29.997,32.987,32.987,29.997,26.919,58.035,341.28,31.161,29.053,-41.885,7.8149,64.049,15.262,-6.6727,-18.824,0.28027,-6.9405,0.12967,29.954,-14.528,7.4842,-36.778,25.601,34.25,31.5,1.5313,1.4987,222.07,1,0.53164,0.2391,0.0094443,0.12088,0.26436,0.29361,0.25729,0.25562,0.25031,0.34041,0.26075,0.52555,0.13017,0.38585,71.938,58.035,26.919,29.997,32.987,32.987,29.997,26.919,58.035,341.28,31.161,29.053,-41.885,7.8149,64.049,15.262,-6.6727,-18.824,0.28027,-6.9405,0.12967,29.954,-14.528,7.4842,-36.778,25.601,34.25,31.5,1.5313,1.4987,222.07,1,0.53164,0.2391,0.0094443,0.12088,0.26436,0.29361,0.25729,0.25562,0.25031,0.34041,0.26075,0.52555,0.13017,0.38585,71.938,58.035,26.919,29.997,32.987,32.987,29.997,26.919,58.035,341.28,31.161,29.053,-41.885,7.8149,64.049,15.262,-6.6727,-18.824,0.28027,-6.9405,0.12967,29.954,-14.528,7.4842,-36.778,25.601,34.25,31.5,1.5313,1.4987,222.07,1,0.53164,0.2391,0.0094443,0.12088,0.26436,0.29361,0.25729,0.25562,0.25031,0.34041,0.26075,0.52555,0.13017,0.38585,177,85.874,49.552,101.6,46.269,46.269,101.6,49.552,85.874,128.41,-11.192,-2.7489,-46.218,-14.042,0.79035,-3.8166,-4.5861,2.1537,-0.49554,29.869,-7.2642,5.4091,1.7676,-6.8815,0.63722,0.89255,12,58,1.5,3.6875,146.47,1,0.13992,0.1585,0.070667,0.014535,0.13586,0.05182,0.13827,0.082662,0.038201,0.21944,0.13218,0.12414,0.088123,0.030651,24,81.609,67.544,40.509,136.12,136.12,40.509,67.544,81.609,63.387,5.0279,13.113,14.272,-11.206,12.951,-4.9478,-8.7272,-3.9731,-7.9021,4.0223,15.821,0.87596,-28.992,-4.7441,1.9388,-0.50781,26,34,1.5,0.5,165.7,1,0.077973,0.22166,0.19283,0.085484,0.046032,0.11717,0.073832,0.12763,0.14997,0.32888,0.39542,0.42059,0.19935,0.065359,24.591,0.9399,0.22375,0.13831,0.21123,0.21123,0.13831,0.22375,0.9399,10.918,2.5841,2.5589,2.868,0.99982,-0.53202,1.4125,1.8708,1.8342,0.00057954,-0.092359,0.33293,-0.29752,-0.33887,0.12487,-0.042015,0.024607,1.0166,0.18213,0.64429,0.51231,0.15539,1,0.80215,0.56109,0.27988,0.0059489,0.38082,0.53368,0.59955,0.56962,0.46437,0.93206,0.36327,0.13458,0.65055,0.64004,36.277,0.074926,0.31218,0.22066,0.12257,0.12257,0.22066,0.31218,0.074926,4.7878,-1.1534,-1.1035,-1.4836,-2.522,-2.1603,-2.8127,-2.2724,-1.7696,-0.00052397,0.18425,-0.2202,0.064361,-0.03749,0.064091,-0.096082,0.17628,0.40186,1.1362,0.78613,0.75577,0.037862,1,0.6464,0.33392,0.040037,0.15492,0.16255,0.06252,0.01855,0.068009,0.027208,0.42189,0.78389,0.70885,0.82175,0.63859,177.48,0.31767,0.14529,0.075574,0.045451,0.045451,0.075574,0.14529,0.31767,2.3448,10.291,10.327,10.764,10.763,10.398,10.284,10.345,9.9974,-0.016635,0.078731,0.037721,0.0024331,-0.037887,0.0065756,0.070792,-0.1253,3.8215,3.4927,3.6527,3.6974,0.0071985,1,0.7285,0.58439,0.45257,0.31338,0.10576,0.007686,0.094181,0.15875,0.19913,0.98592,0.99324,0.95797,0.95311,0.94447,324.01,0.20869,0.10425,0.04096,0.075423,0.075423,0.04096,0.10425,0.20869,4.109,19.26,19.254,18.786,18.514,19.032,19.39,19.451,19.489,0.010437,0.010486,-0.036493,-0.085255,0.069497,0.0071739,-0.049033,0.045311,6.9172,6.5473,6.7917,6.7502,0.01622,1,0.87435,0.73771,0.56414,0.37579,0.099487,0.062725,0.20148,0.30546,0.37489,0.9663,0.94883,0.97869,0.99297,0.99427
97.063,57.734,28.111,51.342,38.878,38.878,51.342,28.111,57.734,252.53,11.619,8.8965,15.497,-39.285,-15.603,-25.009,-5.9688,65.258,-0.48337,-11.761,9.2891,-25.219,-5.0941,4.3786,1.05,13.774,24.875,42.313,2.2188,2.0221,162.57,1,0.19664,0.0046905,0.045799,0.043634,0.023186,0.081457,0.050936,0.12066,0.10428,0.12448,0.35565,0.21625,0.16232,0.27409,97.063,57.734,28.111,51.342,38.878,38.878,51.342,28.111,57.734,252.53,11.619,8.8965,15.497,-39.285,-15.603,-25.009,-5.9688,65.258,-0.48337,-11.761,9.2891,-25.219,-5.0941,4.3786,1.05,13.774,24.875,42.313,2.2188,2.0221,162.57,1,0.19664,0.0046905,0.045799,0.043634,0.023186,0.081457,0.050936,0.12066,0.10428,0.12448,0.35565,0.21625,0.16232,0.27409,97.063,57.734,28.111,51.342,38.878,38.878,51.342,28.111,57.734,252.53,11.619,8.8965,15.497,-39.285,-15.603,-25.009,-5.9688,65.258,-0.48337,-11.761,9.2891,-25.219,-5.0941,4.3786,1.05,13.774,24.875,42.313,2.2188,2.0221,162.57,1,0.19664,0.0046905,0.045799,0.043634,0.023186,0.081457,0.050936,0.12066,0.10428,0.12448,0.35565,0.21625,0.16232,0.27409,76.5,78.509,29.035,103.39,82.417,82.417,103.39,29.035,78.509,300.89,-8.5568,-9.4146,-8.1591,-28.616,38.395,36.024,-29.22,-44.373,2.6487,5.5646,-22.525,6.2784,34.356,1.6334,-12.128,6.1612,32.188,39.063,1.2813,1.5938,247.71,1,0.49477,0.20296,0.069798,0.033361,0.26682,0.40557,0.39823,0.29383,0.1663,0.272,0.28996,0.42272,0.16053,0.43769,76.5,78.509,29.035,103.39,82.417,82.417,103.39,29.035,78.509,300.89,-8.5568,-9.4146,-8.1591,-28.616,38.395,36.024,-29.22,-44.373,2.6487,5.5646,-22.525,6.2784,34.356,1.6334,-12.128,6.1612,32.188,39.063,1.2813,1.5938,247.71,1,0.49477,0.20296,0.069798,0.033361,0.26682,0.40557,0.39823,0.29383,0.1663,0.272,0.28996,0.42272,0.16053,0.43769,76.5,78.509,29.035,103.39,82.417,82.417,103.39,29.035,78.509,300.89,-8.5568,-9.4146,-8.1591,-28.616,38.395,36.024,-29.22,-44.373,2.6487,5.5646,-22.525,6.2784,34.356,1.6334,-12.128,6.1612,32.188,39.063,1.2813,1.5938,247.71,1,0.49477,0.20296,0.069798,0.033361,0.26682,0.40557,0.39823,0.29383,0.1663,0.272,0.28996,0.42272,0.16053,0.43769,51,210.2,105.08,102.06,88.07,88.07,102.06,105.08,210.2,68.179,-1.3219,-1.3245,-9.95,15.585,2.1714,-20.645,-0.1077,-6.8221,-0.57812,-1.9228,-20.111,-3.3014,-34.032,2.6885,-4.4667,2.0373,49,48,1,1.0625,309.21,1,0.15376,0.12185,0.19509,0.11369,0.028493,0.19016,0.070358,0.050167,0.0077938,0.040816,0.3288,0.40204,0.29705,0.068027,41,14.579,143.79,176.6,82.683,82.683,176.6,143.79,14.579,31.832,-2.3612,0.35178,-10.784,-7.4488,10.738,-14.314,5.8266,0.11641,-1.5637,4.9501,-8.664,-16.174,-16.457,28.249,-1.7207,0.14559,37,63,1,0.85417,356.98,1,0.31281,0.027114,0.061956,0.14461,0.063367,0.13373,0.14606,0.041892,0.14565,0.13709,0.1164,0.37302,0.30159,0.045855,24,1.4829,0.96449,0.5935,0.81877,0.81877,0.5935,0.96449,1.4829,12.773,-0.42728,-0.45761,-0.87826,0.96975,2.3227,2.1965,2.3969,2.6099,0.0012975,-0.10892,-0.35343,0.42688,0.0062568,-0.13211,0.10569,-0.037131,0.95264,0.30859,0.77295,0.49999,0.22493,1,0.84613,0.68852,0.5047,0.3232,0.085123,0.038025,0.11554,0.15873,0.17628,0.25348,0.41335,0.86663,0.81901,0.96213,33.23,0.94018,0.2751,0.42004,0.087393,0.087393,0.42004,0.2751,0.94018,4.9828,-2.3874,-2.3712,-2.2942,-2.6641,-1.972,-1.7911,-1.4142,-1.1968,-0.0070808,0.037071,0.06555,-0.039997,0.12059,0.012884,0.058513,-0.00020773,0.4043,1.0195,0.67725,0.6923,0.030582,1,0.78105,0.62543,0.49225,0.36393,0.20572,0.1452,0.076863,0.042154,0.17583,0.80734,0.89293,0.65469,0.57455,0.43987,173.73,0.085185,0.037851,0.028299,0.01875,0.01875,0.028299,0.037851,0.085185,3.208,9.7697,9.7193,10.04,10.636,10.551,10.254,10.098,9.9387,0.0040915,-0.17463,0.086281,0.046008,0.0082312,-0.018857,0.0097761,-0.040096,3.7804,3.4328,3.6055,3.6193,0.011405,1,0.75757,0.49896,0.22605,0.0084974,0.23224,0.34288,0.41065,0.4348,0.42428,0.92965,0.99354,0.98,0.95052,0.93697,323.28,0.26333,0.21632,0.18794,0.06692,0.06692,0.18794,0.21632,0.26333,2.8929,19.581,19.612,19.33,18.682,18.647,19.153,19.247,18.951,-0.0017035,0.11053,-0.072155,-0.035035,-0.020264,0.048949,-0.0088272,-0.053849,6.9237,6.5767,6.7396,6.735,0.012566,1,0.76968,0.49951,0.20086,0.074173,0.38657,0.51199,0.56511,0.54578,0.47562,0.99103,0.95437,0.95785,0.98296,0.97505
