-1198.1,-1321.7,-376.5,-138.29,-203.74,93.087,120.56,-102.6,-95.939,61.06,58.039,-5.6546,-21.151,15.162,-36.179,-40.618,-41.828,-111.86,-46.507,69.241,7.1941,37.862,51.237,-20.338,24.291,-6.49,6.6159,-18.064,-4.2806,-10.838,-18.815,16.074,-11.586,-9.6271,10.884,-9.101,6.2879,-1.4012,-7.4342,11.052,3.5969,4.1789,-7.513,-3.3379,5.5126,5.2433,-8.5352,-30.745,8.642,-5.9667,-1
-222.56,-743.97,333.63,136.4,-191.91,-33.573,-51.566,321.26,27.34,69.261,-14.335,-52.757,-40.162,-108.72,32.052,-16.54,-16.932,-17.251,52.389,132.69,-24.023,-39.902,58.796,-25.84,19.701,16.182,-0.53336,-104.23,42.996,-56.221,86.377,26.988,16.213,-5.207,-26.77,-29.074,4.9409,-50.618,153.31,-108.46,-12.538,-42.313,-19.066,-13.177,39.479,-2.6999,-96.082,17.547,11.978,14.098,-1
-468.45,-12.811,-214.79,-198.74,142.33,-115.88,-94.606,236.43,-107.65,-168.57,-101.59,18.454,-66.794,-70.339,-50.318,53.346,-45.274,15.44,20.421,88.652,-33.645,25.428,-20.128,27.233,21.894,66.262,-32.352,-86.174,-42.353,-63.979,107.63,-61.77,-22.969,-14.615,39.068,45.13,5.9625,-24.383,15.902,25.55,-22,-29.237,20.766,-9.7285,0.47893,-35.361,-31.946,-12.193,10.337,16.456,-1
-699.79,128.91,-216.61,-189.64,141.55,-133.06,45.732,93.561,-75.564,86.998,45.086,-92.162,-83.502,7.8109,-120.52,-55.869,49.711,56.422,49.857,44.945,25.191,-26.948,15.728,-71.748,-7.4159,91.098,27.745,-121.92,-56.045,-130.32,61.084,-88.573,65.622,80.432,-0.43683,70.456,16.107,35.212,53.696,13.766,-0.96294,-27.915,15.403,38.706,19.126,6.1718,15.163,1.0935,25.067,-13.043,-1
-477.22,-1008.1,-194.59,-150.94,5.4482,-157.38,-239.3,55.075,-5.39,-40.489,44.281,85.114,-214.42,-240.74,9.9485,-12.378,44.278,-56.308,-45.492,48.579,6.0327,59.205,59.717,-53.794,9.0282,43.618,13.45,37.281,-39.249,2.4001,-12.948,30.715,1.4746,-15.317,31.522,29.171,-22.844,22.849,44.474,2.5798,-20.927,-12.428,20.202,10.744,15.886,6.37,-10.168,-11.134,-10.917,-25.676,-1
-410.94,-934.16,-174.71,-162.14,252.96,-39.444,119.57,186.3,40.627,-189.21,97.902,-83.856,-158.47,-203.2,84.884,-4.1882,54.145,-22.871,-46.027,68.525,-83.342,43.566,17.043,35.715,39.477,7.8365,-46.218,-69.068,2.1763,43.1,27.09,17.263,-19.191,15.051,57.948,10.886,-82.187,60.174,-14.575,36.149,3.0109,31.17,8.4284,36.713,2.9044,5.4874,-28.444,21.643,-32.576,-6.866,-1
-1204.4,-1364.6,-390.87,-104.22,-256.92,141.75,98.008,-89.257,-85.827,40.228,34.553,-37.542,-4.2724,-49.066,13.757,-9.9684,0.86365,-2.1751,19.204,112.91,-0.82207,49.039,49.463,-43.95,54.009,-11.684,23.58,-34.31,1.6553,-21.293,-17.736,8.3828,-13.357,-16.95,9.8467,-9.7886,8.5917,0.81031,-11.387,-3.307,-1.1038,-5.3714,-2.863,-2.6991,-1.0425,6.9335,3.1577,-11.593,-28.079,11.727,-1
858.56,1889.9,-469.63,96.641,689.75,-532.09,59.767,191.42,0.58418,279.31,171.31,-251.38,-203.38,23.43,98.351,-160.52,-44.26,7.4365,-15.239,-39.58,-74.455,153.03,64.288,-21.823,-121,-68.435,-133.23,-4.3049,-25.216,-26.802,-31.83,-7.345,107.67,-12.286,-44.469,-136.68,-103.21,3.4251,-54.14,-19,87.175,13.357,-10.883,-48.911,-76.703,10.176,14.033,2.7374,-21.33,42.552,-1
-443.39,879.81,-405.79,208.49,511.26,-190.42,-8.4626,126.58,-77.286,218.88,-110.27,-234.59,45.362,54.125,-41.596,-131.18,37.227,14.84,8.9362,-28.452,53.287,-22.216,62.674,-150.74,46.854,34.11,24.198,-21.241,8.7201,73.123,93.951,-81.736,20.599,-37.719,-48.191,-14.365,-10.172,34.583,-0.78117,48.272,-74.392,31.204,-12.521,23.122,26.749,-6.2251,12.128,-36.769,17.005,-39.86,-1
-288.37,653.38,-296.68,-132.38,426.47,-230.49,-399.7,0.98299,-249.5,83.988,22.52,107.7,-55.827,-61.341,-164.99,-46.795,18.022,15.961,75.389,9.2831,-65.351,-7.2005,54.922,-43.819,50.65,59.391,23.711,22.218,-37.817,32.282,25.666,56.872,31.306,-44.953,58.401,-6.1987,-14.289,30.423,-11.076,-5.4001,-41.246,17.29,51.78,32.988,9.0093,17.633,-16.513,-15.328,4.9663,32.601,-1
-276.33,311.37,-503.14,-119.01,577.76,-39.067,-46.833,-158.59,-127.59,33.24,-16.598,5.851,-53.13,53.936,-120.04,150.06,-175.01,45.229,65.186,5.4678,-96.452,108.72,121.56,10.81,-86.162,-43.812,26.232,62.655,-28.51,-19.532,3.4925,17.427,2.0792,24.831,45.528,-3.4145,26.991,61.516,-8.309,17.524,0.83296,23.635,-16.722,-18.823,-36.097,1.9338,2.6751,59.332,33.438,-1.8349,-1
-471.36,434.58,-500.9,-103.8,443.85,18.575,69.799,-16.337,-139.52,165.52,150.45,30.969,-102.16,40.155,-95.762,80.742,-47.476,26.877,50.037,29.933,-57.339,79.687,98.116,8.5739,-47.336,-27.458,41.32,22.888,-35.265,-4.9731,19.887,-10.784,22.162,-7.9777,61.912,0.45526,3.3401,45.129,14.817,20.514,-50.963,-11.817,5.5099,-31.522,27.062,24.783,6.91,-13.761,-4.406,-28.989,-1
-590.38,26.531,-266.82,-136.64,427.56,-67.068,-142.82,-93.255,-149.53,-34.783,-192.27,-173.27,3.5171,61.453,-112.62,-21.104,16.093,36.628,-32.835,15.041,-77.916,43.032,76.549,-28.834,-48.601,17.538,66.475,4.3187,-48.162,16.613,68.005,-55.44,-35.09,9.807,42.361,-2.2099,-17.036,-26.518,-16.809,21.427,-4.4599,-31.124,-1.4207,3.2337,32.537,0.68854,28.77,-31.712,-46.677,-18.52,-1
-714.84,623.19,-316.4,-195.62,656.81,125.46,221.46,-89.645,-164.84,-109.32,-44.182,-198.04,50.477,72.403,-192.83,-66.362,55.162,135.12,-50.69,-48.902,-102.18,139.04,133.69,16.68,-116.02,-28.23,42.75,-7.5298,-40.847,-21.685,29.9,5.52,16.916,19.398,43.05,-8.0761,8.7372,15.356,5.7621,15.899,-17.437,0.38942,28.736,27.266,-37.479,8.5121,-12.906,26.903,18.583,18.374,-1
-628.52,-418.6,-175.05,-200.99,271.1,7.66,-83.902,-92.724,-99.16,-188.76,-30.591,-166.39,-104.33,-18.887,-36.683,4.3198,18.211,-16.021,13.945,35.196,6.7224,64.838,50.468,22.82,-0.82308,-32.388,52.405,40.784,19.64,-11.659,-13.537,28.943,-10.41,-11.237,34.452,4.8977,11.674,39.595,3.5777,3.3624,-13.493,4.3586,1.9612,-8.6963,-10.157,-12.776,-25.564,-33.444,-21.27,-11.51,-1
-976.97,-506.6,-111.26,-196.04,95.58,32.352,96.029,-103.61,-133.91,-37.448,-97.762,-211.91,56.964,73.117,46.304,-29.13,41.661,5.5499,-50.183,38.755,2.917,-10.581,8.1396,-26.026,3.7941,66.701,-14.184,-83.826,-35.741,-80.666,47.2,-34.681,33.425,48.395,28.835,32.775,12.525,-22.589,11.878,48.08,-22.594,-17.025,3.7882,25.747,27.901,-1.5306,-3.6021,-14.005,6.2682,-18.411,-1
-739.18,-272.63,-182.2,-97.913,19.558,-190.64,-64.38,-74.001,30.37,93.634,1.3348,-139.76,-169.22,-10.478,131.17,-19.694,45.726,-49.43,-53.505,45.909,-26.315,57.449,59.571,2.3318,-74.883,10.203,28.599,-99.801,-35.567,-10.372,75.095,-81.411,9.8155,8.4054,44.286,24.125,23.226,-12.13,5.8691,32.687,-21.566,-6.1007,-2.8261,28.933,9.8187,16.09,5.8536,-19.04,4.0634,4.0972,-1
-699.47,-179.93,-450.62,105.29,225.53,-44.712,146.89,79.501,-86.971,-48.139,-182.54,-150.52,9.2686,-26.673,-3.4387,-44.893,25.153,-8.6767,-18.177,49.711,15.146,41.282,30.35,-100.11,24.949,13.976,145.9,28.026,-19.103,67.985,54.769,-107.52,-19.716,-4.4942,13.255,4.6693,-17.707,8.8485,36.502,26.09,-17.989,-14.395,-15.1,25.466,11.051,14.995,2.0381,14.494,-15.603,-7.6403,-1
-572.72,271.94,-310.46,-222.59,555.54,-12.956,303.22,-266.94,15.04,91.037,-39.739,66.994,-112.55,-72.968,-40.428,5.7938,-27.749,33.064,14.205,13.94,-178.81,14.269,-67.592,-18.339,119.83,86.901,80.825,-69.349,0.47093,53.493,-13.71,-29.287,16.602,-47.474,-4.4334,-30.633,-19.501,30.87,39.611,0.19173,-16.27,26.8,13.307,-11.009,6.2514,-29.355,-33.713,48.1,39.875,4.0172,-1
-1489.3,-1403.2,-544.62,-51.662,-348.95,-105.87,-205.86,-23.629,-60.546,-111.34,21.663,-39.184,-123.59,-61.148,-49.532,-6.2966,-107.32,-77.088,41.997,-67.049,-16.177,4.2259,20.389,-113.4,-11.632,-78.324,-14.254,-9.6603,-19.898,-19.317,19.459,-15.475,-41.427,-27.978,11.464,-0.55286,8.9226,-28.94,11.033,-16.203,-6.5734,-9.0644,-14.92,10.233,0.0070291,-9.6974,-15.613,-1.0655,9.106,-1.0386,-1
2614.8,571.65,199.22,-189.08,156.4,-862.76,-92.244,189.46,-172.8,88.516,126.23,81.105,-60.154,-197.8,88.703,-28.01,106.81,-10.7,-108.06,-76.337,-8.0715,69.926,34.694,-56.313,-27.661,14.079,35.23,-13.438,69.686,6.0538,95.237,-45.224,141.9,108.07,97.42,49.164,27.847,47.608,46.266,-22.273,-56.684,25.94,-28.252,-65.106,-1.6362,20.292,-111.8,14.361,-23.096,-11.847,-1
1799.7,98.05,106.28,-239.58,72.516,-494.19,90.096,64.593,260.34,295.23,-204.22,242.41,38.563,112.12,-62.93,-120.21,-104.19,17.536,98.662,-61.376,-73.611,-171.91,103.62,50.02,-61.335,-67.024,19.867,-105.67,-84.782,35.407,-24.719,37.126,90.88,47.271,51.379,19.108,-7.8909,26.473,22.275,-67.281,-53.847,9.5914,-21.582,7.6353,44.212,0.29344,-19.619,-10.79,26.954,-7.7503,-1
-1465.2,-1305.7,-394.2,-61.001,-264.22,-84.675,-137.32,64.006,-45.034,-3.3595,18.829,-9.2153,-69.336,-25.579,-22.606,-23.012,14.617,5.278,11.522,-3.8213,38.237,-15.492,-6.1554,99.943,3.4046,74.094,31.166,-18.765,7.6519,19.227,-33.774,28.546,40.622,73.533,-38.156,-5.9192,-10.384,39.906,-10.308,-29.069,19.486,27.757,19.51,31.849,11.671,-6.9376,-16.481,-10.84,-31.161,12.314,-1
1143.4,-91.038,536.74,-592.33,7.7439,61.358,-92.935,71.499,-128.63,187.44,-29.956,107.37,-49.006,-115.77,-63.783,53.687,-179.03,-18.824,-140.73,59.642,20.176,-122.63,2.6657,-30.859,14.537,85.353,90.349,23.521,59.933,-99.132,41.214,61.035,103.81,59.498,-11.662,66.691,-15.777,91.631,-61.994,-10.461,-38.385,-12.55,-38.437,-19.477,-4.9288,-4.3612,-56.566,1.7422,24.012,-19.844,-1
211.81,-823.91,105.21,-154.73,-54.235,-143.64,101.44,-64.331,-45.769,-118.51,42.137,-94.234,-54.62,-78.358,63.502,-17.79,88.637,-17.259,125.6,56.891,279.89,-32.221,0.38722,46.697,38.037,32.779,16.861,-77.903,115.59,-5.8737,10.959,3.0925,-95.4,-31.809,-52.582,-72.601,16.707,-40.835,-51.04,-29.131,13.301,33.134,-22.057,-2.0923,22.699,18.236,29.852,-1.9856,15.254,5.2348,-1
-914.99,-1160.5,183.16,-286.67,-23.27,-31.839,-25.045,11.731,95.433,46.182,-19.85,-4.7598,-61.411,-27.953,-40.95,-14.135,-22.976,-43.16,-73.649,-28.582,14.913,37.729,-22.508,91.808,-21.481,14.509,65.491,-34.851,-10.937,-31.632,-121.05,29.846,-0.65799,25.071,-41.836,-56.49,7.6261,54.876,86.986,10.363,-16.449,32.371,27.55,-13.861,-5.966,3.2461,-13.94,2.5745,-25.681,7.9427,-1
1348.3,-313.04,-354.9,1.1035,-28.154,-676.91,409.55,-182.89,-103.95,-41.145,80.157,-155.23,-69.602,-121.25,27.665,41.973,46.555,-70.675,-169.79,-8.5374,134.29,43.732,-24.648,2.9548,-23.499,-16.91,9.5271,50.057,-73.995,80.876,82.154,-18.131,46.287,61.958,-26.689,-48.571,11.462,14.597,57.736,-12.721,-7.5981,6.7958,-42.63,20.664,-138.33,110.47,34.754,-25.219,1.1194,-9.697,-1
1583.9,-18.953,-620.39,188.27,-94.429,-793.38,316.2,-46.638,-46.621,84.465,-183.38,652.71,41.739,74.699,0.2825,155.31,119.72,-184.24,17.973,-106.81,-37.631,-41.748,105.13,-18.059,52.037,-45.328,54.682,-33.289,48.688,8.4136,-4.9882,5.7993,79.112,35.764,83.799,-5.5544,-3.6054,7.892,62.225,2.116,-25.553,11.612,-35.253,74.711,-143.22,116.69,-0.85397,-30.975,-8.4489,19.653,-1
1174.6,-233.31,268.28,-340.86,38.492,-184.88,121.26,71.875,106.71,111.96,168.31,103.23,-35.618,-29.661,-50.099,66.754,-77.105,43.344,-79.225,-29.729,46.02,139.01,-61.494,-115.41,-12.704,144.22,-19.622,32.093,-13.855,-38.05,48.564,22.349,51.645,38.048,-29.941,-11.01,2.0554,-23.393,-12.309,-85.418,31.566,-25.15,-8.718,-4.8064,-5.4674,-11.222,-20.951,27.362,61.602,-17.085,-1
34.572,-661.57,66.706,-69.481,121.28,-539.21,27.594,-132.91,-208.92,63.804,-56.321,18.049,-58.518,44.011,-44.586,-89.72,-47.377,-46.418,143.91,30.441,109.5,-41.716,50.507,65.852,45.526,103.12,68.057,67.13,104.35,-36.078,84.437,24.236,-22.448,18.809,-48.039,-25.4,24.209,-53.433,-114.72,-25.704,-3.2753,10.245,-53.585,-30.057,15.351,-58.247,6.5342,46.847,48.633,-18.465,-1
2066.8,298.92,-447.32,-332.87,73.461,-150.7,13.342,-23.333,-270.09,0.15077,-276.95,-31.983,-53.244,98.055,-146.71,95.465,-129.47,-109.69,70.17,27.501,197.18,-183.11,59.389,81.487,127.95,166.47,23.212,159.8,46.077,-31.302,101.53,-1.4757,-35.671,31.819,-136.72,-22.302,7.1378,-28.675,41.825,-4.7701,-24.261,-32.589,-55.223,88.006,-130.8,120.85,-3.4697,-32.301,83.7,5.4813,-1
-1440.7,-1344.6,-433.98,-125.97,-132.1,-25.822,-149.5,-26.935,27.253,-141.98,21.259,0.6804,-98.007,-32.2,-22.126,-32.13,56.325,-40.728,25.231,-44.204,40.82,8.5302,12.942,105.37,-3.3348,93.259,6.9098,13.853,3.4862,-3.0786,-10.679,26.044,33.906,75.293,-32.779,-29.195,-13.475,29.153,19.674,-13.653,-0.15107,-9.1478,-9.862,7.228,28.69,7.0965,-38.702,3.8489,-27.217,-0.095211,-1
1168.4,-165.19,-222.64,112.5,57.887,-759.73,15.858,52.577,-1.6028,17.592,100.65,148.18,23.717,-7.7058,-4.8026,-238.03,-164.3,40.73,58.771,-18.197,77.864,36.737,-19.414,13.77,131.42,103.87,-2.3869,-27.112,-47.748,146.14,-35.724,-51.363,-25.198,11.811,-52.977,62.733,-33.315,-5.1037,-5.9917,21.916,-44.239,-14.037,37.903,26.301,20.476,-61.665,-2.5334,-3.209,8.873,-0.44462,-1
843.54,-377.38,81.928,-10.856,-18.671,-643.27,112.77,126.96,334.07,202.08,109.57,-193.74,-62.936,-75.712,2.7512,-40.937,17.878,-91.337,21.218,-59.338,-72.519,-44.304,36.889,81.096,75.048,20.645,35.261,-32.689,17.069,24.176,-33.249,-3.2453,-105.89,-24.993,-10.705,174.35,-36.881,40.922,-34.333,-32.41,-33.944,0.96552,-17.334,21.862,-25.995,-36.411,5.7213,-16.955,26.126,6.5504,-1
-1023.4,-396.51,-424.39,-707.27,1817.3,222.99,334.9,-71.906,166.46,-190.24,-49.241,70.474,-135.24,-3.1185,-107.82,37.06,-2.6016,-31.165,33.263,-9.1024,4.9614,121.9,3.2728,151.62,26.94,148.89,69.014,-84.723,-52.198,-53.486,35.278,-10.323,-3.6778,52.322,26.706,-74.292,-6.2217,-28.137,-98.856,139.41,88.109,74.642,-84.357,-94.804,22.785,23.53,38.847,53.082,-0.68682,-13.01,-1
-1446.4,-1377.2,-413.86,-73.693,-301.4,-69.603,-156.12,-14.831,-17.796,-65.101,24.057,-7.006,-87.3,-43.555,-34.12,-9.5028,-7.6781,-29.482,9.7675,-33.233,37.528,-0.29712,15.637,101.31,-0.10279,69.715,33.562,-14.972,-0.69649,-0.047427,-32.7,23.401,28.285,57.118,-36.987,-18.626,-4.616,41.726,-7.0887,-9.2064,10.09,33.38,16.59,-7.4951,5.9309,1.6901,-5.0469,13.556,-33.588,-0.61336,-1
1260.1,-240.61,102.5,-569.52,-431.28,391.67,402.39,-133.21,166.56,289.41,-176.43,-241.75,0.35416,-6.9054,-122.12,-115.4,-20.713,-134.02,46.234,-117.61,-77.23,-75.116,96.329,49.743,-8.0653,-5.5785,-6.6822,-71.39,-59.02,44.738,29.146,-19.232,91.43,58.869,2.315,-10.879,-1.7461,74.921,-14.708,-15.393,21.704,17.535,-36.593,-30.176,32.927,22.736,-24.568,4.0978,-29.771,-9.7872,-1
93.479,-580,280.63,60.871,-63.068,-409.62,148.28,52.346,176,187.21,79.757,65.601,-92.113,21.658,-79.791,41.063,-43.931,-21.623,134.85,-41.95,-149.64,-175.67,69.066,-16.322,58.047,169.59,34.524,-6.6447,22.687,-48.961,-93.735,111.12,-32.727,-43.869,-57.526,-211.28,96.346,-48.786,312.6,99.635,-28.705,45.182,-17.769,6.7729,-7.71,104.58,-17.037,-53.282,-8.983,30.022,-1
583.15,-490.52,-45.026,-223.07,-96.453,-82.514,363.53,-95.473,245.05,163.04,-55.583,-126.7,-34.369,-167.82,1.7282,-49.412,-20.572,-59.433,-148.5,-9.1573,-9.4788,91.948,-47.637,-26.817,-82.434,40.923,4.8652,-46.21,-6.1817,27.314,110.44,28.966,155.6,100.87,44.933,-33.79,-7.5349,-41.724,-56.141,-19.917,34.171,-22.818,50.611,-49.111,59.138,-47.462,-0.73475,-15.778,-28.917,-2.0072,-1
-1625.2,51.318,-446.7,-108.12,450.34,-182.38,83.475,7.1177,53.505,3.9636,59.291,-26.976,-22.758,-126.6,13.81,-114.47,-57.503,-138.21,6.4466,19.958,7.4903,-63.843,-40.21,-13.372,-2.7629,-5.9236,1.857,0.029856,2.6627,-32.482,10.488,-22.114,-0.93389,10.986,-2.708,-7.5293,-1.3209,10.731,3.2565,-5.0419,-3.185,-8.6076,0.26042,3.0786,-1.1785,1.4899,4.4096,-0.47646,11.943,-2.8468,-1
1219.1,-415.64,-188.96,26.987,-430.03,-64.876,-135.11,-8.7916,-161.75,-171.32,61.018,-280.42,-150.24,-58.818,179.99,-5.0617,143.16,-66.73,-95.595,54.006,127.78,64.893,-44.817,-73.815,-11.295,-25.489,114.95,26.523,8.243,-4.4115,23.063,-38.049,-52.008,39.492,-50.54,-23.228,27.825,-23.569,-40.475,43.44,-23.391,1.462,-52.441,18.17,48.873,44.781,33.11,-78.439,64.637,-33.76,-1
-427.73,-82.238,-222.59,394.54,-51.794,259.22,56.27,-47.383,-43.644,-372.1,-103.56,36.356,-104.75,-53.472,-16.979,79.341,-179.31,-184.89,-30.98,-213.98,6.0333,83.799,132.87,-38.117,9.3184,10.406,-74.807,-14.471,162.41,-13.825,-47.138,-26.389,88.847,-60.013,29.25,-39.267,32.7,-31.399,18.744,34.044,25.279,-72.619,-14.729,101.08,-103.17,-33.598,28.313,59.362,-30.668,31.898,-1
653.7,-412.23,-177.46,-187.2,62.906,39.406,-74.89,97.401,-95.758,107.73,223.83,-72.251,-327.1,-40.805,73.94,-54.019,-143.78,115.82,-224.13,-21.652,183.05,-36.297,-118.12,112.26,46.606,5.4248,21.924,-62.493,105.6,200.03,-104.1,26.975,-33.963,49.987,-30.881,-16.874,-44.101,-11.949,14.842,65.325,-21.761,204,-20.365,-11.155,-38.345,-20.144,2.7267,-35.095,60.982,-21.923,-1
1309.7,303.71,-148.41,314.66,-448.34,293.55,172.41,-200.34,-51.968,53.264,-94.647,-357.08,-66.343,197.49,-171.32,-66.754,115.55,-188.21,131.36,2.0229,-130.31,31.071,13.376,-104.92,-57.879,27.944,52.388,-33.216,-26.058,129.64,62.86,-35.285,-34.572,-104.21,10.414,-14.705,-1.0023,61.161,-0.024906,63.67,-17.596,-20.958,-27.134,78.413,-14.589,26.382,38.794,-27.739,30.393,-39.175,-1
3192.3,-462,-211.55,444.86,-683.2,263.22,234.85,-409.09,-75.807,328.12,-195.36,-316.26,-135.26,-107.88,-152.9,-332.71,-45.055,157.44,162.25,228.44,-89.015,43.032,-167.08,-181.01,-113.5,120.34,66.263,-13.761,210.27,56.268,-124.5,-39.003,114.24,-142.28,-111.02,-41.917,-30.121,8.0758,186.45,14.112,-107.57,-34.43,14.015,6.6704,-115.62,-7.8088,98.105,-71.011,61.12,-108.35,-1
947.1,-389.22,-47.921,251.47,-489.57,1.6036,120.85,103.35,-105.63,-286.38,109.23,34.647,-480.46,279.46,-76.367,-58.422,201.42,-213.69,-64.246,-102.85,-101.38,-4.5949,-66.472,-25.97,-34.544,58.961,21.09,-42.355,10.033,-2.8731,63.791,-81.747,42.835,-90.009,-14.467,7.9085,-10.102,49.619,81.938,69.982,9.1108,-43.524,23.04,32.883,-83.595,9.1769,-0.029302,28.138,-19.211,-41.146,-1
1800.3,-301.73,-167.31,163.38,1.1235,152.6,-161.5,51.044,-132,-101.7,257.01,-146.03,-148.99,-179.89,194.62,159.7,173.81,-44.035,-97.129,78.692,-144.22,115.09,-93.994,-58.337,-57.645,34.686,5.2232,-89.779,-25.197,206.16,86.327,19.304,-155.32,110.47,15.71,-24.899,-83.437,130.31,-34.443,-31.849,51.607,17.704,134.83,14.652,-2.7185,64.964,5.2739,75.136,9.4314,38.103,-1
495.71,-135.62,-109.29,112.93,-307.6,-4.9748,31.623,-63.966,-56.493,24.368,-90.044,-288.47,57.069,39.49,155.57,75.772,12.118,-5.2624,-254.53,-15.944,9.0007,78.203,-44.849,-44.237,7.2356,44.892,53.061,-29.835,51.772,58.648,-43.217,-58.897,-32.934,-44.872,-71.862,-25.841,24.622,2.8989,12.94,-16.256,-9.0773,-91.142,-77.683,11.171,-16.975,-15.34,19.223,5.6337,-39.044,-6.2279,-1
-804.79,54.917,-180.11,27.131,-23.918,438.68,-20.974,154.15,-16.278,12.847,199.11,-180.35,-68.068,-340.62,-195.53,77.281,233.58,26.672,92.092,57.863,7.7317,11.535,119.91,95.815,-52.828,-74.783,-66.753,11.412,106.05,28.4,-37.538,-7.1382,146.21,103.19,-3.4954,-26.162,33.752,17.187,-121.65,36.784,-95.415,-92.799,51.652,-29.74,28.62,64.579,-23.455,-16.267,-31.095,-12.088,-1
-462.12,198.83,-34.404,262.37,-67.174,463.78,87.19,231.21,233.47,102.97,-31.406,-87.139,-148.4,-68.644,-27.779,97.673,73.854,94.628,-10.674,-92.848,3.9121,-116.13,-25.783,106.46,-17.715,-46.692,-92.827,-21.671,-2.1627,134.82,24.119,-6.773,-24.277,-97.271,2.561,27.478,1.7873,51.215,8.752,24.998,-7.1967,67.914,-52.391,4.7015,15.193,11.602,-5.3767,2.3076,37.894,2.764,-1
962.39,-841.24,-239.16,384.47,-429.81,173.09,260.03,-205.84,-38.135,-25.777,164.33,-261.23,-251.88,49.244,-38.178,179.26,31.179,-95.755,129.9,163.09,-37.104,77.055,-55.146,-78.143,-44.778,-17.876,79.134,25.505,-121.7,81.111,35.874,-47.687,-60.572,49.914,-36.657,-72.049,43.959,31.266,-12.811,36.698,49.403,51.338,-33.041,117.62,11.433,75.922,-22.491,-27.433,-20.104,8.0271,-1
947.28,-566.73,-213.02,90.323,-323.21,157.48,-20.822,47.935,-169.45,-289.71,136.72,-91.711,41.19,23.624,47.202,-22.134,108.76,-15.939,-65.561,68.829,136,15.406,-37.782,-111.6,-46.509,53.331,72.348,25.48,-14.465,25.094,-11.375,-62.81,-99.587,-20.147,6.0581,20.875,-50.815,-1.8394,32.777,85.857,20.23,28.137,-23.217,43.169,-25.532,-9.027,0.74349,-19.978,-2.3237,-23.876,-1
191.25,-414.94,-245.83,96.974,-291.05,-224.86,-138.95,42.728,13.293,-46.603,-18.911,-81.442,52.9,-37.16,42.622,39.167,-35.214,139.42,-92.418,-39.622,6.0546,-26.592,-69.199,-107.45,-134.46,51.32,25.097,8.8221,116.25,97.07,-24.597,-49.746,26.067,-44.75,-49.348,-78.038,5.1991,26.8,90.774,38.979,-1.5466,-9.0876,45.465,-23.451,-33.125,-24.229,1.1333,-10.969,11.733,74.095,-1
890.95,-755.33,-45.43,439.77,-71.434,392.86,-121.16,208.65,235.05,-57.942,-60.838,-274.33,184.67,182.79,-53.59,55.244,11.256,-179.38,46.388,-106.44,134.35,59.8,-60.715,-78.023,53.455,17.99,85.874,63.182,44.004,27.888,54.115,-68.395,-94.631,-88.128,34.171,-6.009,-16.726,23.711,59.682,41.05,-59.24,34.081,-10.912,-90.637,38.177,16.453,19.26,-74.44,-33.113,13.234,-1
-147.28,-346.78,-224.63,153.55,-23.486,239.2,58.202,-73.539,50.088,33.002,57.451,-36.348,-35.932,-89.479,-85.624,115.21,102.39,33.927,82.991,-88.674,53.068,-98.635,30.65,1.3339,7.207,29.964,-36.413,11.119,-11.431,85.4,-14.794,2.2592,-80.927,-12.341,-61.16,-31.188,-66.788,-8.4543,6.5139,35.13,8.4809,0.67319,89.559,-48.701,-28.541,-40.829,-20.859,55.501,49.779,26.531,-1
-1174.6,379.33,-191.49,-37.699,147.15,445.55,-46.944,88.018,-6.2297,120.07,-49.798,19.485,151.17,-82.636,17.653,15.834,20.935,21.937,6.0459,-58.32,-43.052,37.033,-20.995,-21.899,-57.663,46.897,72.812,-31.899,-14.95,27.608,-16.161,-15.52,8.446,-20.711,0.019151,12.223,67.372,15.832,-10.407,36.245,36.445,-15.226,35.798,-103.03,62.094,31.619,-0.83502,41.132,112.19,-87.063,-1
-774.16,-949.14,-363.09,-37.832,200.18,-89.666,28.946,-99.002,-121.96,-148.27,134.37,-1.7163,-8.5048,-15.913,91.5,37.851,31.878,78.239,17.21,25.924,-18.777,-13.138,-41.255,-12.723,10.383,-40.167,12.273,18.316,-5.7945,-37.263,-7.4627,33.865,15.717,26.298,-20.825,-3.1499,11.486,-6.5642,-11.515,-4.6768,-5.1121,0.74855,3.0629,-35.199,11.362,-13.671,32.864,-5.9856,-4.0051,-26.97,-1
-1227.6,569.4,-213.63,-7.8439,251.15,826.79,266.07,254.38,248.94,271.27,4.0988,-56.674,105.81,13.07,12.232,-6.6126,10.802,-16.413,-55.021,9.837,20.531,-17.592,-72.053,108.94,-88.54,98.911,106.13,-126.49,-28.827,68.759,-14.931,-88.446,13.718,-38.598,-28.89,18.093,147.69,39.911,-146,-6.7037,3.1922,-45.204,14.603,-26.752,-35.768,-38.095,-102.54,-100.75,78.415,32.001,-1
-1421.2,778.16,-179.23,-97.044,110.36,74.344,142.96,59.438,-33.738,-114.27,-395.24,-1.3837,227.66,-74.512,45.194,-22.022,76.946,60.6,-87.97,78.847,25.954,-30.699,-42.625,112.43,-45.698,71.121,51.47,-100.24,12.241,-8.9776,-46.019,-44.104,31.63,-46.362,-9.7098,7.872,117.31,26.687,-136.57,-19.976,-15.564,-47.991,52.411,-51.482,9.1434,-35.69,-19.931,10.127,-41.956,62.197,-1
-985.7,-424.77,-331.26,-26.144,254.5,284.39,25.125,-30.927,-136.43,8.3369,-144.26,6.104,83.122,-12.135,43.865,10.528,-23.713,107.27,-14.249,5.2644,-5.771,-21.967,10.422,-18.532,48.287,-22.577,-109.3,103.03,34.232,-26.804,-10.752,-0.70145,-24.333,33.229,-19.644,34.832,14.733,-11.212,48.899,-30.628,36.993,-2.8759,21.965,12.996,58.022,1.677,-17.882,60.747,-5.7031,8.6016,-1
-968.22,20.04,-240.93,-76.114,80.187,57.707,-107.09,-36.364,41.093,-183.43,-238.75,-48.994,-258.77,154.29,-76.237,-52.209,-93.581,118.88,-75.203,174.71,5.2595,-57.674,-89.006,116.27,-52.014,-57.022,151.59,-50.181,-11.268,-15.326,-18.884,129.8,178.31,10.978,49.001,-58.265,-133.54,6.759,38.148,-30.857,-58.865,4.4778,-27.636,108.35,-19.718,-4.7918,-40.893,-28.054,2.3702,-105.12,-1
-1197.5,148.96,-231.22,57.761,239.35,248.06,557.95,189.97,249.76,-78.443,106.25,-9.3604,113.67,-26.484,52.837,-6.7219,-40.394,86.933,-191.91,-53.453,-62.344,116.37,15.793,-47.034,38.277,-98.856,25.72,60.613,-67.579,49.119,67.132,8.2322,-101.09,1.3103,-1.3241,43.062,98.065,-157.67,-65.768,-9.5023,91.81,-10.731,-32.248,-72.608,-23.074,29.688,35.323,-132.06,-16.778,-45.424,-1
-1983.2,2389.3,158.31,-16.059,-56.275,-491.53,208.1,-72.135,259.74,-537.44,125.96,-40.264,-114.65,27.07,73.2,-86.376,-174.49,224.54,454.57,-171.06,-67.29,-152.51,16.912,-37.945,-12.503,63.051,-101.76,24.692,99.301,-59.13,-10.926,-22.225,76.858,-39.618,-46.164,57.477,-65.317,-53.085,-80.059,67.898,-132.96,-19.696,65.574,-169.15,57.897,-122.38,-33.642,39.691,-175.78,114.7,-1
-788.43,-901.9,-332.77,3.5187,177.72,-112.81,47.872,-117.59,-163.98,-100.16,67.414,5.0005,26.609,-44.961,75.883,28.489,37.485,78.965,-18.858,24.857,-20.954,-6.6937,-27.284,-8.9651,12.275,-44.472,-3.8821,18.749,-0.25124,-25.184,-2.6603,20.435,13.045,23.288,-35.129,1.2331,-5.6182,-1.0341,-14.002,-2.8912,-11.12,-0.62518,-5.2543,-22.135,5.909,-9.4562,-7.7978,-9.9094,25.585,-7.6847,-1
-708.53,-383,-307.63,-34.207,246.94,226.14,-65.636,123.6,29.267,106.83,77.373,-7.0208,-3.8246,12.609,-0.22888,3.6058,-61.599,57.922,18.383,14.773,-24.574,-77.575,-11.166,-20.844,-0.83916,-66.86,-67.124,120.7,-26.609,-111.07,-64.1,11.713,-46.651,23.977,19.359,79.287,86.549,47.221,-16.464,-68.889,-12.693,-12.194,-66.506,102.83,-21.709,7.6614,-12.031,42.313,-11.342,-38.779,-1
-1473.1,1334.5,-53.294,-74.697,197.36,488.55,-515.54,109.76,110.17,-310.95,-474.59,53.06,341.88,-165.45,45.206,-15.552,96.157,-54.499,97.37,47.004,-24.271,-45.549,-12.934,-17.856,-45.484,26.137,121.77,-117.29,-76.737,81.973,54.502,-13.473,-41.519,-9.4293,-60.399,-54.001,23.046,144.14,-48.362,30.248,64.823,-36.741,-41.065,104.21,-58.177,53.082,81.761,-101.63,193.23,-95.565,-1
-1427.4,883.34,13.604,243.24,314.81,800.24,-487.41,-160.82,-217.74,192.34,3.1059,30.283,-11.444,54.113,-6.6432,1.6024,-94.74,120.36,180.59,-70.852,-5.6584,66.443,-15.428,-57.437,-82.065,132.8,114.42,-163.71,-90.769,23.703,5.6248,-57.845,-27.697,25.85,-13.723,-55.251,-37.936,169.48,43.175,82.555,93.429,-10.623,-60.334,40.174,-15.519,-52.371,-51.72,2.7934,-151.48,-9.5413,-1
-1705.5,1648.6,110.41,190.99,213.14,414.33,-208.08,-92.286,-19.749,-0.74301,218.2,12.316,139.67,-46.195,55.007,-13.729,-164.27,218.44,418.56,-95.412,21.142,-161.83,-4.9469,18.553,-84.388,172.9,-55.274,-112.68,59.535,-111.34,-62.769,-86.065,121.97,-16.656,128.76,15.777,-25.116,-48.825,5.8714,-90.82,-85.43,22.68,-34.252,16.983,-38.603,23.266,1.6057,95.777,-6.2716,-107.9,-1
-1242.6,677.31,-200.93,-101.19,307.99,567.26,-162.28,122.89,91.87,82.8,46.597,5.1836,16.588,-25.869,-12.574,50.254,-14.496,20.805,-118.99,-23.778,-1.74,19.216,-45.394,-15.543,11.498,46.847,-74.442,-85.495,-18.776,-68.903,-146.06,-44.225,33.593,-72.712,77.528,-54.478,57.471,33.431,-35.491,-47.455,-45.913,2.1159,16.424,-45.96,-18.75,-25.142,96.075,-48.653,-31.81,-11.878,-1
-739.52,-832.14,-299.71,63.825,292.59,-26.919,-70.918,-98.805,-150.48,-5.6807,43.632,-2.1009,-10.38,-35.383,38.002,54.436,-4.775,43.051,26.965,9.5247,-11.24,-26.001,-41.355,-24.737,21.302,-16.368,4.5056,42.01,16.764,0.42598,-12.738,2.4432,24.914,34.176,-29.159,-5.853,-5.579,21.779,-15.879,16.924,-4.835,1.8282,16.07,-21.505,5.4494,-38.944,-9.1628,-20.796,4.7565,0.54242,-1
-1282,457.34,-73.889,180.17,203.63,216.38,-42.002,-115.57,-146.58,55.044,62.436,-2.5468,8.8671,-16.363,57.881,23.474,85.276,6.4989,-79.519,-4.0479,-25.226,-0.46404,-17.916,-22.346,27.205,-25.354,-51.762,-27.177,-9.4243,-51.24,-57.056,-9.6142,-30.272,-56.38,99.177,-49.114,58.766,7.3787,56.934,4.7961,49.617,-16.916,-25.523,-22.493,-32.953,6.0018,29.333,-93.238,-87.075,-37.636,-1
-918.91,829.56,-30.074,-102.51,-127.01,32.887,185.37,26.076,60.59,-230.04,-25.511,-136.75,-14.999,29.169,13.386,-32.241,152.7,-132.06,-37.684,-80.105,-45.384,103.77,67.491,-16.669,-54.434,94.532,5.3237,59.341,37.961,14.797,109.49,11.225,-6.6808,-0.85826,11.784,-0.49399,-30.955,2.3454,92.696,-35.645,-19.346,-45.369,-8.239,13.514,-21.691,-35.256,-21.455,-14.953,-16.795,12.145,1
-347.51,-476.1,6.8474,-205.18,62.804,233.33,74.182,128.1,-66.588,-29.668,20.546,23.965,84.279,-122.55,-74.295,6.1352,49.398,-63.506,10.793,-61.876,18.035,27.489,15.981,-111.66,32.388,-51.038,84.097,29.856,50.958,-24.383,26.935,-8.9416,-52.471,-40.101,-26.061,-100.64,-59.638,-31.794,42.589,0.86687,27.804,32.303,2.1433,21.156,-25.143,-50.364,-8.779,4.3961,-3.8277,-24.301,1
-1022.9,2112.9,246.88,-170.78,-78.666,251.77,220.47,-174.74,51.234,-98.911,47.557,-125.04,152.79,-46.747,26.674,80.235,59.755,-71.329,-65.521,97.214,-184.39,159.79,100.27,112.08,-69.067,30.735,-12.09,46.308,-25.396,-91.366,7.7842,-23.48,-2.5315,49.358,-13.524,-36.624,-3.9432,-6.0096,-21.961,3.4171,-4.2382,42.729,-57.223,24.82,25.155,21.298,27.369,-10.601,-15.309,2.029,1
-1066.3,2059.7,273.37,-136.29,-37.781,332.04,429.39,-449.97,119.62,-195.18,22.206,-100.72,196.65,-71.923,4.8432,31.34,72.57,-93.091,-67.508,-115.2,-115.7,32.745,72.627,78.795,-88.354,14.363,-30.244,106.28,-15.848,-24.384,61.01,-29.014,21.935,9.3543,32.416,45.129,-43.537,-33.776,73.135,-6.32,-4.3783,-30.183,-20.018,-30.412,-5.9082,-47.869,0.95407,17.544,27.641,1.1989,1
-1109.4,1517,204.49,241.52,137.58,268.3,-148.7,-573.37,-244.73,-234.78,48.487,-101.87,121.24,-82.876,2.7798,145.2,42.377,-46.726,-73.794,-3.2663,-81.057,-47.816,57.065,51.413,-23.685,75.784,48.122,17.155,-46.438,-81.902,-46.879,-32.582,-10.206,65.574,-66.812,-26.008,18.826,75.491,-36.083,-5.3387,4.0732,-2.2583,8.673,1.7917,32.833,51.636,11.793,-4.318,-31.631,-2.9512,1
-1050.2,1466.9,137.66,-94.391,-73.657,381.86,545.94,-457.24,150.59,-281.38,28.619,-84.708,184.65,-52.767,9.894,150.43,93.567,-62.775,-97.149,-40.142,-127.74,65.563,49.526,61.896,-63.368,-0.58476,-13.229,35.523,-1.5755,-7.9761,6.9968,-26.748,-1.0337,-18.278,46.041,-21.707,-6.2774,-15.176,18.099,-16.028,-10.979,-25.194,-4.5734,-27.271,-3.5207,-36.95,-13.327,21.733,38.936,5.8242,1
-1014.2,1351.5,130.68,21.889,-88.637,347.97,262.25,-366.8,26.835,-332.08,20.241,-97.906,182.2,-72.323,-7.4664,-81.706,46.393,-127.96,-38.871,-77.667,-64.696,-11.25,74.499,58.66,-31.207,72.947,7.2586,63.817,11.89,-19.534,33.389,-33.245,16.618,-45.89,33.857,9.3827,-0.48449,-41.855,-35.727,17.158,33.719,-20.167,-0.58583,-47.425,25.206,4.9296,15.647,-8.8816,6.7583,-19.264,1
-999.54,994.94,72.587,93.028,-0.045591,331.38,149,-212.46,-7.274,-105.47,13.328,-36.832,132.16,-57.71,20.454,12.564,96.151,-111.47,-73.143,-24.766,-141.1,58.875,75.865,53.897,-40.047,58.333,31.298,25.971,-23.015,-46.953,-16.793,-6.2254,5.8592,8.9922,1.8198,-50.737,26.401,18.182,-62.581,6.3319,-2.2612,9.211,4.6494,10.753,3.5078,25.349,0.76725,-0.061532,-12.195,-8.1388,1
-1133.5,1854.1,233.52,-10.031,130.33,204.1,365.1,-504.93,38.994,-273.49,34.291,-96.118,134.46,-72.016,-7.6276,57.2,63.377,-68.567,-62.281,-122.97,-85.256,57.521,25.738,2.0455,-85.492,10.048,18.416,14.637,-38.734,-35,70.803,-42.503,-0.7941,74.404,-58.275,109.67,-69.471,-66.366,69.884,16.72,43.57,-44.044,47.169,-5.6322,-17.968,-19.464,-27.779,-12.988,-19.372,11.522,1
-1188.8,2949,357.32,-264.26,73.112,176.39,381.34,-641.65,72.114,-491.8,69.142,-135.05,149.8,-82.141,-12.024,48.34,-12.317,-11.571,-8.9422,11.279,-59.775,38.389,17.367,27.049,-45.82,-33.138,5.4115,88.454,-0.50386,35.284,63.977,52.547,-1.3145,-16.848,20.338,61.857,-31.056,-76.783,90.286,-9.5402,0.12987,-39.637,-23.03,-13.435,-16.869,-32.26,-4.6917,-5.3024,-15.738,19.155,1
-1147.5,2071.4,265.22,-7.0386,140.26,181.59,273.03,-480.73,19.916,-257.07,50.181,-114.87,144.08,-87.939,-8.1402,141.59,74.427,-85.904,-85.318,-97.574,-134.75,25.098,95.113,59.85,-70.788,66.714,-0.3334,53.784,-8.8471,-42.134,-50.838,-39.815,-30.398,35.676,-16.177,-52.739,10.071,17.569,2.9231,-15.162,-4.1629,7.4126,12.891,13.876,7.6954,43.129,-9.153,-1.6851,-7.373,-1.1372,1
-1145.6,2363.8,274.04,22.289,173.09,-10.293,-394.03,-346.4,-273.98,-157.4,55.178,-143.86,89.988,-118.97,15.647,-227.05,-0.18161,-115.28,28.746,160.24,-103.52,11.379,113.8,124.42,0.65601,189.48,73.31,66.87,-49.289,-94.022,-50.901,-9.7881,-8.3825,49.828,-73.749,-33.855,16.223,38.464,-40.209,5.0498,-1.8624,20.74,36.755,54.099,8.8288,74.691,-0.2413,-6.0655,-46.424,-12.452,1
-1201.1,3576.5,393.34,-551.73,64.713,-45.877,9.2793,-622.86,-97.392,-450.69,112.69,-208.7,174.76,-135.76,-0.75558,-38.319,-27.384,-49.53,-4.2632,155.25,-127.2,22.483,104.75,150.85,-5.2479,168.84,50.425,37.756,-94.997,-129.33,-68.562,-44.869,0.031008,23.452,-13.046,4.993,-36.38,28.9,45.008,5.4492,15.722,-5.8189,-2.4546,21.736,13.559,1.1995,8.137,16.443,-1.2369,-5.2982,1
-1170.9,2657.9,352.61,-104.72,82.078,279.7,111.52,-781.07,-156.7,-394.32,53.01,-145.03,154.99,-114.27,-3.0767,-20.061,-1.2734,-66.784,-20.297,47.1,-77.748,-84.312,79.453,100.31,-16.241,128.03,74.503,87.886,-74.609,-65.854,-23.729,-27.982,20.762,-17.447,7.273,-5.3453,-5.3503,8.7893,-3.911,-14.257,-12.885,-19.11,-20.447,-8.0302,1.5856,-2.8596,-1.7269,-15.148,-15.034,0.90987,1
-2489,-361.42,-499.87,-420.14,-276.98,372.83,-298.55,173.19,19.8,8.9593,-17.399,-52.075,105.91,-17.791,37.278,8.6896,64.013,19.698,42.398,-41.827,7.8087,-7.8246,-114.89,-9.3216,-0.74046,9.7136,-63.305,62.463,-25.036,10.521,-65.333,-13.407,-30.345,-37.762,27.991,-30.794,11.024,-30.117,-12.732,-17.089,8.6416,-5.4759,-12.685,6.2547,-2.5518,-18.082,6.0572,-2.837,-7.1723,-8.4374,-1
1311.6,1361.6,-275.75,34.097,672.84,338.91,-118.13,200.38,-398.19,125.11,-125.44,-68.834,-136.67,63.131,64.545,-83.77,41.755,130.92,266.65,106.89,-221.6,-51.076,120.04,56.771,66.2,-163.66,-7.9984,62.604,-24.934,-33.845,79.974,-39.282,57.038,-129.29,6.2153,83.141,48.747,10.179,-25.906,-3.9827,-11.77,-17.04,-42.973,-16.622,-12.097,15.31,-21.115,22.112,6.4533,-11.22,-1
517.55,1268.8,-420.82,0.62674,490.38,212.1,49.026,-104.37,-174.47,105.69,-327.23,45.954,-179.45,-34.402,120.76,-39.959,11.171,218.35,74.728,186.25,-317.21,71.963,97.361,-48.49,101.31,-95.332,-5.2981,74.635,-55.535,-71.502,2.3094,-60.625,12.575,-91.837,8.8788,46.591,50.501,3.9224,-63.388,-19.222,42.287,-85.764,3.8239,-48.07,-21.9,31.101,48.86,55.893,-64.182,18.315,-1
648.78,1181.7,-600.94,42.797,306.31,164.22,-89.072,55.209,-172.44,146.43,-182.74,56.726,-211.08,-13.479,-53.343,116.46,23.828,3.7969,208.39,105.77,-175.95,-177.98,28.446,-9.5517,94.134,-151.18,99.597,12.614,-15.401,39.156,54.977,25.476,50.42,-66.51,0.33811,-13.641,-25.334,46.651,-107.65,86.476,-43.274,32.553,5.09,36.96,34.355,24.707,-34.948,-19.92,12.459,-39.45,-1
-737.01,725.26,-251.49,101.69,-96.543,28.797,171.3,247.57,-110.48,-151.48,78.73,-127.27,-141.23,-201.85,-134.1,51.279,62.966,-33.543,27.894,143.69,-126.6,-116.01,37.617,-181.68,101.07,-14.51,102.32,-1.8949,-45.769,42.155,63.863,113.13,22.002,8.7331,-33.543,53.022,-88.69,109.08,-68.466,42.795,18.008,-38.317,5.1908,22.851,-20.952,-65.855,-66.429,68.132,-30.773,-48.634,-1
293.56,1394.3,-584.08,141.22,577.47,390.65,-226.37,-170.54,-115.2,217.96,-63.019,226.41,-287.75,-43.338,56.877,32.56,-15.424,205.5,67.271,189.43,-228.99,11.321,46.627,18.638,65.328,-158.17,-10.564,-9.0739,-59.022,-55.297,34.875,-8.695,2.6828,-120.95,30.793,31.071,13.249,74.167,-26.297,44.308,38.296,-51.885,-11.301,82.342,12.798,50.028,-18.498,19.209,8.0375,49.396,-1
446.79,1452.7,-538.96,106.43,556.87,340.49,-59.398,-47.09,-38.974,131.92,-9.7119,142.77,44.312,51.187,13.287,217.56,133.07,107.54,119.5,-10.013,-123.61,128.34,41.832,-20.228,125.35,-29.37,74.896,-36.495,51.57,-28.41,85.1,-15.513,24.632,-42.004,-44.169,150.24,2.198,-59.922,-3.6802,22.57,59.4,-82.981,7.5262,-61.104,-52.026,12.034,-93.893,-74.151,32.023,69.001,-1
882.98,1912.7,-572.46,-41.813,79.216,283.27,-95.241,-348,239.67,580.81,78.21,-48.692,-1.2972,84.631,-44.383,15.12,-123.06,167.76,-3.0499,-10.007,-275.4,64.852,54.065,64.718,24.964,-57.191,10.715,63.466,87.01,12.831,38.521,-43.515,65.434,-11.87,-14.497,115.19,-3.1194,-43.276,23.636,-64.183,49.143,-105.15,56.675,-87.886,-18.224,13.072,34.661,-16.418,-7.4893,36.308,-1
-141.69,1089,-443.12,140.02,356.7,215.53,-47.151,6.3225,134.02,-91.254,-234.07,150.61,-306.6,-0.97014,5.8713,126.68,-184.94,20.528,119.62,167.64,-271.53,-134.17,2.2134,31.505,54.699,-138.98,2.4478,61.914,1.0966,-11.995,29.639,-39.024,-24.943,-9.3905,171.2,85.437,55.62,84.343,-59.604,61.969,-61.837,41.598,19.311,38.272,-59.396,49.492,46.622,-25.794,27.538,-10.742,-1
385.17,1233.9,-380.98,-107.38,179.09,201.21,-37.343,-114.22,160.41,267.05,-181.57,191.1,-13.805,-191.16,-116.2,137.59,-115.49,57.788,-129.33,211.13,-120.69,-100.22,-9.607,-71.246,130.22,13.752,216.6,29.324,-4.4598,4.5362,-7.0558,61.285,-0.42533,28.064,-24.71,22.383,-38.93,87.173,-143.15,76.505,4.6942,-27.45,-27.025,71.934,73.846,48.791,-40.633,6.1342,29.962,-25.014,-1
-833.88,-1035.4,-321.04,-157.56,-217.73,-24.468,-327.61,-44.015,-55.753,-157.77,-14.087,-91.803,-89.174,-137.61,-99.353,-66.537,-24.413,-15.167,5.7716,-26.513,-58.367,9.5302,27.371,-7.5176,-34.485,24.313,-6.9999,-2.936,-16.008,-20.666,4.5406,2.0856,0.52692,12.041,3.1997,-7.1865,5.6162,-5.8682,0.59622,5.8788,12.524,2.834,-5.549,-9.8646,-8.6701,3.9813,6.4067,5.305,-2.9424,1.4942,-1
-1310.8,1362.2,-34.729,300.15,-389.86,-23.846,-20.769,-131.9,-51.285,82.38,262.99,33.521,-120.54,171.58,79.849,-37.54,120.59,-68.42,37.875,-55.4,10.819,-67.623,102.63,-150.66,-9.7357,15.944,-1.799,6.2492,135.87,95.959,-145.97,-14.038,11.022,-23.939,15.618,3.8896,-62.602,25.921,-30.64,25.15,4.4885,-9.3794,-41.268,-41.52,-80.678,-84.718,-17.277,-53.37,-5.5286,-9.4574,-1
-1597.4,1285.5,1.9367,136.39,-265.56,-54.268,-184.94,-69.229,231.35,-92.051,316.41,140.26,68.814,47.309,46.729,354.75,-276.94,14.771,-58.467,-30.513,-80.221,130.22,-107.26,2.0725,-51.193,34.942,1.8714,18.027,17.588,-45.627,-2.9412,-53.938,12.48,-51.458,-3.0654,18.241,-4.7479,-12.848,-64.397,-17.979,-28.539,32.613,24.766,-39.247,-10.354,-0.24933,89.031,12.487,26.706,7.9512,-1
-1713.7,1626.8,30.668,181.04,-285.88,-41.73,-181.53,-141.82,123.72,-84.479,466.47,82.467,71.237,33.939,8.1335,392.27,-305.46,59.495,-35.627,14.677,-36.402,80.82,-45.36,-19.702,-35.837,50.132,17.693,34.671,75.315,-4.9038,-40.282,-64.646,72.468,-58.91,33.798,-1.9886,-43.426,-0.28549,-120.31,-27.384,-57.219,49.419,29.132,-42.337,-37.473,17.503,89.182,37.947,54.98,20.887,-1
-833.87,-1035.5,-321.03,-157.52,-217.78,-24.494,-327.65,-44.085,-55.779,-157.76,-14.042,-91.777,-89.227,-137.68,-99.39,-66.416,-24.511,-15.204,5.7483,-26.377,-58.299,9.5685,27.353,-7.6014,-34.588,24.349,-7.0006,-2.9756,-15.922,-20.604,4.5032,2.0713,0.48081,12.078,3.1346,-7.224,5.5385,-5.9664,0.45974,5.8754,12.545,2.7862,-5.5838,-10.121,-8.6334,4.0237,6.5633,5.3643,-2.8145,1.5592,-1
-1084.3,-562.16,-756.48,-23.814,-407.81,-40.469,-47.987,267.35,-42.879,-28.23,-173.74,-164.47,-33.391,18.335,-88.122,-11.472,9.0116,-10.899,-9.8964,-47.33,-13.899,-36.307,3.7221,-15.949,-42.646,-52.937,-44.947,-21.196,17.005,-9.649,-16.867,-65.949,10.961,-6.2659,-17.741,-20.652,12.626,-0.17192,1.518,-0.22184,-8.4542,6.7852,6.1531,-12.178,3.3942,1.0214,-2.886,0.60537,1.295,1.0293,-1
-1067.1,-562.35,-694.81,43.084,-362.85,-55.394,-33.977,167.56,-29.278,-2.1708,-152.11,-82.823,0.19207,21.365,-16.804,3.5896,-6.5538,0.81633,24.851,-8.3097,-5.645,39.368,-9.124,-3.2112,69.695,75.428,110.18,31.534,46.219,-25.075,9.3479,88.038,-67.014,-9.4255,-3.9697,3.6301,-9.9919,35.408,6.9421,-2.9876,-15.722,-23.831,-21.889,13.646,0.19139,-6.9391,-8.1902,15.781,8.065,2.988,-1
-1050.2,-516.82,-683.32,45.643,-351.55,-70.252,49.367,127.95,37.252,-27.126,-110.05,-123.15,8.3802,11.387,-10.872,21.038,-3.6267,15.626,16.622,-8.1555,-21.53,14.911,-28.93,-12.931,78.208,77.789,114.47,43.736,28.928,13.724,2.2053,89.761,-51.218,-6.9672,-22.408,8.292,-18.547,41.862,-6.0429,1.6591,-11.143,-12.084,-12.068,-1.9001,-21.221,7.875,-4.7021,16.826,-3.9511,9.867,-1
-1074.1,-552.56,-728.94,-8.2469,-376.69,-60.556,-53.629,209.48,-43.227,-10.271,-127.91,-86.681,-22.39,8.4603,-27.691,12.537,-2.4044,-6.1768,12.853,-8.6196,-27.228,-11.902,19.969,-13.229,-17.786,-20.693,-0.24893,2.1582,15.57,-8.318,-19.184,-25.512,-0.12391,-14.743,-9.4592,-1.468,-2.6365,10.535,-3.6239,-7.9003,-4.0812,1.2448,-0.98809,-9.1788,6.016,-2.3827,-2.1667,-3.7427,1.8548,-3.005,-1
-1072.6,-520.03,-719.99,23.933,-330.53,-143.91,-21.526,191.57,-39.634,28.862,-118.69,-90.789,-30.701,9.9259,-32.62,7.2497,1.6862,-0.33568,5.1095,-27.787,-5.7888,-14.725,1.4611,-24.455,-14.268,-13.601,-2.3074,-1.7857,11.581,-13.264,-0.82659,-24.558,-2.8858,-5.5591,-0.91068,15.127,5.1892,-12.835,1.3996,-5.6833,-12.199,2.6982,16.832,-23.264,-20.878,1.5816,5.5103,6.8338,7.5375,3.6939,-1
-1186.1,84.111,-867.09,-515.86,651.39,234.63,-78.626,-40.448,78.363,-107.59,-162.71,-60.346,88.249,-33.104,-17.373,9.6115,-9.0063,-10.825,9.4038,-9.9401,-1.3132,18.668,4.4636,27.126,80.15,-140.32,-19.303,-41.973,71.701,140.55,97.991,-72.55,-133.04,-4.4076,-81.224,9.0994,-18.658,15.421,-102.3,34.831,20.072,25.57,13.655,9.6177,-6.7703,-27.289,-1.3746,19.354,37.876,-29.234,-1
-1235.9,708.5,-593,-364.22,667.48,97.558,-80.449,-149.37,-26.915,318.86,-59.641,-135.84,186.81,-50.532,8.6022,-37.421,56.135,7.3213,-94.287,51.963,-11.445,-38.716,-29.287,-7.1945,13.821,-68.08,1.2693,-115.69,11.619,88.834,144.04,11.692,0.19807,3.8261,5.7823,94.758,14.087,-25.948,-31.558,-30.947,-2.2427,-14.478,10.082,69.125,-40.208,-18.201,0.7792,-22.319,20.442,43.097,-1
-1335.6,880.71,-465.7,-210.12,449.56,64.757,-153.51,30.55,-184.56,269.76,138.73,-107.73,-9.0747,-5.7079,-91.695,-25.375,47.014,-13.655,-100.82,48.525,26.354,-11.83,-48.636,-24.426,83.03,38.105,52.368,-186.78,-18.491,85.846,258.05,-1.0899,39.575,69.246,32.542,193.72,-42.25,-38.721,-58.318,-36.113,0.95309,55.007,61.85,32.803,-49.067,-37.538,1.7993,3.6966,7.9314,-29.228,-1
-1331.8,818.85,-569.73,-328.49,644.46,36.282,15.332,-28.928,-32.874,62.943,20.89,-134.16,202.32,-94.357,-58.543,-20.398,23.283,-14.927,-57.086,10.34,25.737,-8.153,-1.4247,20.92,114.3,-177.46,53.229,-50.531,-94.714,79.028,130.81,-100.88,-191.19,29.24,-83.608,26.159,13.605,-38.567,-189.92,-30.178,-4.6341,-11.176,-13.081,14.808,-73.18,-5.3279,14.402,28.637,12.062,23.946,-1
-1233.1,281.66,-680.17,-202.9,398.15,11.814,-92.365,48.606,-135.5,179.34,100.54,-130.05,89.059,-46.654,-69.15,-18.636,26.326,-9.6994,-46.171,9.8819,10.721,-22.237,-1.6551,6.8058,-90.329,6.4532,90.049,8.6303,-145.62,-41.511,45.861,21.126,22.893,53.16,13.605,144.51,-26.528,-51.464,-48.438,-55.433,-22.511,16.308,17.649,58.156,-35.191,-26.738,3.4628,3.3761,-6.9765,15.628,-1
-1078.3,-559.62,-751.26,-5.4595,-393.77,-35.449,-52.215,252.7,-35.454,-28.39,-157.78,-143.13,-31.903,17.816,-87.964,-14.215,8.9572,-17.217,-6.4829,-43.875,-14.203,-43.941,3.3347,-11.386,-39.3,-47.589,-44.095,-17.451,13.039,-11.888,-14.12,-62.478,12.406,-4.2269,-14.655,-15.925,9.1145,-2.4671,2.8525,-0.79022,-6.4354,4.5027,7.0645,-10.761,3.786,0.2142,-0.83742,1.5059,0.78443,1.0114,-1
-1081.9,-560.28,-751.38,-19.79,-400.56,-42.294,-48.197,253.98,-41.945,-28.251,-157.22,-139.14,-31.369,16.608,-74.723,-9.4662,11.142,-12.015,-10.046,-46.165,-9.3324,-37.42,4.611,-15.508,-40.042,-49.503,-45.265,-19.505,11.928,-11.54,-14.032,-64.198,11.391,-3.1362,-14.256,-18.528,8.9411,-2.7614,1.4266,-0.4459,-5.7657,4.9232,6.3579,-10.024,7.9673,-0.3809,-1.6038,3.4322,-1.1021,2.3137,-1
-354.57,-872.74,492.49,-225.8,26.453,-368.12,-234.99,-2.7904,90.573,105.76,-47.828,3.2924,-82.608,-25.295,120.82,11.516,-42.189,-146.49,38.46,81.711,-75.221,-14.313,-41.881,128.11,-0.86748,-28.778,-6.1784,-2.907,1.4333,-6.4102,-19.525,-25.074,-10.405,-30.217,20.7,17.745,10.04,14.536,-19.106,40.684,21.257,8.6685,-6.5579,8.273,13.885,2.3448,-6.2737,-8.9533,-18.898,-3.3607,-1
-270.34,-783.38,298.66,9.3906,70.303,-392.17,-322.93,-40.478,-25.31,-11.512,-88.812,62.595,-64.438,-123.92,36.418,-24.671,13.271,34.936,41.139,-13.184,127.7,-116.16,-98.294,55.628,-17.582,-63.894,23.312,21.653,27.937,-69.293,43.023,-0.26094,-10.49,16.273,6.4937,-8.9732,18.545,2.3574,-11.6,45.495,28.762,9.3634,-10.401,7.0222,15.475,3.1963,9.449,7.7379,-27.828,-6.1383,-1
-295.84,-735.56,130.64,-182.06,-144.36,-148.52,58.457,-124.45,-316.93,68.363,-169.81,161.3,-31.713,-6.2714,21.389,-304.16,130.98,-81.93,80.564,5.5544,140.98,-103.74,57.363,61.181,21.884,-35.719,32.669,8.0455,10.768,-33.724,8.4043,-0.45197,16.121,20.279,-17.978,0.5962,27.009,30.408,-27.8,43.95,2.3767,-39.02,6.6619,4.2992,11.619,-26.827,-27.314,-30.278,-42.183,2.1801,-1
-578.75,-915.26,524.14,-209.71,63.262,-352.47,-160.79,103.85,-162.82,29.028,-104.27,113.4,-21.224,-54.507,-55.059,59.093,50.869,-1.6314,12.368,-76.451,-1.5525,-57.703,10.655,87.655,21.666,-14.741,29.225,10.864,6.5577,-26.297,6.5348,1.7388,-8.14,-48.136,-3.6074,14.283,-1.1993,8.4969,-20.216,51.591,25.523,-12.081,-18.459,1.1958,11.477,-0.6163,-7.4797,-12.68,-29.749,1.3507,-1
-235.79,-864.36,520.54,-40.232,130.77,-392.15,-317.39,31.953,63.92,5.9078,-49.284,100.54,46.112,65.062,-10.231,-80.013,-172.46,213.91,-14.935,105.67,97.548,6.9498,-55.554,116.8,-14.455,-48.589,-21.479,3.5032,3.6694,-25.061,5.4197,-58.439,9.6228,84.864,56.476,0.61477,49.989,-40.468,-8.326,54.368,4.7335,32.668,-4.067,-1.1496,3.5818,8.9115,-34.76,6.1079,-22.894,10.924,-1
-1024.3,-1751.6,-395.95,-338.01,-298.43,-269.42,-191.65,-39.458,155.2,8.3997,-5.2905,-131.3,-69.211,45.495,-80.774,-123.22,-37.993,-100.76,-113.49,-33.712,-37.792,5.6827,52.014,-45.585,-30.84,-3.6464,-3.7642,-73.568,7.5335,-18.844,-59.062,2.3351,-1.8349,6.0093,13.16,0.32955,4.8074,9.3893,-6.4982,4.1923,-10.171,3.419,7.0077,4.4856,0.66415,-3.1193,-3.2794,6.3306,0.042223,-2.9792,-1
-2635.5,2540.7,-4.5146,563.49,923.97,-362.59,75.655,-82.378,-17.297,-186.46,-48.549,-211.05,39.596,-52.885,-19.527,-56.417,73.604,9.8893,54.158,47.084,-4.5234,27.805,-14.823,13.388,-62.221,0.63019,22.358,-157.14,-13.211,125.62,-48.919,16.898,121.45,44.355,181.3,51.935,-72.834,18.028,61.179,-93.033,8.4585,168.96,-69.975,-11.478,-9.8333,4.8268,-28.388,13.505,-46.749,-20.628,-1
-2562.5,1848.1,-56.996,427.38,382.27,-200.68,416.47,161.38,75.381,44.64,-74.578,-321.39,18.366,0.45227,-35.43,-94.446,94.741,-110.64,154.62,18.988,-6.3058,-33.698,50.654,-21.914,107.66,71.018,-43.858,-61.168,-126.07,-34.63,-39.043,-21.624,-111.8,-36.3,-71.893,71.918,-27.382,-39.697,-28.757,3.2528,37.667,-143,-16.681,-3.3732,19.509,-10.272,-91.72,-42.392,-19.1,-21.092,-1
-773.3,-407.62,13.503,328.72,-325.46,762.59,265.57,76.811,-421.72,72.286,-104.35,-276.56,108.17,48.36,80.79,-99.88,10.452,-41.166,31.368,9.9463,-96.082,45.154,99.2,-154.61,-103.9,-118.1,56.909,-10.368,-88.338,28.191,88.287,80.35,13.868,20.537,-44.635,68.696,74.549,21.053,66.563,41.935,28.601,27.278,-80.118,30.427,51.134,42.695,-5.7398,-69.022,55.148,42.731,-1
-1805,409.15,-328.71,444.01,255.02,-35.752,476.02,124.82,99.627,-28.403,-82.426,165.88,22.439,90.026,-125.79,-176.3,64.244,-131.43,-92.715,-10.492,49.755,-3.1939,-55.082,2.4427,130.68,90.616,-12.046,17.94,21.342,-26.711,-18.038,-57.805,124.22,-11.34,-52.657,-107.71,62.507,18.302,59.634,-35.734,15.655,91.341,-20.247,-12.602,-8.7246,-5.0662,-14.167,39.156,-82.041,-61.816,-1
-2124.4,917.39,-155.44,246.76,53.756,-44.968,318.64,180.18,-25.089,46.107,-61.084,-345.55,-63.448,44.85,99.637,-1.3017,34.342,-55.95,-26.726,17.3,135.85,-25.372,-36.769,4.537,-37.213,3.6813,-12.447,28.566,68.569,-82.625,-32.484,-229.29,52.063,-24.408,36.852,6.093,7.4145,3.4046,-1.8639,8.3312,3.0393,-30.729,-30.246,5.2315,-28.003,-17.442,-45.982,-11.571,-10.643,46.663,-1
-2642.8,2012.6,-16.233,285.66,309.23,-398.82,346.24,204.78,81.53,-35.141,-100.92,-361.75,213.9,-73.859,-62.898,-101.73,104.68,-94.409,-48.363,11.781,115.1,-29.355,-8.3044,21.366,-107.7,-32.552,-27.657,32.065,89.282,-26.039,-4.6252,-191.73,123.79,19.457,84.763,-85.696,33.617,5.7883,-40.07,6.7357,-18.893,-28.744,34.199,-68.017,-5.8884,1.5338,-78.893,-53.048,82.566,-26.341,-1
-1851,-47.545,-374.41,257.46,98.931,271.15,69.95,199.55,87.502,48.828,17.874,-155.59,-211.38,66.258,56.365,5.4144,47.653,-50.924,36.189,42.501,94.087,-48.964,-132.54,-25.664,-63.374,-62.001,-11.449,0.118,-11.01,45.809,-16.98,-144.78,-57.545,32.696,-18.776,-103.74,44.645,-5.7891,52.137,51.924,57.556,-75.831,-15.349,61.728,34.58,-38.124,-52.859,-59.076,22.88,48.903,-1
-1728.4,-66.345,-325.09,415.45,182.27,624.57,234.36,250.33,31.889,-88.312,-14.394,-125.24,-42.119,59.813,50.245,-73.49,157.82,-31.447,-258.59,54.925,151.77,-2.9937,-104.7,-9.4673,-39.366,11.835,-0.65438,-6.231,-25.802,-2.9946,-33.742,-114.78,-10.184,-34.615,-132.66,-8.722,80.832,-0.623,12.872,38.288,18.482,-1.5443,4.5933,18.801,-8.8737,29.923,-28.083,27.01,-58.085,50.457,-1
-2273.9,1182.4,-163.44,351.75,295.81,-148.88,-17.498,-8.2639,-111.85,164.7,-2.1634,109.12,-130.15,75.135,53.057,-9.0682,-36.68,10.303,-147.07,-56.664,20.531,-1.2923,-38.592,-14.165,190.69,138.72,-16.391,7.7191,-80.906,-30.833,35.187,97.373,-36.086,41.085,9.3351,-105.38,22.824,-0.50821,48.42,21.364,-36.447,1.6606,-65.128,15.734,-9.2939,0.87737,-0.64667,-50.138,56.405,-4.4618,-1
-2649.1,2107.4,11.089,452.26,457.13,-415.26,91.19,23.262,231.89,-479.39,-8.5129,108.77,94.702,9.9325,-157.22,-240.5,100.83,-166.61,2.5109,15.951,83.927,-8.2015,-42.389,-42.87,18.145,47.198,8.1074,10.594,-14.414,71.043,79.388,17.655,-215.03,-18.071,-72.586,-111.3,-42.075,-83.825,-86.584,11.956,30.498,-62.47,165.91,-84.672,19.49,32.007,30.004,3.9527,24.45,-16.328,-1
-2154.7,1133.7,9.3996,261.36,205.91,-188.16,18.224,-31.815,110.21,-123.81,63.14,230.07,-301.07,21.85,-38.95,-87.026,-26.221,-80.006,91.525,61.177,81.018,-27.217,-121.94,-23.301,61.073,98.333,-42.679,41.371,23.5,-66.692,36.986,-69.514,-44.337,1.7483,-63.286,-36.921,-11.572,3.3167,-15.995,-8.5201,-15.86,78.346,34.462,-6.0157,-20.563,-19.518,23.706,19.398,17.709,12.034,-1
-2406.7,1204,-168.01,345.21,251.85,91.39,-297.86,10.263,65.369,-137.15,45.639,5.0739,6.0683,39.413,-124.38,-130.4,72.757,-109.61,-39.89,-14.177,95.3,-55.443,-140.43,-41.945,42.933,8.3705,9.2773,19.406,-111.66,11.514,7.5388,42.869,-40.962,-22.68,-23.042,-6.1504,29.422,-8.4286,52.448,26.661,28.5,-22.935,28.293,46.928,0.94634,-17.384,38.799,8.3781,-4.0524,2.0036,-1
-3027.2,2588.2,9.3147,361.57,463.13,-627.78,-350.43,-124,12.968,-17.946,-13.051,-216.97,-67.926,71.117,102.18,68.115,-39.036,70.301,-70.676,8.4048,86.494,-32.79,-99.158,20.056,42.98,83.898,-45.984,16.348,40.43,39.812,5.7778,-39.86,-61.559,18.639,87.629,-46.93,-31.861,6.4903,13.53,3.9778,4.859,23.081,3.3741,10.996,-11.413,-10.119,20.563,13.122,-11.444,28.208,-1
-2496.6,1426.4,-102.55,200.7,206.14,-439.39,-86.182,30.034,106.48,18.866,-6.8504,-61.959,-127.35,40.826,-19.053,-37.203,-20.591,-48.789,109.73,10.541,79.333,-68.955,-109.6,-19.625,61.433,44.627,-67.464,58.52,41.706,-61.372,9.2694,-77.789,-78.223,-23.498,-39.698,34.339,15.268,4.6056,-21.347,17.739,8.6199,36.822,64.296,-2.7637,-7.5577,-12.107,21.91,22.82,-23.222,-3.0891,-1
-2753.9,2010.7,-13.722,213.56,330.68,-740.52,-293.18,-109.24,90.256,-72.252,-29.305,-145.05,70.096,35.984,22.035,-37.291,21.338,5.0938,-87.781,-4.2372,115.33,-41.653,-103.4,0.74067,73.317,58.279,-20.935,58.638,-19.548,-53.776,47.034,-46.036,-50.72,41.585,55.51,-74.175,25.64,-3.1229,62.17,15.112,29.488,-11.532,8.7777,15.133,10.597,2.9753,-5.2266,-2.8299,-19.714,-19.687,-1
-383.06,-651.91,-276.59,-27.942,35.868,63.06,85.588,104.33,-259.12,10.403,87.277,-50.438,-70.912,-49.542,-104.75,-95.374,51.911,-38.024,4.2454,49.632,186.17,20.559,59.678,75.32,2.1601,16.653,73.697,55.128,26.906,9.0516,-16.243,41.433,-9.5112,17.795,66.031,35.879,16.374,-36.833,6.1131,14.383,25.922,-9.6085,-15.195,-25.713,-16.252,25.939,10.091,23.258,67.938,14.203,-1
-49.148,-1065.5,-200.69,-139.79,219.85,-56.489,313.29,134.56,-58.934,-162.23,-65,-151.23,-97.19,-106.91,77.56,-159.07,-24.426,69.169,-9.5115,37.737,104.24,51.557,4.3298,-22.413,40.081,-44.386,15.07,30.559,-9.4296,29.39,37.3,26.886,-16.557,-28.654,-2.6256,-54.057,-32.085,-11.224,18.257,-16.327,-1.1075,-33.049,-12.284,-26.006,11.439,6.4098,-13.192,-10.621,16.879,-14.783,-1
-475.26,-1067.4,-49.654,-161.65,185.63,-196.26,109.59,232.54,89.839,-219.86,-65.776,-35.603,-63.546,-92.871,55.101,-111.9,-114.98,93.153,-12.57,45.11,112.57,75.709,16.794,3.2535,52.549,-92.3,6.9082,81.353,-35.974,40.157,33.124,6.9536,-35.315,-20.088,-17.602,-36.966,-17.728,-5.7651,24.288,-1.2056,16.39,-31.242,-13.702,-19.595,24.108,3.4158,-23.339,-8.4759,8.631,-0.076283,-1
-433.57,-1081.7,26.906,-166.69,150.7,60.295,314.87,-141.21,-49.398,-116.32,-51.87,-86.955,-86.654,-96.597,115.09,-145.48,21.203,18.145,-12.765,-11.042,23.772,66.564,3.6544,-14.705,42.044,-71.738,3.2981,5.6596,-8.6851,16.128,12.369,-5.7664,-19.914,3.7838,26.563,-35.9,-8.0663,23.676,25.355,29.896,6.4132,-5.803,26.026,-9.1086,15.598,7.9953,27.42,-9.61,6.5477,-10.199,-1
-701.64,-974.56,95.281,547.77,546.1,214.21,19.498,57.504,119.99,4.0298,10.545,-154.1,-90.352,-130.17,-94.207,42.88,128.82,-75.612,-43.746,100.14,49.913,81.051,21.675,38.929,34.153,-6.2468,-10.549,-3.3764,20.294,1.8959,-21.169,-2.7879,19.398,14.726,34.79,52.05,40.044,-10.14,11.065,57.451,-5.1269,-5.5993,11.968,11.05,57.247,11.221,-9.9055,26.11,-40.666,59.997,-1
-343.98,-968.27,55.79,512.95,600.86,175.86,158.54,134.17,13.15,-83.425,11.944,98.521,-41.648,-97.925,102.14,-99.041,109.45,4.8397,-79.246,86.024,43.615,27.362,2.4195,41.601,16.778,-44.369,80.303,89.221,20.154,-0.091356,56.586,19.108,23.187,-23.603,21.456,-32.529,-20.376,-73.224,32.428,5.5904,14.649,-12.851,-27.116,14.502,-3.633,6.194,-8.3007,27.629,11.721,-36.696,-1
879.56,-963.58,-200.24,551.7,644.93,347.82,553.32,61.615,-214.4,36.43,63.293,75.195,-84.764,-86.651,22.24,-78.801,139.84,-44.074,-54.019,61.468,50.722,-38.869,-16.625,50.026,-57.782,4.2893,20.651,124.4,-15.349,-124.98,-66.595,34.694,146.51,-56.775,-108.13,108.44,101.81,-111.9,50.822,87.226,-0.70267,14.863,-19.983,-28.707,-18.85,-40.434,61.978,-86.077,-14.194,-40.571,-1
-165.85,-976.68,164.89,674.7,258.45,354.5,-157.36,30.406,221.41,-96.525,55.029,43.652,-49.512,-74.779,-14.337,73.928,-93.771,33.558,-81.272,93.524,36.216,16.285,55.064,42.355,28.341,-19.052,94.511,11.959,54.248,39.429,38.738,15.053,5.3773,0.24193,104.67,-51.263,-26.122,-14.078,51.032,-35.904,-20.963,-12.074,0.28173,-51.424,7.1731,11.494,38.231,0.77364,-22.278,-13.671,-1
201.07,-995.95,25.932,690.16,401.9,546.89,55.872,-7.6682,83.453,-19.251,65.233,45.245,-47.637,-61.443,-230.04,137.14,-49.1,-50.329,-46.465,125.7,66.883,82.609,61.496,55.465,84.212,-84.618,-65.354,-31.828,13.144,79.75,-22.645,42.534,-42.595,29.727,17.485,10.727,19.581,27.452,-30.03,-19.579,3.4797,7.7508,11.626,3.0826,35.073,-0.82213,-10.543,14.232,-26.409,16.387,-1
-83.082,-1006.8,235.73,595.29,427.48,464.12,88.916,60.613,92.134,-6.7487,65.809,57.95,-60.516,-64.667,-190.46,111.38,-17.059,-51.726,-48.34,124.22,69.659,55.97,59.368,37.951,73.39,-57.734,-27.644,-32.837,26.369,78.964,-24.862,68.518,-9.2658,16.568,8.1328,-3.2639,17.042,56.637,-10.563,36.314,-8.3811,29.803,33.668,13.392,-18.662,26.322,55.491,43.643,-28.913,6.3794,-1
-61.933,-1018.8,196.41,703.42,299.43,566.69,-159.39,120.28,252.36,-17.802,51.566,-58.53,-51.466,-85.542,-100.37,83.988,141.75,-82.016,-42.272,126.34,43.752,-6.6005,41.573,6.1043,35.516,-2.4986,6.1641,-32.064,36.854,42.764,-22.404,15.465,6.4407,8.0417,32.791,-47.247,-20.204,37.549,1.7527,0.12157,-2.3951,13.52,12.805,79.209,-47.246,-10.421,-15.086,-14.304,-1.4066,-9.115,-1
302.56,-1027.4,153.13,693.81,349.32,696.63,45.327,121.99,57.659,-151.01,67.333,85.061,5.6306,-47.796,-38.849,16.412,138.69,-58.054,-70.307,63.912,-19.698,-53.182,10.761,9.7738,-14.116,31.368,57.555,-27.994,62.287,-11.667,5.0049,-28.646,11.729,-4.6433,47.568,-80.801,-44.401,-3.3577,17.859,-0.25355,22.828,-15.496,-27.566,-30.33,7.7324,-5.7599,0.36463,-38.848,-13.733,-8.2985,-1
-209.43,-975.2,117.72,573.56,495.84,247.03,36.155,22.771,112.38,-21.871,26.925,167.28,-43.159,-56.441,85.172,-11.752,14.947,-4.1794,-93.04,39.627,-26.188,58.258,6.3945,62.316,26.532,-55.014,72.853,79.386,36.387,8.1971,55.015,48.392,36.513,-14.448,13.953,-53.343,-6.397,-26.963,28.886,-15.531,-7.9149,-0.22171,-10.889,7.9858,-0.26106,-11.671,-5.4358,24.514,-53.083,56.14,-1
-829.17,-956.52,68.897,641.35,424.88,164.24,-266.92,-29.054,261.56,-104.68,13.793,76.517,-4.7285,-80.218,-45.642,85.25,-44.672,2.0696,-74.075,77.014,28.259,53.975,61.292,78.558,70.23,-62.522,11.072,49.828,17.89,21.128,5.0566,16.693,16.635,14.556,-27.038,-40.014,21.466,55.341,19.48,8.5388,12.859,27.793,2.1321,-2.6666,34.463,-16.947,7.0374,-36.16,-24.634,5.3807,-1
176.83,-999.46,27.072,614.37,499.32,522.13,219.75,2.0282,-34.8,-25.803,37.163,-35.483,-51.118,-100.9,54.082,-82.313,295.84,-81.292,-56.087,60.725,-1.8621,-43.102,-35.41,10.664,-52.675,56.966,99.229,41.445,52.556,-56.818,23.271,7.0686,90.364,-35.196,25.5,-33.234,-9.8689,-52.706,35.288,24.041,-5.6205,-24.259,-33.099,-38.26,-35.264,-18.826,-43.342,-37.265,-23.735,17.105,-1
28.744,-1018.8,210.95,635.67,419.77,439.04,-56.282,274.92,199.53,-70.521,58.81,140.6,-1.7328,-35.56,-106.68,75.281,-56.987,-14.004,-82.312,121.45,52.138,34.273,47.849,31.189,73.606,-56.893,-27.636,-9.649,29.146,76.183,3.3768,91.059,-10.548,-6.7897,12.553,-29.386,-11.741,1.6277,-14.507,-23.986,-23.054,2.2178,23.852,3.0849,-21.307,7.7254,-11.225,16.005,-11.438,10.045,-1
-354.75,-985.11,20.863,648.92,387.17,444.49,-37.462,211.67,158.19,-36.478,39.382,-201.53,-75.742,-120.42,-166.96,81.416,92.195,-68.354,-35.426,149.05,89.659,35.428,36.521,10.263,39.351,-47.104,-10.618,-34.41,10.636,28.71,-34.532,6.3655,-11.968,8.1417,-10.898,-6.4687,14.318,38.806,5.9512,6.5813,10.897,5.0043,-7.0053,-10.875,-12.871,7.8628,44.434,-5.8172,-20.142,-12.881,-1
1159.3,-1031,468.25,625.9,477.86,34.694,-234.12,283.64,212.06,-164.86,27.391,68.897,-38.292,-94.026,-95.066,46.383,-12.567,-5.7382,-78.722,149.61,76.069,59.73,51.693,37.115,107.95,-149.95,-68.423,28.626,-25.548,94.866,-10.985,128.69,-18.801,-25.423,-21.448,-10.641,7.1601,-20.536,-29.941,4.9658,12.351,16.459,-43.05,57.832,98.746,-15.949,10.32,-37.792,-12.597,2.5717,-1
