-1222.9,-1381.5,-427.25,-89.655,-315.46,180.98,136.14,-116.54,-116.34,16.104,9.2132,50.985,-106.91,112.14,-74.285,-77.571,-37.934,-123.7,-52.699,-95.518,5.2115,-71.227,-37.588,46.246,-25.533,0.42511,-0.65397,30.747,29.19,19.875,11.212,10.831,11.481,18.291,-9.2634,-5.2317,-16.795,-18.596,-2.8115,0.036525,-10.389,-0.67396,-2.8967,-3.0054,-5.1852,-0.95589,6.1801,-8.0257,-3.0958,8.6489,-1
270.85,714.34,364.95,388.7,-15.44,-695.04,225.57,-11.926,-130.06,227.79,-150.61,167.64,78.191,-28.477,219.83,119.47,106,156.09,-337.56,3.4032,104.88,94.675,93.97,17.057,-108.1,228.04,43.946,45.028,-118.16,84.585,-93.06,27.424,4.6919,22.213,-14.452,69.524,-26.353,-11.027,22.75,23.24,8.3629,-8.668,-1.3535,-17.965,-26.747,-21.304,-4.1474,39.202,-41.66,-1.5826,-1
-112.31,492.36,982.56,-241.78,75.038,75.855,-382.21,113.17,-17.365,-56.073,9.9189,-11.639,-120.67,-62.816,44.191,22.721,69.201,-77.8,158.6,-27.132,61.111,-31.548,-29.076,-57.726,106.56,-21.031,-16.406,76.035,66.656,-23.515,-51.449,0.097322,22.458,49.928,12.127,-0.10145,-19.324,38.193,34.012,-0.12055,20.133,25.854,41.531,-6.6986,-26.941,-38.193,-13.276,-24.141,11.049,27.185,-1
218.97,1952.9,1133.9,-205.2,145.94,72.636,480.32,251.17,120.45,-138.89,-17.201,-13.795,-158.44,-16.436,-49.463,6.0703,49.131,91.981,68.973,21.903,-126.16,15.268,0.48681,82.559,106.88,-2.3947,18.805,32.6,135.43,-41.879,-147.46,28.674,11.706,36.765,-13.306,-7.3377,-57.632,3.8453,32.969,15.712,-24.032,24.736,4.0113,43.069,9.7819,-34.619,28.231,-0.41177,19.812,-10.522,-1
13.621,851,824.17,-28.996,-250.11,-75.966,-103.67,213.06,101.6,-55.038,-93.815,-202.19,3.1375,-92.336,-106.2,-131.27,105.98,30.688,82.429,-31.471,87.83,-66.1,-7.7395,-120.99,107.32,-20.744,-73.442,28.136,91.438,-31.846,-15.969,32.104,5.5339,32.053,-5.2705,-14.361,-49.148,-14.288,50.622,29.868,5.2468,45.286,-24.245,-17.572,-63.448,-35.614,-32.684,4.4507,-48.654,-30.809,-1
-75.681,815.44,1158.4,-174.06,234.72,406.75,-21.412,4.6596,61.565,9.7085,-13.71,-25.718,-58.461,104.34,-81.654,79.764,2.1038,-19.492,76.44,52.956,139.72,14.125,25.656,-11.117,-151.05,-2.0943,75.538,99.588,94.184,-59.241,-91.931,-41.372,-38.409,16.916,28.464,10.702,10.152,24.123,19.699,6.0047,-0.97883,-51.903,48.188,27.192,16.896,3.8566,-12.161,-20.771,-2.0151,-15.216,-1
32.457,731.12,1199.9,-286.56,383.43,246.45,-299.6,66.863,51.142,221.12,101.5,151.83,-187.84,17.214,-140.45,75.25,-10.929,-31.965,95.722,21.934,-6.2555,-43.678,13.979,-33.437,-48.701,14.932,169.8,80.659,131.49,29.416,-99.331,-30.185,-55.987,-31.877,-16.595,-2.5409,-4.1593,65.361,-6.1888,-15.9,32.596,-22.809,-40.414,25.897,-43.943,-8.1959,-5.955,-32.754,-28.004,0.06992,-1
-361.14,610.75,1138.8,-222.77,297.27,188.89,-155.13,11.888,-101.16,238.82,132.81,108.2,-84.136,95.064,-148.43,-5.9173,29.209,79.773,-33.581,40.795,8.9007,-20.206,128.75,94.831,-42.307,-112.81,9.3379,59.806,32.84,-23.984,-80.776,-17.874,7.1739,52.589,44.157,-26.021,-22.11,-23.379,13.945,9.9109,-32.165,25.949,-66.155,-16.23,-45.216,-72.647,-35.261,7.3002,-46.793,-43.325,-1
93.58,1507.1,944.63,-188.08,243.58,290.35,47.596,234.64,9.0836,15.663,-143.41,65.79,-127.46,86.282,114.87,35.552,-53.659,46.646,-108.63,86.594,26.692,-190.69,191.51,56.929,107.12,-104.12,-41.356,132.58,53.157,27.126,-20.534,2.2618,-12.002,75.785,81.157,-52.25,-10.294,-1.8423,14.076,11.807,-50.638,38.878,-34.268,8.9103,-39.571,-37.706,-37.381,8.3959,-48.284,-55.895,-1
427.45,909.13,948.64,205.66,424,241.84,162.79,170.6,117.58,117.39,-178.65,-147.25,-96.211,84.83,34.693,109.2,-132.06,-132.06,136.41,5.6303,23.286,42.823,57.157,-27.152,-170.78,92.747,69.51,-1.6673,37.011,-123.54,-51.177,-126.12,73.817,105.61,-33.168,81.062,12.646,28.348,76.772,-6.7792,-32.747,-26.602,-4.2534,11.379,8.0939,-35.819,34.47,14.713,-13.514,10.268,-1
-269.18,371.61,873.2,-41.338,620.9,316.58,319.46,78.046,21.773,55.576,-89.231,-94.786,-92.594,55.665,70.629,11.214,25.994,-118.06,49.808,33.011,-2.5951,-36.493,-23.984,-54.355,-25.854,56.637,144.66,21.421,108.69,53.868,-16.636,-61.429,-38.898,-21.355,-3.8346,22.599,-24.866,13.015,11.976,-5.2753,-1.7368,-20.529,14.544,-26.736,4.9912,-26.768,8.9025,-47.412,11.884,-25.48,-1
-339.52,338.47,815.17,-172.07,347.99,185.58,49.872,42.449,-43.335,30.876,18.983,-13.921,-72.819,48.366,-128.38,6.814,-2.3673,-43.334,45.365,38.682,70.272,-27.927,-24.138,-64.561,-28.591,39.636,154.85,24.77,83.412,17.521,-52.23,-60.39,-14.456,-25.683,-7.0802,29.475,-11.333,30.543,52.551,5.0276,-6.5807,-24.491,-8.8671,20.766,-18.919,20.843,-10.282,-53.903,-16.567,-6.7616,-1
199.8,336.99,984.37,-84.952,479.75,365.75,231.16,102.86,77.209,-78.665,-6.0343,-91.989,-3.2423,-79.689,-31.48,18.055,28.023,-120.08,-8.2733,-17.325,93.654,-81.665,-23.958,-82.591,-92.545,63.714,126.03,39.464,114.72,-53.376,-66.224,-43.242,5.4405,7.5905,-2.2962,43.53,-33.839,23.855,66.457,1.2797,-10.384,-33.105,25.431,33.607,-6.7726,24.284,49.363,-27.834,-56.272,-29.29,-1
-1489.3,-1403.2,-544.63,-51.641,-348.94,-105.87,-205.83,-23.651,-60.539,-111.35,21.701,-39.149,-123.62,-61.133,-49.6,-6.2863,-107.35,-77.047,42.022,-67.098,-16.157,4.2404,20.383,-113.48,-11.628,-78.396,-14.394,-9.6259,-19.798,-19.246,19.49,-15.442,-41.343,-27.978,11.543,-0.44478,8.8696,-28.882,11.029,-16.189,-6.4805,-9.0681,-14.86,10.212,0.075099,-9.6219,-15.417,-1.117,9.1919,-1.0889,-1
-133.2,-977.29,367.13,341.22,30.464,31.507,193.56,-66.493,-66.8,-52.582,171.9,-25.08,-0.21256,19.539,26.098,-69.495,5.2599,135.88,-88.609,-213.42,98.047,-136.72,104.46,-5.7624,44.037,-12.476,-3.9301,-52.223,-13.902,10.347,-40.831,41.814,6.1634,-25.653,68.258,71.672,23.271,20.691,2.4085,13.197,-19.848,38.931,-43.63,-24.167,45.705,1.1622,45.082,1.9356,-7.1103,5.6909,-1
164.32,-811.29,551.35,354.65,64.324,111.17,239.9,-79.586,-138.41,45.793,254.88,-57.636,19.572,-61.914,-46.126,-77.041,-121.74,-54.367,47.764,51.439,-5.3073,-73.052,46.142,47.05,55.576,-126.89,21.295,-9.4554,25.615,-15.871,33.565,-23.873,58.86,96.346,-26.979,17.328,-28.305,-1.9526,36.579,34.515,1.4301,-8.1259,-16.433,-49.126,-1.0949,23.512,64.905,11.307,67.687,-6.2639,-1
508.13,-785.72,497.69,313.02,197.32,-71.319,89.91,-122.97,-129.44,-176.53,164.14,-17.955,-61.892,14.39,-9.3321,20.145,-43.515,35.277,8.4899,12.55,27.93,-144.5,77.579,-26.298,170.61,-88.311,-49.187,57.799,-139.63,-76.312,-136.11,48.994,100.95,48.2,89.706,-25.899,-11.672,-25.675,-77.221,-6.6991,8.4583,1.9609,-5.88,-1.7954,1.668,8.4961,3.1511,0.75781,0.2356,-0.16883,-1
883.42,-572.74,119.63,281.06,154.45,-366.3,325.9,-172.13,-96.327,-94.535,204.57,-4.6531,-47.622,-42.506,4.3811,9.5409,-93.792,-59.581,93.831,135.73,33.044,-140.82,120.52,101.9,30.174,-133.58,-2.9413,-103.16,47.598,62.725,89.492,-20.702,17.911,62.845,19.917,45.295,6.794,17.985,84.741,9.2453,-4.2508,-8.7366,-32.042,-27.042,16.645,19.842,-29.071,0.39922,-13.129,-5.4376,-1
387.04,-787.28,120.65,257.33,-45.091,282.5,241.91,-111.99,175.56,-12.801,93.769,50.843,-46.931,23.612,-4.2429,6.4439,13.168,10.862,23.912,16.283,44.888,-124.29,83.176,103.27,62.189,-29.524,-28.284,2.069,23.52,131.88,22.02,55.201,17.613,-170.1,174.3,46.972,42.782,-24.526,0.65934,-20.765,-41.639,1.6474,-31.445,-24.767,86.969,-14.136,-50.56,4.9579,-22.377,-0.90485,-1
475.62,-684.88,-219.65,-80.158,-326.44,597.8,-30.664,-8.7025,196.32,-3.5535,24.739,94.685,-40.941,-56.995,27.82,17.738,12.778,37.464,133.98,94.797,-79.107,-9.3908,21.871,100.33,181.89,-64.983,2.8651,31.356,68.177,55.421,45.458,4.1416,-5.1255,-37.524,36.77,30.777,9.0927,-20.003,4.8822,-24.068,-0.5782,-10.382,-9.0859,-11.916,27.614,0.065485,24.038,-8.4652,26.596,-0.3923,-1
2108.8,-105.78,109.92,270.82,35.553,184.19,116.03,-124.72,81.605,-62.728,39.13,38.312,-26.21,172.17,-13.874,-108.54,-81.343,93.187,97.033,16.354,-12.336,-9.9473,-1.8213,-48.47,201.17,-53.516,-51.157,-141.09,20.168,-69.233,-61.913,26.508,70.632,27.663,55.166,-27.74,-0.032488,-24.171,12.414,-47.496,17.019,27.454,-90.11,-33.676,39.3,21.345,-3.6008,7.135,0.59703,-6.8165,-1
2060.9,-154.61,455.16,-89.968,53.096,75.613,-140.46,-20.081,47.452,-134.44,229.52,90.231,6.5793,19.709,47.471,-99.597,-126.76,50.998,92.495,172.57,-49.41,-123.01,47.41,-16.703,-77.583,-36.562,-84.246,-71.576,-51.566,26.965,-34.108,-0.93762,30.179,60.191,35.164,74.488,-9.9989,34.517,66.488,6.7616,2.4398,14.237,-77.929,-31.727,33.425,10.102,45.892,-18.834,17.621,-5.5905,-1
3509.4,517.88,-527.71,324.33,-251.04,752.53,746.81,-231.03,317.4,192.32,206.25,-269.53,-27.56,-77.968,76.673,-36.883,82.02,65.044,177.5,102.39,-183.33,-98.421,80.426,8.4015,-48.024,-49.884,-43.978,-138.88,12.972,37.319,26.711,-14.049,25.737,-35.416,67.971,-8.7276,14.615,-25.728,9.5225,37.215,-10.768,-68.955,48.798,38.318,-62.981,34.326,-48.366,-3.4351,-12.515,19.183,-1
1224.2,-403.45,-196.37,-8.2139,-305.61,756.78,118.72,-66.399,81.174,-16.52,-10.547,224.58,-3.3548,-8.7708,70.19,-66.927,47.819,176.84,146.49,15.191,-74.22,-78.357,52.122,77.805,97.443,-76.603,6.1461,97.059,18.443,78.752,53.889,-3.8395,-19.76,-36.558,32.04,23.448,34.276,-29.784,-1.4306,-17.162,-0.84027,6.6469,-29.06,2.3272,-3.5069,33.09,43.843,-17.96,34.399,-1.4114,-1
-2144.1,660.03,-182.33,18.968,-154.06,37.515,-27.089,286.51,-102.27,233.27,25.738,-47.628,267.02,23.814,77.224,-2.9083,-44.55,-51.754,-5.8818,-129.65,5.2605,-73.64,-176.82,141.68,1.2879,-13.825,-48.106,-85.034,-196.58,-63.624,128.09,89.11,-69.469,-39.89,23.012,53.869,-46.835,-160.36,68.056,-18.825,6.7947,-13.617,-8.5763,26.116,-5.9855,-16.69,59.5,-23.114,-86.802,85.09,-1
1734.8,431.02,-67.245,459.54,-426.95,-219.39,-203.43,217.16,-13.19,126.69,-86.674,287.58,-31.437,-76.047,-47.108,-176.42,116.67,-89.706,137.35,-135.39,84.607,-184.97,4.139,-43.493,17.043,22.376,-85.133,-46.28,-24.393,-2.1712,6.1698,-91.457,105.92,-3.4465,37.829,38.172,55.123,14.381,38.355,22.84,13.108,-40.706,56.046,8.6401,-26.374,-20.808,34.274,4.3509,-12.147,-28.675,-1
1784,491.98,113.75,639.57,-251.61,-339.75,-394.84,169.63,-160.05,208.11,113.06,249.06,-32.856,-192.55,57.602,-10.89,-32.302,71.191,7.6969,10.208,-72.223,-78.566,-46.559,38.882,-2.4153,54.414,-5.7814,-34.981,103.82,26.891,26.057,-35.769,19.37,28.711,-12.988,44.343,0.34202,10.052,-106.45,-22.409,140.15,-40.119,17.438,21.559,-9.8502,41.834,-19.202,-55.136,42.973,-21.864,-1
2472.8,497.98,59.163,937.72,148.17,-459.97,-537.78,274.3,63.234,247.53,198.95,354.51,-2.5679,-141.15,106.19,27.557,23.06,29.064,112.12,-147.24,-126.39,-94.551,32.973,84.087,-41.775,28.84,-20.301,49.872,107.52,-15.235,72.511,-67.735,-51.94,6.1437,20.994,-1.4967,3.4316,37.029,-27.951,7.9504,185.08,-32.745,40.718,62.716,30.372,33.914,56.399,-14.348,53.101,43.959,-1
2689.1,407.05,133.15,757.67,36.812,-474.58,-406.53,461.68,-126.56,202.8,65.713,319.23,62.53,-166.4,77.996,-4.1091,-31.046,-20.638,68.706,-62.039,150.57,19.53,-60.88,70.743,-31.361,-5.6784,-66.095,25.474,112.47,-7.3186,54.645,-6.9219,-3.9917,23.291,49.224,-4.1882,74.922,-31.883,25.295,39.562,-45.982,-17.471,59.815,57.065,31.627,22.543,71.54,-50.38,41.192,46.594,-1
1024.6,449.51,-52.119,187.29,-276.24,342.73,171.19,-76.853,-127.26,-74.793,1.3942,105.86,-29.863,-15.179,-125.23,23.539,-104.44,61.618,-101.13,0.506,178.61,-232.79,-109,66.26,-3.5785,-43.274,2.9382,92.532,-45.443,73.878,86.936,-47.602,21.991,-63.674,-206.44,122.77,-60.163,85.607,3.8203,-37.343,43.213,-32.714,-10.376,93.354,-17.304,-16.524,-31.292,54.211,31.837,62.699,-1
2750.8,1017.7,197.08,484.31,-384.07,-251.59,-134.96,170.5,139.16,171.77,-119.1,305.15,-81.095,-107.79,223.56,-105.99,229.04,-120.83,-47.47,48.108,235.31,-26.633,24.785,-14.202,111.1,-152.91,46.763,-74.022,42.016,-0.99717,68.407,-143.69,92.923,-19.032,124.87,-55.577,-38.573,-80.627,24.818,-1.8206,-19.108,-44.378,13.444,-4.0619,-36.568,-24.505,-2.9524,68.515,-53.339,-35.932,-1
547.14,830.96,-31.866,38.154,-254.71,310.05,132.58,56.277,-227.76,135.9,-145.85,17.626,-200.14,-115.45,193.11,96.784,145.77,38.4,114.28,-40.931,94.402,-170.72,-100.22,66.442,66.155,-34.041,56.467,-64.297,-111.81,56.202,47.482,24.787,0.5182,-140.43,-26.795,27.653,-88.93,131.54,-7.8977,-11.99,9.1293,-48.552,-8.2479,49.206,-27.92,-36.763,-1.1256,2.3036,63.953,100.85,-1
1674.4,1020.5,156.04,626.46,-306.49,-255.65,-82.916,277.8,65.009,270.12,130.31,166.69,357.8,-94.864,-81.384,-51.701,-203.89,108.68,-100.95,-70.584,246.24,-55.031,-7.3807,23.325,-61.804,-59.875,13.627,-0.51879,-3.9374,-50.293,17.014,-106.06,-15.073,69.785,108.21,-33.572,80.773,-98.818,122.21,9.4314,76.402,-31.937,28.46,71.061,1.3836,-34.412,26.446,2.4752,-15.23,27.694,-1
2190.2,218.96,87.628,205.11,-420.86,-471.35,-372.15,509.15,186.76,130.47,-2.7466,158.15,-109.29,-128.24,39.509,-49.824,-17.151,-45.766,4.8871,-120.43,-228.33,-81.723,-85.684,-44.095,-27.244,44.276,-46.617,-234.14,-23.717,28.434,-42.619,-63.124,-48.462,37.651,-52.09,-12.053,49.503,100.97,-83.311,14.034,76.51,-38.38,-11.904,-2.7967,19.035,56.408,8.7047,-19.43,-6.9729,7.3439,-1
2935.1,1035.5,273.91,561.41,-89.994,-559.04,-525.06,543.35,33.54,307.93,-174.4,19.296,1.7384,-215.63,79.465,84.988,-222.79,96.734,-76.647,-47.796,-192.23,-41.788,-53.003,81.211,19.172,-20.005,-74.509,-61.125,117.05,-30.643,155.82,57.771,-27.764,70.04,-24.481,-35.38,89.124,80.093,-46.931,-33.992,59.052,-26.157,26.584,23.648,40.75,73.675,48.716,-17.587,6.7726,1.2651,-1
1647.7,1045.9,-18.654,714.65,-404.92,-293.32,-367.4,126.19,74.255,250.35,370.55,334.74,-25.224,-92.87,70.111,19.085,-12.702,-17.369,29.446,38.485,221.93,-38.999,-13.343,-5.7919,70.672,-113.74,14.549,-57.117,108.16,-57.767,-10.633,-37.727,80.78,-66.989,7.9263,70.692,-23.125,-96.693,-21.562,49.742,-41.242,-6.5715,34.792,55.414,-72.444,19.31,35.225,29.996,3.4356,-9.1504,-1
3243,1335.5,-161.44,464.95,-567.98,-278.56,-43.203,-101.76,-83.354,487.69,-277.62,62.425,-207.54,-104.88,168.36,179.07,38.505,-244.89,46.107,-17.484,79.972,-107.32,136.57,-48.78,50.456,-150,-40.403,-27.464,78.208,1.0663,44.404,-92.709,57.099,-80.853,45.38,-10.511,-40.777,-10.923,-23.917,2.8078,-86.748,46.9,38.381,-47.069,-72.971,-26.091,20.342,-11.613,21.607,-52.377,-1
-785.07,-970.44,-406.48,-61.221,237.83,-138.15,62.064,-159.22,-192.95,-228.27,164.41,30.392,32.288,4.1328,-118.9,-73.229,-12.913,-124.09,19.366,18.814,-19.813,8.8804,14.039,-6.0484,14.449,-22.803,12.773,-22.086,25.597,-37.191,-20.612,-3.5596,11.61,2.0439,-3.4253,-21.459,-6.0472,-6.9154,-8.3888,18.013,12.237,0.3963,7.4815,-27.194,-11.369,-3.8495,-14.251,-3.4343,11.435,-7.2859,-1
-1283.6,548.27,-182.61,-80.493,239.58,703.4,306.26,237.55,342.55,84.819,-39.986,49.218,20.993,-12.418,58.043,-31.741,-20.645,41.922,-133.85,-4.1355,14.385,-4.7393,60.84,33.075,38.789,8.6741,-40.033,-104.85,-25.602,-38.715,-62.455,5.5676,-32.164,-23.074,80.832,-46.171,-37.919,-137.14,48.454,-36.738,-2.4972,9.0181,21.167,-63.356,15.547,2.3062,-48.35,-35.755,-24.464,-4.7137,-1
-2179.2,3105.7,206.74,-260.37,-137.12,-441.04,183.88,-80.061,-79.326,246.51,79.245,-31.383,92.056,-133.66,-5.9202,-93.426,-98.204,144.6,-241.33,-47.641,-36.222,20.23,33.451,3.436,2.0794,44.347,25.859,-99.147,25.398,-68.441,-93.051,11.971,57.994,-34.044,-60.051,-5.6854,30.652,62.879,-12.765,-65.293,-97.033,11.165,38.158,-9.1899,-13.034,20.657,35.381,83.374,-101.8,-2.6215,-1
-2490.3,3769.4,231.04,-280.03,33.749,11.484,-70.679,27.706,386.11,-396.03,248.32,-2.2699,78.528,-44.244,18.84,-5.5534,-9.5406,113.19,-350.37,93.628,15.943,29.125,4.1279,30.714,23.285,34.071,-70.349,-20.108,85.618,-80.959,-130.25,-18.602,103.62,-57.483,58.023,69.808,51.231,73.385,61.914,4.4388,25.017,22.617,-40.301,58.72,-39.561,16.09,-171.21,27.377,37.413,60.5,-1
-2262.6,3145.3,167.03,-221.8,55.256,73.143,-301.55,-178.52,-3.3679,-5.6475,169.64,-24.621,-50.523,31.598,37.012,89.667,290.08,-166.72,-224.26,139.62,57.517,-81.075,4.8213,84.992,-13.572,44.274,-51.995,-46.592,44.963,-69.959,-61.991,-44.514,43.309,17.713,53.67,9.7352,14.91,-11.764,31.718,-41.207,72.268,-2.1669,-4.3432,42.389,2.9129,-27.416,5.2172,-41.749,-4.6062,-10.33,-1
-2480,3751.3,244.24,-264.67,47.46,28.839,-232.59,-115.39,175.36,-119.52,422.23,-20.15,10.165,-16.927,43.633,90.628,212.6,-140.32,-221.48,121.2,37.111,-80.637,0.078124,45.564,10.698,-19.35,-74.4,1.2569,-5.4137,-37.437,-30.498,-2.8125,-22.331,25.135,5.1223,-68.651,-76.455,74.292,91.174,-7.9232,-33.251,-6.5165,20.513,61.71,36.221,-11.334,126.05,27.815,-55.731,-31.479,-1
-2151.5,2842.6,133.32,-218.53,71.161,-0.385,-211.14,-116.5,175.08,-281.27,287.63,-5.829,-45.6,23.148,43.517,30.111,56.064,26.978,-155.37,-9.8459,-14.999,70.837,29.533,-48.877,4.6793,26.723,1.9331,-22.697,47.711,-91.207,-67.35,-3.792,101.05,-12.235,65.353,87.529,143.56,34.912,-73.688,-92.664,-5.6339,24.385,-50.06,35.824,-71.959,50.898,-16.411,41.788,22.872,-37.882,-1
-2650.8,4239,333.97,-278.74,35.68,-48.293,-385.49,-237.24,174.89,-158.68,623.87,-6.5728,-167.9,47.73,19,-9.3592,-40.422,52.164,-238.27,-129.85,-93.698,191.65,79.388,-186.2,34.673,10.224,-21.85,-48.349,13.41,-113.96,-69.713,-25.849,73.344,58.606,16.47,71.252,-1.6237,-3.3314,11.598,-67.565,77.605,54.026,-35.283,12.482,15.203,-23.098,57.734,-20.314,-26.058,-63.579,-1
-2759.9,4520.9,358.96,-312.6,-133.61,-428.43,-30.046,-63.413,234.66,-327.79,102.79,-28.213,226.53,-121.03,138.82,31.722,165.78,-71.457,-64.299,-195.58,-88.737,160.97,118.79,-168.63,24.115,54.86,-40.265,-2.602,87.783,-81.02,-30.442,-24.203,83.857,-6.1227,-22.018,68.428,-123.13,-27.816,27.101,107.96,-45.759,20.535,19.03,-128.68,32.456,-57.875,-102.86,2.4331,6.222,32.396,-1
-1860.7,2019,-18.597,-169.32,189.19,600.63,-325.04,97.975,137.79,-249.8,-227.16,24.731,358.31,-111.76,95.051,67.068,185.42,-75.663,-161.74,-56.514,-13.431,64.91,55.066,-84.568,37.356,33.156,-102.26,-66.406,6.381,-133.06,-76.435,-28.521,3.23,-78.955,207.22,-69.021,43.496,-104.67,30.06,-66.014,-12.956,-24.491,-31.5,-73.545,-13.196,24.074,-12.217,33.724,-66.027,5.2969,-1
-2365.1,3412.9,176.56,-253.44,120.78,132.08,-47.647,-100.5,184.42,90.631,590.99,-30.582,-45.437,-0.55969,65.796,77.885,126.89,-68.208,-215.43,-46.696,-35.646,97.387,63.956,-103.77,26.478,3.0624,-53.858,13.637,30.693,-73.523,-52.525,-1.6141,44.461,33.491,-0.81208,27.994,-9.3463,95.189,38.149,-73.817,-87.473,38.733,-30.34,122.39,-52.177,41.167,13.556,89.899,-31.925,-82.539,-1
-1850.4,1987,-19.917,-166.49,213.84,495.11,-201.1,-51.522,117.5,-30.656,95.032,-13.125,-206.02,116.29,-26.349,-1.6891,-9.9525,65.354,-224.74,35.789,33.082,55.847,-4.0476,-24.637,39.232,19.774,-95.78,-55.094,-8.4165,-79.024,-84.449,-15.586,-1.6964,12.527,74.177,-80.929,-25.698,13.344,81.358,-49.982,25.831,-7.8977,15.067,61.736,54.476,-0.82769,-103.42,28.38,85.611,42.852,-1
-1058.6,2593.8,170.17,124.42,-36.69,-221.13,-165.01,638.94,294.91,358.51,55.307,66.17,35.497,-13.966,-35.552,119.85,-93.893,44.151,-63.068,422.67,-113.65,57.522,66.656,60.031,-70.661,-44.82,96.768,134.14,-42.086,-47.655,96.44,-82.95,14.884,-9.9003,15.236,66.89,-84.052,-76.192,-25.645,24.435,23.833,11.707,22.697,-9.809,19.712,45.208,-18.304,-92.729,7.9924,24.003,-1
-1058.6,1763,75.641,460.73,-14.381,-74.594,-138.11,526.36,273.48,-33.549,48.841,7.7114,69.483,-71.476,-17.709,-38.944,-47.471,-4.8414,-28.257,162.3,-4.8872,-99.99,61.757,40.416,68.738,-8.2646,63.604,131.17,-2.6772,19.43,30.441,-11.555,22.712,-12.645,32.547,-4.5228,-38.057,39.475,19.354,-41.369,-40.922,-53.467,13.442,-3.2962,-16.441,-18.66,-5.0449,-8.3291,44.367,15.575,-1
-1155.4,1575.4,101.29,493.14,85.017,147.87,262.69,79.52,201.58,86.221,14.075,10.014,133.36,-43.741,-23.562,150.04,-38.027,19.296,-36.609,161.36,-23.792,-126.5,44.906,34.775,-44.124,16.401,-27.756,133.4,22.113,14.844,50.887,27.696,31.264,-2.5251,16.302,18.871,0.49481,16.751,-32.972,11.277,-13.403,25.919,-28.971,-25.286,4.2383,6.0655,19.78,20.32,8.6351,-1.863,-1
-1171.9,1473.3,113.67,749.33,162.23,203.27,185.32,85.382,211.01,-118.17,11.45,-22.761,112.47,-75.247,-15.733,-23.701,11.736,-52.761,-18.957,-87.235,34.413,-219.7,-3.4539,-23.869,8.0409,-40.486,-18.755,87.47,24.557,22.363,42.921,64.837,12.807,21.317,-26.74,-15.195,26.124,72.988,10.426,-13.048,-33.489,19.063,-4.9604,33.679,11.397,8.2641,25.442,22.188,-0.86365,-10.815,-1
-1096.5,392.14,-9.6049,796.89,147.99,339.43,55.809,-193.01,-64.483,-109.76,-16.288,46.324,52.232,-33.732,10.296,-44.567,-70.165,56.269,36.971,-24.547,122.02,-140.56,-41.507,-32.403,47.513,40.957,-3.222,0.79557,1.6099,51.867,1.571,72.1,24.728,32.295,-67.756,-37.632,71.257,90.454,-30.74,-8.4205,5.647,32.758,23.915,31.786,21.402,61.355,31.128,-41.421,-72.364,-18.206,-1
-1198.4,2172.2,186.83,551.45,126.93,132.17,3.8575,-26.167,122.93,-271.26,31.785,-61.536,93.045,-77.605,4.5355,-69.385,-51.604,15.987,20.607,43.892,17.902,-147.63,-8.0739,8.363,40.628,-32.317,100.35,102.46,-90.325,25.681,57.154,-14.132,-4.131,-13.487,40.41,23.919,-7.9961,76.876,-59.383,16.542,19.235,-31.111,0.95985,-60.658,40.727,-24.644,23.837,65.349,78.557,8.882,-1
-1088.1,649.59,-83.023,384.42,201.99,-215.17,-20.577,343.97,144.59,-65.706,54.264,-19.682,105.05,-83.971,-13.889,-64.087,-49.329,31.002,29.869,-92.808,73.822,-112.75,32.815,16.891,29.87,101.54,-33.392,121.88,42.171,90.366,17.461,12.76,6.103,14.419,8.5086,32.513,-23.088,67.851,19.348,17.206,27.006,-45.676,52.594,-11.622,30.932,9.5492,4.0952,59.39,48.987,-12.835,-1
-1127.1,1057,75.781,857.36,146.82,335.27,-411.81,-190.34,-327.03,214.39,7.1114,54.228,-7.0157,7.0406,30.435,308.16,-25.048,74.197,-56.599,-118.13,-13.093,-132.33,-9.4972,15.451,-84.016,-83.548,-15.562,154.8,7.0305,-13.932,89.863,71.425,45.578,-2.7786,-5.0327,39.962,-18.53,40.916,59.642,-6.4801,26.346,-19.775,-3.7111,-34.883,45.127,58.336,48.707,-10.144,-26.225,-16.05,-1
-1143.1,1382.2,42.223,251.98,119.22,41.827,268.83,19.069,119.11,220.25,54.792,2.7285,118.96,-54.18,-12.791,222.57,20.939,5.0275,-86.723,-276.35,-38.749,-150.62,18.591,11.804,-87.836,-93.874,-74.432,151.19,20.2,30.179,48.039,14.857,25.478,7.3845,13.954,10.619,-9.2191,52.62,-40.256,3.489,-6.9244,34.205,-20.081,-13.546,-5.9503,-31.488,20.657,8.5751,11.526,19.827,-1
-1108.1,927.53,-45.603,285.25,164.58,-146.66,-19.674,226.27,2.1635,298.27,33.567,-3.3062,98.599,-93.624,-5.8765,-363.74,-43.65,-52.46,82.956,-71.652,52.902,-88.179,60.688,74.541,-16.023,136.36,-66.495,136.74,54.185,37.948,60.879,67.505,40.552,1.383,-6.3323,54.091,-25.541,32.617,34.084,25.004,32.495,-0.20393,11.24,6.5199,5.9086,-15.83,25.223,10.842,0.96465,-10.274,-1
-1146.7,1256.2,58.72,517.12,142.47,128.34,140.95,43.72,61.981,222.66,18.776,-7.027,111.12,-72.598,-5.5524,-101.77,-6.3283,-72.005,-10.351,86.388,-55.305,-108.82,37.423,55.672,-66.891,-67.537,-41.97,115.32,14.421,-39.314,87.986,60.302,19.02,26.178,-4.7704,26.304,-11.083,45.355,-26.552,24.119,11.174,55.281,-47.996,3.6032,2.4144,-37.045,42.356,-6.2039,-5.0039,-0.17542,-1
-1097.4,611.32,-46.608,618.81,183.9,30.752,-94.543,167.95,-43.777,159.2,21.843,48.365,44.637,-22.677,6.2103,141.46,-80.121,82.678,5.313,-6.3189,55.062,-90.331,29.712,30.684,-29.488,97.67,-34.918,139.76,39.019,89.137,43.784,25.097,40.249,-1.2949,5.7067,40.844,-17.503,59.644,18.881,-3.036,31.113,-68.918,47.99,-24.235,-14.147,-46.014,-28.128,-48.9,-31.777,-3.3836,-1
-2489,-361.36,-499.87,-420.25,-276.97,372.87,-298.41,173.2,19.777,8.876,-17.172,-51.833,105.94,-17.718,37.37,8.848,63.988,19.606,42.484,-41.781,7.9008,-7.9539,-114.77,-9.0676,-0.93603,10.037,-63.273,62.55,-25.264,10.648,-65.368,-13.514,-30.103,-37.755,27.884,-31.251,11.058,-30.247,-12.546,-17.126,8.8148,-5.1966,-12.709,6.0466,-2.6083,-18.355,5.9818,-2.5271,-7.3886,-8.7414,-1
-1069.9,904.09,-256.78,-207.57,-16.593,117.49,360.2,192.7,-206.12,239.69,213.3,205.9,-100.28,90.919,-106.85,46.259,-88.365,-65.605,-50.325,47.695,93.797,80.818,112.63,-87.933,-8.4147,11.07,-23.501,-0.16624,2.192,-27.301,57.456,-166.08,19.442,-26.768,-3.9118,32.971,26.539,-42.49,2.9008,-22.006,-26.612,-39.111,29.847,-25.422,53.197,12.654,54.092,6.6373,14.535,12.761,-1
-222.02,691.29,137.94,-35.131,153.67,12.353,257.94,407.16,-8.8269,-209.57,155.73,115.07,-149.96,-125.39,-175.94,51.787,-131.09,-86.932,-193.41,174.9,160.19,-122.27,-63.132,78.027,49.506,90.351,73.446,104.16,43.133,-31.123,91.416,-20.488,-26.543,19.446,32.078,32.255,-13.603,40.081,-23.341,93.566,55.92,27.078,8.0254,-10.676,-18.692,-44.372,39.555,10.148,16.261,-65.594,-1
661.82,1382.2,-265.65,-373.05,221.68,-53.193,-319.65,-399.22,83.699,94.811,46.038,88.237,55.606,-97.185,-291.56,213.13,-18.252,-204.22,329.23,39.987,102.09,-155.56,33.765,178.6,-17.276,-36.242,107.47,-25.496,30.621,73.705,-60.739,-124.83,51.534,-16.79,-17.89,-155.35,22.897,28.232,-49.435,-93.773,-62.513,-21.979,-0.34835,5.1713,11.089,11.445,-34.767,58.958,-23.584,0.16575,-1
-348.52,799.25,252.85,-140.45,-259.86,-71.588,298.77,143.79,-52.077,-18.101,-38.759,-88.388,-190.24,133.85,-143.6,134.52,-15.429,-204.76,-146.35,186.97,85.888,-154.96,0.47906,8.1805,8.2551,66.612,46.801,111.18,0.6636,-22.488,7.3803,-11.705,-59.261,9.2411,29.253,-47.548,-77.726,-84.453,-9.0731,48.164,-15.343,-39.155,-40.155,0.17551,68.343,-6.3874,49.919,17.355,-30.859,-62.421,-1
-911.58,128.22,27.102,-46.385,-188.65,96.696,193.06,49.101,75.976,-275.15,175.51,-67.796,-54.377,7.6234,-143.02,17.233,-233.48,-199.25,23.568,-27.096,83.023,9.0222,109.08,-59.254,30.892,112.45,-98.736,30.827,-60.358,-10.497,12.075,-121.94,-1.5626,5.6874,4.0824,32.684,44.775,20.583,-21.876,19.254,-5.1931,-38.004,-4.7422,26.108,-48.705,-13.872,-46.581,-54.523,-10.403,-13.329,-1
1000.5,194.06,273.11,-381.14,-163.21,-489.31,24.647,77.975,-30.975,-287.4,206.04,170.01,-199.25,-150.08,-321.78,169.43,12.926,-94.668,154.11,215.3,175.22,-157.26,-75.266,135.38,7.325,4.9151,168.52,35.079,77.263,6.235,15.465,-56.5,25.306,-10.77,48.002,-102.08,-63.205,-13.667,-97.38,-73.048,-29.363,49.291,105.88,-38.867,101.65,-18.753,-25.256,-17.652,17.105,-5.1134,-1
-748.62,676.64,249.1,-142.78,-462.68,4.5804,143.88,26.714,-290.29,-123.69,193.03,-138.84,-71.94,118.01,-161.08,51.088,-52.115,-210.13,-86.501,91.84,93.844,-20.622,96.927,-40.635,13.47,93.472,-41.531,0.29241,14.048,85.167,-67.979,-112.93,21.578,-31.1,-45.384,-19.868,-56.567,17.976,-14.016,56.224,43.357,86.18,9.41,10.232,28.987,-15.928,28.196,80.417,20.283,61.726,-1
-906.59,386.96,266.88,-86.713,-275.83,-33.372,420.63,-68.483,-184.61,-228.24,227.26,190.49,-54.677,206.4,-89.864,173.66,24.2,-2.55,40.243,-46.717,120.89,89.329,113.39,26.66,-38.054,-35.965,-93.251,-27.743,20.209,-25.848,129.79,-101.81,-52.189,-5.2129,109.11,-20.301,65.601,217.69,18.025,16.791,141.73,268.14,167.77,-37.843,-144.82,-141.38,59.016,37.481,82.667,-16.365,-1
-684.7,124.14,190.08,-93.605,-161.76,-12.288,494.83,-60.246,20.114,-251.39,420.48,220.17,-15.314,67.177,-288.43,280.93,-90.775,-114.3,-46.961,-79.849,104.62,56.47,37.548,-186.56,4.7441,-6.5134,-61.71,-10.393,29.227,-0.96321,87.879,-128.81,-21.258,-20.845,33.681,-11.153,12.41,55.955,38.21,79.572,39.847,-113.51,-128.62,13.574,-46.446,-28.328,-59.145,135.24,-9.9937,-28.944,-1
-146.36,359.57,134.71,-35.496,50.247,-47.722,352.75,113.65,-328.72,-245.16,327.23,-36.079,-140.45,57.141,-159.09,138.01,73.003,-31.651,-159.71,214.85,174.28,-75.923,-74.51,145.89,-3.3283,-6.0043,105.92,30.625,44.309,38.514,3.1875,15.386,-44.238,-11.635,72.719,-11.955,-55.717,54.415,-1.2704,65.868,102.11,109.24,4.4647,-11.599,-1.3499,-13.366,16.384,114.7,32.97,105.17,-1
456.3,-100.84,370.13,-30.488,-324.75,12.808,159.32,-83.488,172.45,-439.97,215.16,-27.241,-227.95,87.538,-126.65,139.34,31.897,-359.96,153.6,-45.017,279.05,-48.617,61.835,-93.654,-4.9184,79.166,-111.03,57.833,-31.756,-17.491,49.46,-68.498,63.937,-55.838,-89.015,36.884,-11.651,-44.709,-9.2901,62.358,-11.898,-81.381,-64.822,13.903,5.9706,-6.1798,87.221,4.3421,47.871,-57.828,-1
-1811.6,2062.5,-0.0052216,6.7936,190.96,242.91,158.63,-401.03,-95.486,7.8919,135.78,-18.048,-11.164,39.494,73.024,-116.87,88.633,-56.913,9.8216,-13.191,-22.032,81.588,-177.82,36.692,-58.583,-17.263,19.062,6.2313,28.904,-161.8,-4.4674,-230.3,-66.07,-84.665,-142.06,124.2,-31.988,71.427,-48.414,-42.39,5.121,11.576,11.494,-43.645,-38.958,35.422,-89.579,-12.988,-5.584,14.134,-1
-1321.4,418.49,-133.62,-403.13,553.45,105.03,119.04,261.27,-193.27,102.5,-24.283,-87.928,85.23,80.469,68.422,75.795,-10.724,-1.5573,-0.074262,-52.357,9.5847,-53.461,73.112,-16.055,-36.454,29.369,-8.0618,87.495,-20.613,-159.24,20.446,89.645,124.52,-0.64063,8.9686,-49.816,-38.277,-150.4,55.777,-14.928,30.259,24.684,6.9982,-29.569,-86.707,71.813,7.0345,6.1401,-19.552,-42.326,-1
-1631.3,1346.3,15.003,-254.87,441.62,61.728,93.015,-141.77,56.009,12.768,-232.45,127.19,47.812,17.32,-9.8126,138.82,-173.21,73.233,4.45,82.874,13.575,15.814,-74.389,51.71,-56.452,24.73,-7.116,80.463,-37.644,-197.4,-12.048,-83.061,-174.57,-24.297,-51.927,-3.2507,4.375,-116.36,33.448,-21.107,69.752,23.076,20.597,80.014,-118.25,70.934,-104.54,-81.258,-86.081,48.628,-1
-1764.5,1712.4,0.19274,-249.28,536.91,122.26,192.62,-58.061,31.201,60.653,-38.101,-85.939,57.626,62.426,56.357,23.274,6.0154,-38.504,-8.1818,6.7818,22.105,-39.89,10.364,23.983,-32.167,54.03,-11.567,209.55,14.515,-227.56,-57.083,208.98,223.47,-57.114,-81.18,24.432,12.783,-84.494,91.359,-38.384,122.73,56.186,47.976,-50.84,8.1401,62.243,-10.28,-42.341,-27.828,17.611,-1
-1107.5,-157.67,-127.49,-384.76,373.22,16.547,9.9591,380.49,37.748,39.545,-83.124,-2.3432,80.151,66.883,42.352,27.123,-26.427,39.223,30.05,34.766,61.294,-42.348,-2.77,5.7847,-54.919,-17.679,-26.862,-29.415,-64.372,-76.227,93.859,-73.973,-49.21,-10.9,52.822,4.2492,30.81,-61.248,51.078,-54.025,-31.716,74.357,53.486,30.263,-65.195,-60.095,40.677,9.2674,1.2821,-19.777,-1
-1046.4,-293.81,-111.75,-300.25,136.87,-21.952,-155.72,507.58,-187.13,43.888,-117.24,210.84,37.734,24.786,30.258,7.7875,-32.379,91.258,22.243,50.598,20.35,36.011,-106.34,47.509,-50.14,24.397,29.043,42.36,18.604,-41.186,11.691,-64.771,-86.817,17.656,40.518,-9.1099,13.947,-54.009,-78.559,26.235,-48.055,-27.811,-9.2698,41.428,24.226,-3.603,16.874,16.771,-14.067,-36.28,-1
-1077.7,-224.83,-106.23,-362.9,300.74,-41.607,1.9342,471.13,286.47,19.861,-28.875,56.106,55.618,79.687,78.427,-74.247,73.961,-31.282,16.036,-24.643,28.359,-69.04,65.144,-38.189,-47.143,29.378,-21.178,28.516,-11.991,-78.941,41.819,9.2746,64.428,-2.4368,-7.5603,57.685,47.388,-1.5215,-38.157,4.1529,7.8023,50.84,-45.211,-79.726,56.513,-37.463,-14.866,27.32,-9.9589,-44.785,-1
-1087.8,-195.33,-92.205,-369.84,313.42,-29.885,-7.7775,274.97,156.89,-4.4836,14.359,-75.695,89.698,92.892,72.475,31.091,-28.6,32.94,2.2348,-66.556,-17.653,0.022431,11.267,-0.50197,-48.456,19.871,1.3589,22.975,-26.767,-60.315,83.025,14.359,134.13,15.811,50.523,-14.412,24.275,-81.214,-26.324,19.64,5.4258,1.213,-34.527,34.249,-6.6321,31.362,-8.2063,69.847,24.218,-101.09,-1
-1089.2,-75.397,-129.36,-138.9,-15.898,103.22,-79.608,392.99,65.378,40.772,234.07,-27.989,48.622,47.873,37.055,17.297,-10.86,16.66,4.9484,-28.099,-45.008,18.374,-27.933,10.251,-16.477,25.684,10.877,35.938,-22.444,-34.625,14.898,-26.375,-23.272,38.698,-8.7133,-15.82,-0.3629,-40.396,-108.73,27.684,22.781,-36.42,-18.143,30.341,12.629,36.031,47.492,37.466,24.783,-34.731,-1
-1005.8,-331.57,-303.09,-115.57,3.5301,54.208,-42.541,417.36,-121.22,27.909,5.2421,172.1,16.244,-35.985,-7.9532,-9.5667,-5.3194,52.618,34.858,36.412,-4.6683,14.842,-83.415,-2.2368,-28.2,-11.431,26.925,4.1124,21.663,9.9575,-45.913,-65.089,-132.33,-9.557,27.032,8.1379,-20.289,-16.146,16.323,-12.393,-13.479,6.8555,59.856,64.991,34.078,15.025,37.268,19.462,59.12,-40.361,-1
-1040.6,-263.48,-330.97,-189.5,191.6,151.3,38.379,312.35,-227.18,52.118,-214.35,96.129,12.028,-15.56,-16.169,85.628,-51.822,74.01,20.045,8.9059,-7.0473,14.01,-111.68,22.304,-35.898,-25.733,28.875,-2.3189,-4.0217,1.501,30.242,22.98,60.261,-37.724,-41.553,121.46,82.251,109.51,4.5436,-49.262,17.929,86.372,37.122,-35.624,77.438,-31.532,8.0188,23.906,39.102,-40.035,-1
-1068,-217.02,-387.78,-181.88,235.41,101.1,106.24,550.42,118.56,58.992,-64.527,52.747,15.27,-7.9881,40.761,35.31,-5.8445,-44.266,-11.83,-88.777,-57.839,49.416,-51.422,23.388,-29.619,16.079,39.636,62.501,34.631,46.497,-30.327,12.442,46.609,-43.038,58.589,-31.492,-16.774,-64.081,89.817,-4.3854,-11.567,16.843,25.036,59.365,9.7594,44.285,-4.9521,54.004,51.166,-36.63,-1
-1084.5,-561.73,-756.86,-24.166,-407.43,-40.524,-47.982,267.67,-43.137,-28.29,-172.65,-164.93,-33.798,18.107,-88.588,-11.439,9.1833,-10.961,-10.031,-47.385,-14.107,-36.905,4.0279,-16.197,-43.043,-53.452,-45.905,-21.144,16.487,-9.5572,-16.599,-67.012,11.808,-6.2679,-17.566,-20.794,12.941,-0.043375,1.7822,0.15928,-8.3425,6.6881,7.261,-11.819,2.0281,0.6477,-2.5747,0.66588,1.1456,1.7631,-1
-1319.5,1221.2,-158.87,-55.066,119.06,6.2107,18.796,-59.384,-131.04,331.42,215.63,-23.756,-36.305,27.239,-7.6746,-24.316,73.602,21.422,-136.13,75.873,21.939,10.449,-32.872,4.4452,-70.638,107.3,39.308,-56.468,-22.804,-153.96,-79.968,16.692,35.679,35.283,39.752,121.24,55.066,70.506,128.6,120.2,28.284,7.4433,24.153,-10.65,31.458,4.9101,-11.325,-33.991,-9.8567,142.97,-1
-1309.2,932.3,-479.47,-407.02,532.16,289.94,-4.5845,-101.87,27.378,-22.719,79.854,-51.115,236.65,-98.927,55.036,-23.967,60.573,12.903,-74.048,44.115,2.8716,-47.462,28.006,38.983,-53.186,73.994,8.6875,-49.518,-108.76,-102.28,-12.442,-82.365,-192.1,0.24556,-116.29,1.5919,44.419,25.452,-50.244,6.966,19.687,-0.57088,64.897,-36.977,-53.083,9.9535,23.42,8.946,-49.319,49.163,-1
-1551.7,2802.3,503.62,-86.612,-174.96,457.56,-398.75,-95.843,-242.46,313.86,657.18,-57.527,-206.18,117.63,-151.1,2.1515,-8.5233,26.47,51.002,-3.7427,64.699,60.385,-42.01,23.675,67.421,55.999,4.4972,-62.361,98.161,97.578,104.41,-57.237,-113.45,19.321,-30.922,66.623,67.648,39.443,18.436,50.263,7.1927,-40.618,-43.823,-61.394,28.004,68.953,-10.276,26.15,-102.36,-55.203,-1
-1429,1965.6,-19.468,-220.82,428.5,-53.549,247.08,-186.7,172.88,-224.1,124.33,-19.309,33.466,-96.225,-35.465,-36.307,-12.161,-23.184,7.0793,-6.311,7.6885,-20.152,-16.114,-18.902,-38.152,113.6,-123.67,111.32,204.55,118.33,58.985,-19.179,-6.5029,4.3392,-38.551,1.7578,-1.4535,7.3807,-1.4897,20.676,3.334,-30.772,-46.098,-16.114,17.225,20.042,-12.404,-4.8484,45.49,65.779,-1
-1432,1410,-231.36,-279.03,229.11,-53.558,218.56,31.023,105.09,-338.26,41.39,43.977,-124.53,20.362,-24.29,21.609,113.31,5.5795,-207.77,164.88,12.345,4.9761,11.088,54.181,-203.11,34.432,88.376,63.187,129.95,-17.543,-142.88,93.791,174.16,-31.303,64.145,52.391,21.057,31.994,-21.022,27.217,5.045,-58.093,-108.16,28.637,-31.666,13.859,-2.9658,5.7622,85.548,84.134,-1
-1726.5,3275.7,696.53,34.461,-280.8,0.32516,-97.724,45.014,-247.87,278.92,449.65,-6.3543,-297.81,102.17,-119.21,-18.271,10.995,22.94,17.516,69.383,58.089,122.28,-59.912,7.4116,-14.535,125.96,-4.3162,-5.0121,160.76,-14.497,15.66,-104.86,-156.85,15.289,-115.21,2.4274,-16.922,49.957,-90.723,99.309,44.283,4.4158,2.562,-25.003,44.314,-13.755,-4.9637,-13.475,-55.16,52.539,-1
-1854.5,4054.3,1066,67.623,-582.55,-22.397,168.55,112.17,152.16,-407.27,-45.981,81.607,7.0499,-34.809,21.986,21.938,214.15,-14.898,-421.43,264.34,14.123,-103.78,23.41,99.458,-416.56,259.68,88.443,-46.931,135.19,192.7,158.8,-17.133,30.03,-22.112,-11.064,62.561,17.431,-14.585,3.1121,-33.22,-0.92229,15.708,-0.23503,-30.834,-6.9658,7.9481,-5.2624,12.72,21.178,31.978,-1
-1710.4,3870.6,986.27,123.01,-311.82,-241.07,448.9,-151.38,343.18,-396.56,-151.73,111.29,-81.18,51.97,1.0983,33.35,34.176,-7.2881,-108.62,4.9041,28.923,-34.949,8.8238,84.236,-67.727,-146.79,-57.878,46.011,227.49,95.381,-36.248,-92.024,-47.659,32.994,-125.31,139.99,-14.31,-76.016,14.976,-142.04,-62.912,-28.08,-79.788,11.544,-3.1979,59.106,-15.154,4.0646,-9.9613,-13.197,-1
-1288.7,1175.6,-255.49,344.72,791.96,65.625,-531.93,-5.812,-266.57,-207.98,528.66,-196.26,78.49,-137.08,-119.56,-1.4977,-34.182,-4.6248,109.05,-48.758,9.1296,58.453,100.48,-30.113,-11.516,-76.99,20.526,-58.414,163.62,-60.94,-155.33,122.11,63.039,1.1461,38.823,8.5505,-88.828,1.7613,-56.616,10.402,12.297,-10.338,-42.16,69.66,39.187,-41.641,0.97696,31.761,-3.5159,-22.014,-1
-2475.3,8464.3,3056.3,921.71,-547.34,817.55,-1422.2,315.04,-261.99,122.66,-710.62,488.28,-862.59,382.66,130.89,56.695,18.177,29.196,-41.652,-31.711,42.516,149.44,3.7051,-18.463,-69.114,-127.37,24.533,146.98,-169.84,-115.39,-136.19,-120.24,-64.776,27.947,-20.639,94.877,91.163,111.56,69.02,157.66,130.66,-3.306,-13.75,-27.146,153.9,-23.119,-17.81,-28.593,-17.886,56.264,-1
-1556.1,2815.1,489.38,469.5,528.76,414.58,-1007.1,141.26,-394.88,16.024,172.71,134.22,-607.96,193.69,-92.502,39.9,166.91,6.4184,-324.89,189.74,65.757,84.247,-31.646,-22.487,101.03,55.941,60.741,-205.85,150.72,-35.426,3.5377,79.533,81.357,22.302,80.389,-5.104,-119.64,79.098,51.361,90.818,59.971,49.621,52.38,-77.237,42.705,-24.973,-13.565,-3.9986,79.339,-3.994,-1
68.502,-1076,-524.91,-280.52,-315.46,-163.49,-21.277,164.98,-539.53,-138.39,158.84,-25.437,105.43,80.443,-23.564,33.325,33.13,-16.13,9.3651,-18.653,0.18231,3.7087,-1.7259,-91.804,-14.254,59.564,-17.837,20.766,-3.1199,-8.4994,-53.175,-12.49,-19.848,0.37211,1.1864,-14.369,-20.975,-40.407,-4.3867,-7.6131,-9.7023,-3.1004,-6.4141,21.096,41.004,-38.581,0.50564,-60.522,-27.726,0.58266,1
685.25,-584.58,-59.271,-372.06,366.71,-22.984,126.08,16.124,-402.55,160.85,21.429,19.816,47.921,145.88,43.015,133.63,-26.665,-41.413,48.773,-177.85,13.977,-2.008,3.8366,24.735,113.01,-0.095482,69.811,-43.077,14.417,-7.4395,-13.474,-84.614,-64.581,-34.403,28,-11.519,25.316,9.3622,31.302,-42.03,-62.557,-0.35919,30.715,14.985,-97.232,-19.883,-30.276,-89.279,-39.239,-72.841,1
1461.5,-428.48,-134.48,-297.92,76.118,-68.149,248.39,-179.49,-470.71,-111.45,196.92,-16.027,-56.722,-122.7,19.616,135.99,86.208,-135.61,-34.144,-130.07,-145.6,-114.28,-28.35,-41.032,19.761,18.103,-75.437,-3.9092,33.549,17.712,20.931,-8.8068,-12.249,-13.952,18.909,-28.334,34.508,75.699,-72.96,-27.623,108.28,15.131,-1.0718,-3.7204,113.73,-73.495,12.606,-9.5167,-25.418,-14.336,1
911.12,-749.43,95.125,-315.37,34.385,-64.125,79.278,129.52,-375.83,-14.929,76.4,-11.139,-10.948,140.23,33.408,130.73,-34.592,-69.693,113.38,-376.13,80.288,8.895,14.512,-162.07,114.16,-64.85,-0.45096,64.728,13.179,39.994,-79.585,-26.611,-20.233,53.563,-7.0135,3.1189,-12.97,-50.372,-19.178,-24.585,4.2438,48.821,-41.259,35.629,67.674,37.035,-46.925,-7.4859,14.483,-27.961,1
2878.3,-13.017,-170.74,-458.7,247.72,-31.403,-34.084,111.24,-154.91,-168.61,-140.06,17.684,57.248,19.648,60.206,-0.051769,-54.887,-38.045,12.313,-101.22,-133.28,67.749,-185.7,160.06,-15.883,-18.711,-60.336,-11.902,-77.447,-30.136,7.0875,-26.126,-6.8546,21.87,-11.919,-5.3496,31.688,-73.561,-48.718,-88.982,-56.827,28.835,-4.5941,38.318,56.082,14.785,-47.401,36.652,2.6003,-31.982,1
2652.4,-91.592,-256.28,-280.36,10.347,-23.969,234.71,-390.9,-214.84,-187.9,-58.427,25.663,40.026,78.643,-12.211,-59.099,6.4372,36.054,-39.316,86.276,-61.401,-40.567,14.341,-94.921,23.632,23.386,86.165,34.941,60.679,17.304,37.431,12.74,25.586,33.685,-26.638,24.494,15.272,-25.225,40.396,64.43,48.46,-28.613,-9.4001,-78.505,-127.17,-44.193,40.951,-23.94,-12.923,15.664,1
16304,6545.2,-3466.4,820.53,-1493.1,-511.02,-652.31,1664.3,-846.48,-602.61,-237.47,15.609,140.79,487.07,124.64,-104.79,-244.58,-92.868,-53.076,195.53,-261.2,133.87,-151.29,-139.09,-144.79,68.78,-70.387,2.2488,-47.096,-69.631,-6.9083,-29.461,24.228,-10.638,1.671,-23.97,26.853,50.956,-53.978,-78.086,-3.2516,-0.992,10.651,-0.86263,57.347,25.706,0.5586,48.107,21.212,-8.7793,1
2480.9,-249.25,249.63,-477.78,423.34,32.005,-134.78,126.75,210.67,19.029,-126.35,-7.5628,46.759,-2.0414,26.807,129.16,-89.245,-138.01,39.902,-55.957,86.609,36.024,-33.709,88.952,83.852,-54.846,77.625,16.497,-1.0984,31.087,8.004,1.4356,-14.245,0.77224,-6.543,2.2911,12.001,70.291,17.026,-44.536,26.124,-22.328,6.1115,-52.838,22.042,-24.903,-12.355,-22.268,-38.31,-19.802,1
1855.2,-505.24,-35.547,-657.53,434.55,-44.469,-25.33,160.49,-180.45,-111.04,180.11,10.148,62.394,113.5,-80.826,204.1,90.57,-74.51,24.914,-80.893,113.99,66.893,-0.95038,31.285,107.18,-49.16,101.69,97.025,20.453,78.171,-60.552,-16.764,-17.474,57.79,-34.32,14.101,-19.141,-5.8172,20.548,-31.952,20.055,15.314,-30.942,-88.263,90.223,-125.28,-53.729,55.25,12.344,-20.6,1
877.28,-974.97,283.37,-401.54,203.07,-30.604,71.822,-198.4,3.2887,-51.8,119.8,-33.505,42.066,21.655,-63.114,133.15,121.65,-40.726,-4.8265,-98.378,-77.14,48.146,-81.137,-44.983,91.045,-30.983,111.32,59.485,50.411,46.134,-46.921,-41.211,-16.698,23.433,-5.5164,17.711,20.65,-12.927,43.719,-16.184,-38.53,-12.124,19.697,-36.974,-7.0068,-32.272,2.0202,-70.908,-41.726,35.696,1
-30.588,-1333,-109.53,-408.77,-17.173,-106.55,157.06,-279.6,-284.9,-186.93,160.47,-2.7682,69.527,62.264,-40.751,42.544,95.394,-16.595,-50.348,15.687,-117.41,-1.7802,-51.837,-35.428,40.266,-13.022,30.15,43.526,28.153,31.462,-46.53,-24.848,-6.344,37.354,-34.096,5.2216,-9.4291,-10.618,31.046,-36.581,-34.307,1.2909,7.4845,-5.0483,-3.2861,18.562,-5.9613,-28.752,-4.9083,-14.738,1
2.8417,-1315.3,-198.82,-483.56,-14.514,-213.36,32.476,115.4,-467.82,-193,540.64,-4.8975,72.682,144.9,-161.5,134.16,262.39,56.433,-24.409,20.045,17.872,12.203,-3.8886,46.066,-45.743,22.097,28.937,75.076,-9.1775,28.617,-80.025,-25.608,-1.0996,7.4116,3.0167,-1.7967,-66.228,-14.9,36.283,81.03,-36.206,1.043,-5.9477,-63.639,87.16,-116.97,-7.1096,50.863,37.098,71.269,1
221.37,-1251.3,87.79,-455.12,73.756,-160.18,-8.0249,180.19,-431.61,-203.66,269.37,15.036,61.867,36.165,-37.334,84.215,119.24,18.511,-2.9305,-148.91,50.362,56.534,-13.267,-92.561,3.0632,15.402,50.216,38.832,3.4094,31.929,-68.791,-42.69,5.7227,3.4671,22.827,-3.4331,-19.259,-58.529,-17.752,0.087145,-44.925,-8.2551,-7.194,35.67,-92.082,82.363,26.432,-98.131,-51.539,-26.382,1
-1846.8,29.091,-312,221.25,36.192,-162.61,-67.203,-149.38,-24.769,-49.174,327.73,1.9407,9.3833,-88.784,21.881,82.455,-15.31,-0.38154,51.314,61.378,-37.71,24.417,15.924,-24.162,-16.828,50.48,-3.5341,-6.9902,-26.575,15.494,-35.156,2.2231,26.237,-60.489,34.616,20.206,-6.6631,18.002,45.079,-21.765,75.606,-14.187,3.9574,-5.4725,11.121,-34.98,1.7541,26.243,30.622,24.588,-1
-1697.8,-645.28,76.308,-307.55,-91.877,-158.58,-228.6,-195.29,-88.861,-77.894,96.024,15.409,4.971,36.123,-28.769,-3.9679,9.2335,29.588,13.934,-15.796,8.7071,32.432,-52.98,-1.9388,-58.516,33.419,29.346,-51.96,-4.9381,-17.7,17.887,-23.56,-24.16,5.7021,-16.735,28.89,45.79,21.418,-2.0942,-27.012,-23.875,33.927,-32.033,6.4318,13.709,-8.3945,9.7449,-18.555,4.573,-17.55,-1
-1836.1,-60.505,441.74,-53.336,132.48,-586.09,-40.59,-116.5,-298.06,15.088,-37.709,-51.871,58.477,-114.28,85.466,-32.005,-11.022,199.64,51.001,13.961,-78.674,11.684,-33.397,-50.682,-17.172,-26.244,29.353,14.814,-13.931,6.1586,-65.007,58.429,-53.033,-22.864,12.96,-4.423,-15.388,-8.33,-40.691,39.411,37.245,-15.16,11.759,-14.363,-10.436,-35.542,29.798,-36.049,-15.91,2.4471,-1
-1816,328.37,414.29,-374.81,125.53,-535.58,-197.46,-134.37,-342.64,10.466,395.25,-94.417,15.658,58.332,79.662,-147.24,-50.969,-27.756,-46.728,-13.058,32.37,9.5111,0.21188,-105.09,25.806,-27.99,-5.108,121.94,152.38,-38.387,-116.97,58.345,-109.96,6.7349,29.517,-30.754,8.7259,-48.653,-20.439,24.854,37.4,-14.585,-0.23812,-13.723,-14.703,-13.105,19.135,-42.857,-20.192,-15.551,-1
-1811.1,-5.4277,346.14,-556.04,132.25,-474.53,-333.51,-133.87,-453.57,80.77,-6.6413,-44.429,37.99,28.553,21.518,-101.3,-14.101,115,15.013,-19.504,-18.851,-12.487,-71.547,-118.11,22.705,-54.926,-86.246,52.348,84.314,-2.546,-35.791,32.782,-28.782,-19.831,14.979,-63.944,11.075,-64.539,40.38,49.56,23.495,14.536,-1.1092,-8.6223,-5.8864,-38.346,24.414,-23.685,25.898,13.666,-1
-1830.3,563.87,479.6,-254.85,167.43,-517.94,-220.85,-69.588,-474.77,99.39,25.584,2.4873,86.414,-163.08,113.95,-63.833,-65.054,18.636,88.321,67.303,-81.505,-21.199,-38.793,-86.295,-43.556,-46.75,-109.5,43.617,82.504,12.751,-42.009,12.855,-12.262,-93.865,25.005,-59.086,-22.383,-56.925,107.41,40.133,16.214,69.367,-20.101,-25.825,-4.9292,-80.621,30.013,5.1987,-2.16,18.433,-1
-1838.1,689.14,565.41,163.91,343.34,-529.92,-98.42,-83.489,-345.41,39.416,384.72,-64.508,57.059,-210.51,173.57,-75.489,-124.82,-93.083,45.927,119.29,-54.756,13.415,10.132,36.361,-104.36,-17.574,-6.9213,17.06,10.344,-30.24,-67.323,46.579,-40.067,-94.335,38.694,29.157,-116.5,3.4893,42.511,-3.2893,54.913,25.584,3.6097,-15.744,-16.149,-21.141,23.651,-27.3,-20.574,0.82299,-1
-1829.7,-180.14,413.07,-100.83,245.61,-580.84,-37.349,-166.45,-179.2,-71.614,418.83,-91.677,60.69,-194.03,171.63,-52.252,-127.89,-78.949,28.983,74.453,-14.859,17.418,5.3345,0.48325,-68.992,-11.179,20.102,5.6214,-19.068,-14.471,-28.76,35.201,-29.9,-51.887,33.864,-26.266,-39.11,-24.407,0.39401,22.448,41.401,5.9445,-3.9622,-9.8331,-11.759,-19.026,18.888,-42.809,14.542,11.832,-1
-1834.5,-121.34,458.7,91.374,421.14,-535.21,-2.8308,-190.62,-75.764,-102.9,147.69,-111.12,8.3889,30.455,74.038,-79.03,-26.475,111.22,-30.614,68.988,-37.979,21.91,-50.605,-39.652,-8.905,-28.128,-66.032,46.44,21.405,-43.314,-16.967,22.473,-4.2966,-67.886,31.668,-13.017,-92.408,4.6099,44.589,18.535,55.984,4.3317,8.5399,-14.828,-0.001435,-25.105,16.483,-23.041,17.924,9.6877,-1
-1853.2,27.167,528.62,338.19,462.76,-542.37,-89.251,-116.08,-307.28,33.477,93.015,-62.27,22.952,-56.727,101.15,-86.904,-43.802,80.055,31.826,90.657,-63.014,16.625,-41.077,48.3,-66.625,-42.778,-24.639,-31.465,-7.2906,19.447,-3.9206,-0.65108,19.999,-54.903,2.2647,0.27956,-82.332,-25.242,11.264,31.743,20.688,19.735,-4.4363,-8.4266,-9.8625,-9.4684,27.287,-46.296,-18.511,21.258,-1
-1857.1,74.916,536.66,348.67,392.77,-568.26,-78.789,-106.62,-342.78,56.55,69.867,-68.307,9.4209,35.303,62.235,-91.679,6.0187,195.66,23.794,61.561,-79.491,11.527,-80.158,-13.184,-18.149,-62.669,-69.587,-15.279,33.359,52.709,-3.0579,-23.404,56.459,-61.52,-12.473,-12.276,-58.685,-39.312,36.147,35.662,60.363,9.2765,10.549,2.8936,-2.2088,-22.773,29.117,-31.463,56.449,61.264,-1
-1814.3,501.94,462.33,-250.28,429.01,-389.51,-337.65,-118.88,-402.95,78.031,36.486,-53.244,25.767,24.873,24.903,-127.47,-28.311,31.358,-82.591,63.444,-61.688,45.866,-0.082632,-6.5385,49.727,54.136,69.634,-93.444,-239.41,34.472,47.922,16.23,6.5718,-35.401,3.8678,-76.779,12.761,-60.372,50.412,29.894,10.675,37.235,-20.221,-17.017,-10.231,1.8897,15.095,-41.47,5.838,7.5868,-1
