0,0,0,0,0,0,0,0,0,0,0,0,0,0,0,0,0,0,0,0,0,0,0,0,0,0,0,0,0,0,0,0,0,0,0,0,0,0,0,0,0,0,0,0,0,0,0,0,0,0,0,0,0,0,0,0,0,0,0,0,0,0,0,0,0,0,0,0,0,0,0,0,0,0,0,0,0,0,0,0,0,0,0,0,0,0,0,0,0,0,0,0,0,0,0,0,0,0,0,0,0,0,0,0,0,0,0,0,0,0,0,0,0,0,0,0,0,0,0,0,0,0,0,0,0,0,0,0,0,0,0,0,0,0,0,0,0,0,0,0,0,0,0,0,0,0,0,0,0,0,0,0,0,0,0,0,0,0,0,0,0,0,0,0,0,0,0,0,0,0,0,0,0,0,0,0,0,0,0,0,0,0,0,0,0,0,0,0,0,0,0,0,0,0,0,0,0,0,0,0,0,0,0,0,0,0,0,0,0,0,0,0,0,0,0,0,0,0,0,0,0,0,0,0,0,0,0,0,0,0,0,0,0,0,0,0,0,0,0,0,0,0,0,0,0,0,0,0,0,0,0,0,0,0,0,0,0,0,0,0,0,0,0,0,0,0,0,0,0,0,0,0,0,0,0,0,0,0,0,0,0,0,0,0,0,0,0,0,0,0,0,0,0,0,0,0,0,0,0,0,0,0,0,0,0,0,0,0,0,0,0,0,0,0,0,0,0,0,0,0,0,0,0,0,0,0,0,0,0,0,0,0,0,0,0,0,0,0,0,0,0,0,0,0,0,0,0,0,0,0,0,0,0,0,0,0,0,0,0,0,0,0,0,0,0,0,0,0,8.6958,0.87433,1.2359,0.52305,0.44382,0.44382,0.52305,1.2359,0.87433,14.27,2.7201,2.71,2.9026,0.84345,-0.53749,-0.51924,-0.51232,-0.051998,-0.00274,-0.046803,0.26793,-0.12662,0.0015732,0.020814,-0.040864,0.12541,1.0249,0.30859,0.11255,0.18116,0.23868,1,0.84954,0.7095,0.53904,0.3526,0.087392,0.040752,0.1529,0.20013,0.2452,0.94972,0.29596,0.18566,0.1759,0.1082,28.769,0.977,0.46094,0.47851,0.47099,0.47099,0.47851,0.46094,0.977,7.7783,-0.54481,-0.52041,-0.70014,-1.9362,-2.242,-2.2592,-2.426,-0.24626,0.0025136,0.099389,-0.09619,-0.10783,-0.027833,0.053308,-0.21033,0.60668,0,0.86914,0.76147,0.59936,0.080656,1,0.48678,0.36463,0.23453,0.099343,0.048402,0.10976,0.16204,0.18515,0.18988,0.26798,0.78733,0.92466,0.92403,0.61155,0,0,0,0,0,0,0,0,0,0,0,0,0,0,0,0,0,0,0,0,0,0,0,0,0,0,0,0,0,0,0,0,0,0,0,0,0,0,0,0,0,0,0,0,0,0,0,0,0,0,0,0,0,0,0,0,0,0,0,0,0,0,0,0,0,0,0,0,0,0,0,0,0,0,0,0,0,0,0,0,0,0,0,0,0,0,0,0,0,0,0,0
293.88,113.45,10.736,42.308,27.409,27.409,42.308,10.736,113.45,278.87,0.51174,6.4723,-36.879,-64.813,-13.751,0.93087,3.4291,0.85155,-0.77254,19.688,-27.507,23.525,-2.2266,1.3227,0.95151,-1.2541,10.375,51.688,0.15625,6.1224,161.65,1,0.43817,0.16045,0.10563,0.092439,0.15015,0.0066849,0.032974,0.14665,0.20376,0.16819,0.46352,0.10339,0.066505,0.018003,293.88,113.45,10.736,42.308,27.409,27.409,42.308,10.736,113.45,278.87,0.51174,6.4723,-36.879,-64.813,-13.751,0.93087,3.4291,0.85155,-0.77254,19.688,-27.507,23.525,-2.2266,1.3227,0.95151,-1.2541,10.375,51.688,0.15625,6.1224,161.65,1,0.43817,0.16045,0.10563,0.092439,0.15015,0.0066849,0.032974,0.14665,0.20376,0.16819,0.46352,0.10339,0.066505,0.018003,293.88,113.45,10.736,42.308,27.409,27.409,42.308,10.736,113.45,278.87,0.51174,6.4723,-36.879,-64.813,-13.751,0.93087,3.4291,0.85155,-0.77254,19.688,-27.507,23.525,-2.2266,1.3227,0.95151,-1.2541,10.375,51.688,0.15625,6.1224,161.65,1,0.43817,0.16045,0.10563,0.092439,0.15015,0.0066849,0.032974,0.14665,0.20376,0.16819,0.46352,0.10339,0.066505,0.018003,245.88,311.03,89.511,76.711,71.244,71.244,76.711,89.511,311.03,429.43,-2.0879,0.43575,-27.438,118.71,49.138,-40.237,-12.591,-1.1174,-0.41254,8.0533,-34.846,-68.893,-60.301,6.1716,-1.3587,3.3855,98.688,68.625,0.59375,5.1224,803.5,1,0.010435,0.016829,0.018163,0.17951,0.20707,0.29233,0.15244,0.15432,0.053794,0.037423,0.38034,0.28125,0.11963,0.027444,245.88,311.03,89.511,76.711,71.244,71.244,76.711,89.511,311.03,429.43,-2.0879,0.43575,-27.438,118.71,49.138,-40.237,-12.591,-1.1174,-0.41254,8.0533,-34.846,-68.893,-60.301,6.1716,-1.3587,3.3855,98.688,68.625,0.59375,5.1224,803.5,1,0.010435,0.016829,0.018163,0.17951,0.20707,0.29233,0.15244,0.15432,0.053794,0.037423,0.38034,0.28125,0.11963,0.027444,245.88,311.03,89.511,76.711,71.244,71.244,76.711,89.511,311.03,429.43,-2.0879,0.43575,-27.438,118.71,49.138,-40.237,-12.591,-1.1174,-0.41254,8.0533,-34.846,-68.893,-60.301,6.1716,-1.3587,3.3855,98.688,68.625,0.59375,5.1224,803.5,1,0.010435,0.016829,0.018163,0.17951,0.20707,0.29233,0.15244,0.15432,0.053794,0.037423,0.38034,0.28125,0.11963,0.027444,25,10.843,4.7031,11.269,9.0299,9.0299,11.269,4.7031,10.843,3.9783,-6.0483,-5.0779,-3.9138,2.6199,-3.5067,-1.4817,-1.0117,-0.26517,-0.68892,1.3416,2.0793,-0.7828,1.9148,0.36064,-0.14717,0.26517,4,5,0,0.52083,2.9783,1,0.076806,0.19439,0.17683,0.15466,0.038436,0.021686,0.032197,0.097243,0.13493,0.36364,0.4,0.24,0.13333,0.066667,118,68.677,97.272,66.461,43.59,43.59,66.461,97.272,68.677,20.459,-16.115,-12.717,-9.5054,-13.055,-1.451,-12.395,-2.183,0.39024,-2.2971,5.0769,5.6067,9.8515,-12.621,4.2925,-0.66984,1.0381,36,30,1,2.4583,80.339,1,0.11828,0.012555,0.2967,0.058334,0.0095507,0.037724,0.042113,0.10599,0.0099847,0.10101,0.19444,0.35556,0.061728,0.033951,26.802,2.233,0.41989,0.46764,0.37868,0.37868,0.46764,0.41989,2.233,14.879,-0.64125,-0.75738,0.42861,2.8254,2.7384,2.7594,1.1115,-0.0054049,-0.0020433,-0.44014,0.75669,0.0089663,0.17625,0.83031,-0.37852,0.060514,1.1729,0.23145,0.87085,0.55838,0.24967,1,0.68832,0.40235,0.14203,0.062324,0.17848,0.18982,0.21439,0.2493,0.27809,0.22004,0.85558,0.82144,0.73943,0.074891,19.998,2.6128,0.56816,0.80872,0.50658,0.50658,0.80872,0.56816,2.6128,4.8155,-2.2515,-2.2521,-2.0719,-0.69708,-0.60811,-0.81891,-1.8449,-0.031026,0.0048917,0.0138,0.24488,0.07552,0.14953,0.18803,0.031183,0.34738,0,0.84229,0.35571,0.41662,0.069618,1,0.46475,0.17896,0.021828,0.070177,0.21081,0.23434,0.19817,0.2098,0.22613,0.89012,0.28535,0.26614,0.49804,0.47098,276.11,13.328,7.2168,0.71637,4.951,4.951,0.71637,7.2168,13.328,31.961,14.494,14.452,14.637,16.817,18.933,18.64,19.786,2.0064,0.0088516,-0.128,-0.16463,0.71145,0.0036317,-0.49418,1.6933,-4.9316,6.8651,0,6.4925,5.7523,2.6263,1,0.071563,0.048776,0.024381,0.0021235,0.04418,0.07529,0.11011,0.11779,0.11384,0.75459,0.87051,0.97561,0.96054,0.63144,301.76,16.661,8.657,0.3369,5.7686,5.7686,0.3369,8.657,16.661,18.958,20.2,20.253,19.831,18.877,18.911,18.479,19.625,1.9884,-0.0084284,0.17036,-0.30264,-0.012899,0.11199,-0.48926,1.6762,-4.8891,7.1647,0,6.647,6.2866,2.7408,1,0.047222,0.036654,0.026298,0.01728,0.0082377,0.003882,0.00018774,0.021644,0.027887,0.9859,0.93072,0.93145,0.90904,0.59999
43.688,206.42,32.404,98.826,19.64,19.64,98.826,32.404,206.42,592.65,-4.2958,-11.694,40.533,60.157,20.026,-24.613,-99.392,-0.52933,-1.6037,-32.916,44.178,-20.44,13.785,-8.6198,18.73,5.9265,51.75,86.125,0,0.91016,603.48,1,0.51589,0.21055,0.21651,0.089639,0.022909,0.05679,0.0057897,0.11324,0.16072,0.14111,0.23948,0.078447,0.32245,0.16352,43.688,206.42,32.404,98.826,19.64,19.64,98.826,32.404,206.42,592.65,-4.2958,-11.694,40.533,60.157,20.026,-24.613,-99.392,-0.52933,-1.6037,-32.916,44.178,-20.44,13.785,-8.6198,18.73,5.9265,51.75,86.125,0,0.91016,603.48,1,0.51589,0.21055,0.21651,0.089639,0.022909,0.05679,0.0057897,0.11324,0.16072,0.14111,0.23948,0.078447,0.32245,0.16352,43.688,206.42,32.404,98.826,19.64,19.64,98.826,32.404,206.42,592.65,-4.2958,-11.694,40.533,60.157,20.026,-24.613,-99.392,-0.52933,-1.6037,-32.916,44.178,-20.44,13.785,-8.6198,18.73,5.9265,51.75,86.125,0,0.91016,603.48,1,0.51589,0.21055,0.21651,0.089639,0.022909,0.05679,0.0057897,0.11324,0.16072,0.14111,0.23948,0.078447,0.32245,0.16352,6,318.11,249.17,168.65,88.583,88.583,168.65,249.17,318.11,667.67,-7.0938,9.2543,-76.116,-76.018,12.633,10.002,99.662,2.2107,0.79813,63.653,-26.525,3.3338,2.6117,-14.099,6.2967,-24.751,88.75,100.13,0,0.125,1087,1,0.37154,0.11552,0.13457,0.091042,0.011139,0.037876,0.00067998,0.018194,0.1249,0.17892,0.35171,0.05568,0.16993,0.26911,6,318.11,249.17,168.65,88.583,88.583,168.65,249.17,318.11,667.67,-7.0938,9.2543,-76.116,-76.018,12.633,10.002,99.662,2.2107,0.79813,63.653,-26.525,3.3338,2.6117,-14.099,6.2967,-24.751,88.75,100.13,0,0.125,1087,1,0.37154,0.11552,0.13457,0.091042,0.011139,0.037876,0.00067998,0.018194,0.1249,0.17892,0.35171,0.05568,0.16993,0.26911,6,318.11,249.17,168.65,88.583,88.583,168.65,249.17,318.11,667.67,-7.0938,9.2543,-76.116,-76.018,12.633,10.002,99.662,2.2107,0.79813,63.653,-26.525,3.3338,2.6117,-14.099,6.2967,-24.751,88.75,100.13,0,0.125,1087,1,0.37154,0.11552,0.13457,0.091042,0.011139,0.037876,0.00067998,0.018194,0.1249,0.17892,0.35171,0.05568,0.16993,0.26911,43,23.392,13.451,14.731,14.454,14.454,14.731,13.451,23.392,1.4379,-7.4976,-6.9697,-2.2717,-2.4102,-2.3644,-3.5033,-1.7987,-0.088388,-0.097793,1.6463,0.36381,0.40092,2.5383,4.2063,-0.83752,0.98961,5,7,1,0.89583,4.0102,1,0.12552,0.044147,0.081724,0.087467,0.051536,0.026781,0.018643,0.067384,0.15866,0.20779,0.14286,0.2,0.42857,0.11111,61,61.148,52.085,39.661,54.262,54.262,39.661,52.085,61.148,92.822,1.9606,-1.2171,-12.918,-12.705,0.85745,7.6303,-1.5168,-0.075385,2.9901,-1.9639,-19.081,4.5763,14.639,-2.8544,-0.71895,0.84402,16,45,0,1.2708,65.138,1,0.0029164,0.032755,0.063441,0.18143,0.06418,0.022175,0.12504,0.11303,0.035464,0.070707,0.17531,0.082222,0.039506,0.059259,1.7085,0.68889,1.0805,0.21913,1.5077,1.5077,0.21913,1.0805,0.68889,11.618,2.7203,2.851,2.1265,-0.67851,-0.64943,-0.63292,-0.6309,-0.0090538,0.013988,0.53426,-0.44673,-0.034597,0.012386,0.0026209,0.033891,0.10137,1.1655,0.83789,0.20459,0.035594,0.2297,1,0.71212,0.4955,0.22963,0.013108,0.11026,0.12675,0.10286,0.1159,0.13183,0.71341,0.21389,0.19585,0.19453,0.099241,30.714,1.9998,0.78271,0.5744,0.63098,0.63098,0.5744,0.78271,1.9998,7.3841,-0.60181,-0.48488,-1.2753,-2.2283,-2.3123,-2.3008,-2.4026,-0.036172,0.010032,0.46958,-0.057836,-0.013212,0.023009,0.06948,0.1038,0.40499,0,0.91309,0.81152,0.63988,0.087338,1,0.41982,0.18569,0.055213,0.012911,0.07801,0.12733,0.11695,0.13609,0.16193,0.39976,0.86209,0.89203,0.8975,0.49822,244.94,18.632,2.7748,6.5285,4.5887,4.5887,6.5285,2.7748,18.632,4.9981,18.302,18.346,17.917,13.49,14.156,14.798,17.635,0.28395,-0.0026788,0.1572,-0.05896,-0.2638,-0.52855,-0.71556,-0.48643,-3.1792,6.4714,0,5.5201,5.1028,2.8215,1,0.19957,0.068281,0.073867,0.080269,0.11024,0.087951,0.031507,0.012686,0.022477,0.97943,0.74589,0.78093,0.8596,0.53515,298.4,15.943,2.5629,6.5393,4.7927,4.7927,6.5393,2.5629,15.943,33.609,18.605,18.627,18.378,20.62,19.655,18.941,19.172,0.29081,0.0015813,0.087227,-0.2255,0.094787,0.46717,-0.70428,-0.79582,-3.2559,7.666,0,6.5768,6.2166,3.6868,1,0.28098,0.039209,0.036048,0.03336,0.029228,0.00015634,0.047179,0.067611,0.058931,0.85609,0.94235,0.90288,0.85873,0.47439
327.75,150.17,133.32,96.871,77.292,77.292,96.871,133.32,150.17,312.36,-3.5243,6.2746,-104.78,-20.686,3.1296,-1.9577,0.093804,0.0023461,1.3021,40.879,2.9052,4.6181,0.21144,0.617,0.0098878,-0.026267,15.688,103.38,0.96875,6.8281,401.52,1,0.24072,0.10569,0.010508,0.020627,0.048984,0.058811,0.0078412,0.072927,0.053668,0.25767,0.09163,0.038452,0.015921,0.0055757,327.75,150.17,133.32,96.871,77.292,77.292,96.871,133.32,150.17,312.36,-3.5243,6.2746,-104.78,-20.686,3.1296,-1.9577,0.093804,0.0023461,1.3021,40.879,2.9052,4.6181,0.21144,0.617,0.0098878,-0.026267,15.688,103.38,0.96875,6.8281,401.52,1,0.24072,0.10569,0.010508,0.020627,0.048984,0.058811,0.0078412,0.072927,0.053668,0.25767,0.09163,0.038452,0.015921,0.0055757,327.75,150.17,133.32,96.871,77.292,77.292,96.871,133.32,150.17,312.36,-3.5243,6.2746,-104.78,-20.686,3.1296,-1.9577,0.093804,0.0023461,1.3021,40.879,2.9052,4.6181,0.21144,0.617,0.0098878,-0.026267,15.688,103.38,0.96875,6.8281,401.52,1,0.24072,0.10569,0.010508,0.020627,0.048984,0.058811,0.0078412,0.072927,0.053668,0.25767,0.09163,0.038452,0.015921,0.0055757,624.19,114.78,166.08,135.56,61.803,61.803,135.56,166.08,114.78,674.16,1.5729,-14.372,94.941,138.82,23.482,-1.9832,-17.396,-0.29533,0.054236,-59.328,29.293,81.66,-1.2183,-3.9469,0.2526,3.3066,83,57.5,0,13.004,942.55,1,0.22477,0.33494,0.20714,0.0088052,0.12324,0.27779,0.22796,0.1135,0.1898,0.24151,0.50427,0.41318,0.053129,0.038153,624.19,114.78,166.08,135.56,61.803,61.803,135.56,166.08,114.78,674.16,1.5729,-14.372,94.941,138.82,23.482,-1.9832,-17.396,-0.29533,0.054236,-59.328,29.293,81.66,-1.2183,-3.9469,0.2526,3.3066,83,57.5,0,13.004,942.55,1,0.22477,0.33494,0.20714,0.0088052,0.12324,0.27779,0.22796,0.1135,0.1898,0.24151,0.50427,0.41318,0.053129,0.038153,624.19,114.78,166.08,135.56,61.803,61.803,135.56,166.08,114.78,674.16,1.5729,-14.372,94.941,138.82,23.482,-1.9832,-17.396,-0.29533,0.054236,-59.328,29.293,81.66,-1.2183,-3.9469,0.2526,3.3066,83,57.5,0,13.004,942.55,1,0.22477,0.33494,0.20714,0.0088052,0.12324,0.27779,0.22796,0.1135,0.1898,0.24151,0.50427,0.41318,0.053129,0.038153,88,25.314,37.124,43.966,7.3601,7.3601,43.966,37.124,25.314,32.688,1.3913,0.80955,-2.8782,-4.8126,-12.114,-5.1417,-4.9449,-0.14442,0.43602,-0.72804,0.9008,3.8081,0.48761,1.513,-0.83102,1.617,4,11,1.5,1.8333,12.44,1,0.039766,0.0047986,0.020002,0.25983,0.17617,0.17313,0.065184,0.084949,0.029171,0.19835,0.33333,0.41818,0.21212,0.12121,14,59.101,50.656,23.58,20.304,20.304,23.58,50.656,59.101,37.117,-4.2762,-3.7743,-4.6613,2.0294,9.6054,0.051857,-1.2074,0.028018,-0.58435,-0.060795,-8.3885,-12.329,-1.0908,-0.26807,0.74178,-0.31369,19,13,0,0.29167,27.998,1,0.014276,0.013609,0.24589,0.004516,0.13129,0.050744,0.089692,0.013956,0.018138,0.057416,0.27485,0.34211,0.12281,0.040936,3.4946,0.70332,0.78695,1.0616,0.51422,0.51422,1.0616,0.78695,0.70332,10.326,2.7017,2.8286,1.9248,-0.49859,-0.45871,-0.49333,-0.34606,-0.0014971,0.019447,0.53781,-0.5956,0.025238,-0.01605,-0.01556,0.070378,0.016761,1.1216,0.34033,0.12817,0.072805,0.18427,1,0.71403,0.4601,0.18648,0.0055737,0.076915,0.10152,0.10474,0.11204,0.13465,0.70824,0.16732,0.15185,0.1398,0.043777,32.058,1.5603,0.84101,0.47283,0.45821,0.45821,0.47283,0.84101,1.5603,7.3253,-0.70373,-0.61019,-1.5125,-2.3444,-2.4229,-2.3598,-2.3251,-0.031819,0.0055438,0.36743,-0.181,-0.081872,0.0044445,0.04318,0.148,0.35625,0,0.89502,0.81519,0.66787,0.080907,1,0.45564,0.17103,0.02626,0.001351,0.078286,0.10429,0.13965,0.16426,0.17327,0.48207,0.93472,0.9539,0.91938,0.47657,266.27,15.533,2.4105,5.5448,4.093,4.093,5.5448,2.4105,15.533,38.91,13.385,13.305,13.872,17.365,18.677,18.413,19.13,0.28617,-0.001418,-0.30092,0.04845,0.077147,-0.034324,-0.49283,-0.85382,-3.204,6.7364,0,6.4709,5.5474,3.3443,1,0.28975,0.037288,0.0084674,0.022198,0.062164,0.084117,0.10208,0.11932,0.14714,0.72347,0.91662,0.97597,0.97136,0.53535,304.91,17.713,2.5087,7.0399,4.9676,4.9676,7.0399,2.5087,17.713,27.649,19.877,19.926,19.493,19.043,20.011,19.631,20.314,0.30337,0.0012275,0.18872,-0.27168,0.098913,-0.020025,-0.5159,-0.91443,-3.3966,7.1879,0,6.9442,6.3523,3.7626,1,0.25163,0.0038125,0.013674,0.022101,0.030253,0.033595,0.038517,0.04258,0.053684,0.96657,0.93917,0.98285,0.96856,0.53218
276.06,210.9,114.84,55.09,29.376,29.376,55.09,114.84,210.9,396.31,-16.033,-4.2714,-118.28,-12.531,6.7518,8.2634,15.202,-0.47637,1.6664,49.41,17.159,11.656,16.095,-6.431,-11.185,5.3335,23.563,107.5,0.625,5.7513,476.97,1,0.18497,0.0874,0.10978,0.023125,0.040655,0.032683,0.011928,0.091832,0.20298,0.26876,0.059561,0.075116,0.023643,0.057106,276.06,210.9,114.84,55.09,29.376,29.376,55.09,114.84,210.9,396.31,-16.033,-4.2714,-118.28,-12.531,6.7518,8.2634,15.202,-0.47637,1.6664,49.41,17.159,11.656,16.095,-6.431,-11.185,5.3335,23.563,107.5,0.625,5.7513,476.97,1,0.18497,0.0874,0.10978,0.023125,0.040655,0.032683,0.011928,0.091832,0.20298,0.26876,0.059561,0.075116,0.023643,0.057106,276.06,210.9,114.84,55.09,29.376,29.376,55.09,114.84,210.9,396.31,-16.033,-4.2714,-118.28,-12.531,6.7518,8.2634,15.202,-0.47637,1.6664,49.41,17.159,11.656,16.095,-6.431,-11.185,5.3335,23.563,107.5,0.625,5.7513,476.97,1,0.18497,0.0874,0.10978,0.023125,0.040655,0.032683,0.011928,0.091832,0.20298,0.26876,0.059561,0.075116,0.023643,0.057106,582.75,442.42,47.361,17.043,59.988,59.988,17.043,47.361,442.42,953.54,0.29391,-0.78765,41.301,205.39,49.048,-12.021,-68.128,-1.3099,-0.91194,-7.0544,121.91,7.2463,-22.544,30.786,-1.3002,14.666,159.19,61.875,1.1563,12.141,1747.1,1,0.3065,0.23253,0.15455,0.15176,0.15758,0.16782,0.089601,0.20981,0.15247,0.044687,0.43066,0.26227,0.053702,0.11416,582.75,442.42,47.361,17.043,59.988,59.988,17.043,47.361,442.42,953.54,0.29391,-0.78765,41.301,205.39,49.048,-12.021,-68.128,-1.3099,-0.91194,-7.0544,121.91,7.2463,-22.544,30.786,-1.3002,14.666,159.19,61.875,1.1563,12.141,1747.1,1,0.3065,0.23253,0.15455,0.15176,0.15758,0.16782,0.089601,0.20981,0.15247,0.044687,0.43066,0.26227,0.053702,0.11416,582.75,442.42,47.361,17.043,59.988,59.988,17.043,47.361,442.42,953.54,0.29391,-0.78765,41.301,205.39,49.048,-12.021,-68.128,-1.3099,-0.91194,-7.0544,121.91,7.2463,-22.544,30.786,-1.3002,14.666,159.19,61.875,1.1563,12.141,1747.1,1,0.3065,0.23253,0.15455,0.15176,0.15758,0.16782,0.089601,0.20981,0.15247,0.044687,0.43066,0.26227,0.053702,0.11416,68,11.521,20.218,11.533,5.759,5.759,11.533,20.218,11.521,20.953,-0.50908,-0.19581,-3.9548,-7.7934,-4.8205,-2.6613,-4.277,-0.056036,-0.395,-0.13808,2.6203,-6.4214,1.6101,0.052282,0.30951,0.62739,3,17,1,1.4167,9.8652,1,0.11723,0.078825,0.20823,0.1175,0.14756,0.10823,0.0073089,0.11044,0.027558,0.16043,0.2549,0.052941,0.084967,0.045752,33,8.2815,17.076,22.517,13.252,13.252,22.517,17.076,8.2815,12.805,-2.8419,-3.0494,-3.5123,-3.6401,-0.64701,-1.2753,-1.5955,0.03986,0.023258,-0.69759,-0.71736,-1.8653,6.0262,-0.93907,1.0225,-0.44628,10,8,1,0.6875,11.198,1,0.011318,0.17537,0.22134,0.12541,0.034942,0.068653,0.069469,0.11283,0.1021,0.12727,0.34444,0.44,0.25556,0.055556,7.6201,0.81581,1.5111,0.3746,1.4231,1.4231,0.3746,1.5111,0.81581,12.347,2.7395,2.7516,2.7257,0.19349,-0.32031,-0.42745,-0.4549,-0.0062433,0.0018735,0.051286,-0.042291,-0.073393,-0.010256,0.0010561,0.028689,0.069901,1.1045,0.47803,0.087891,0.15875,0.21948,1,0.75,0.61415,0.41037,0.20077,0.017727,0.053636,0.097497,0.14142,0.1625,0.85785,0.22266,0.11096,0.14353,0.075155,30.817,1.8224,0.54891,0.54004,0.40701,0.40701,0.54004,0.54891,1.8224,8.2857,-0.57921,-0.50358,-1.0086,-2.2186,-2.4338,-2.3659,-2.4922,-0.036945,-0.0018786,0.27605,-0.10236,-0.028609,0.038413,0.059242,0.11625,0.41364,0,0.90088,0.83105,0.64202,0.095135,1,0.49953,0.25917,0.12922,0.015704,0.077305,0.13133,0.14862,0.16654,0.20246,0.34018,0.87136,0.94325,0.94441,0.52123,247.9,13.881,2.3874,5.2397,3.7572,3.7572,5.2397,2.3874,13.881,39.717,12.434,12.443,12.287,15.216,17.788,17.866,18.21,0.26365,0.00039056,0.034644,-0.60146,0.53913,0.084648,-0.33263,-0.94369,-2.9518,6.5275,0,6.029,5.1646,3.1067,1,0.33363,0.077454,0.029737,0.016335,0.076737,0.11145,0.13735,0.178,0.20038,0.67691,0.82966,0.96812,0.96835,0.51878,305.18,17.691,2.645,6.75,4.8254,4.8254,6.75,2.645,17.691,28.957,19.798,19.788,19.83,19.634,19.873,19.511,19.907,0.29116,-0.00088081,-0.04215,0.12085,-0.24279,0.002295,-0.37549,-0.98765,-3.2598,7.1545,0,6.9427,6.358,3.7657,1,0.28139,0.026573,0.0069392,0.0056819,0.015778,0.02223,0.029627,0.039271,0.056312,0.97833,0.97218,0.97929,0.96467,0.51886
394.69,71.207,24.509,35.076,29.984,29.984,35.076,24.509,71.207,342.62,-6.1835,8.2523,-102.41,-44.558,2.2442,-5.0098,-2.1298,0.058329,-0.43633,52.431,-29.798,6.162,-5.8989,-1.1085,1.4414,-0.65306,8.75,71.563,1.4688,8.2227,315.85,1,0.49285,0.14187,0.069027,0.1454,0.099764,0.089271,0.074457,0.058842,0.042257,0.3137,0.21048,0.062183,0.04328,0.0092188,394.69,71.207,24.509,35.076,29.984,29.984,35.076,24.509,71.207,342.62,-6.1835,8.2523,-102.41,-44.558,2.2442,-5.0098,-2.1298,0.058329,-0.43633,52.431,-29.798,6.162,-5.8989,-1.1085,1.4414,-0.65306,8.75,71.563,1.4688,8.2227,315.85,1,0.49285,0.14187,0.069027,0.1454,0.099764,0.089271,0.074457,0.058842,0.042257,0.3137,0.21048,0.062183,0.04328,0.0092188,394.69,71.207,24.509,35.076,29.984,29.984,35.076,24.509,71.207,342.62,-6.1835,8.2523,-102.41,-44.558,2.2442,-5.0098,-2.1298,0.058329,-0.43633,52.431,-29.798,6.162,-5.8989,-1.1085,1.4414,-0.65306,8.75,71.563,1.4688,8.2227,315.85,1,0.49285,0.14187,0.069027,0.1454,0.099764,0.089271,0.074457,0.058842,0.042257,0.3137,0.21048,0.062183,0.04328,0.0092188,465.63,135.62,108.56,66.507,71.78,71.78,66.507,108.56,135.62,548.22,-6.1442,-4.7856,8.3839,107.29,95.778,-40.743,-4.4391,-0.11209,-0.18702,4.4514,63.066,18.114,-35.127,6.6483,-0.48388,1.255,88.938,77.063,0,9.7005,982.05,1,0.038717,0.23506,0.14994,0.123,0.03263,0.077518,0.32027,0.26431,0.15039,0.014885,0.41063,0.46669,0.20286,0.01101,465.63,135.62,108.56,66.507,71.78,71.78,66.507,108.56,135.62,548.22,-6.1442,-4.7856,8.3839,107.29,95.778,-40.743,-4.4391,-0.11209,-0.18702,4.4514,63.066,18.114,-35.127,6.6483,-0.48388,1.255,88.938,77.063,0,9.7005,982.05,1,0.038717,0.23506,0.14994,0.123,0.03263,0.077518,0.32027,0.26431,0.15039,0.014885,0.41063,0.46669,0.20286,0.01101,465.63,135.62,108.56,66.507,71.78,71.78,66.507,108.56,135.62,548.22,-6.1442,-4.7856,8.3839,107.29,95.778,-40.743,-4.4391,-0.11209,-0.18702,4.4514,63.066,18.114,-35.127,6.6483,-0.48388,1.255,88.938,77.063,0,9.7005,982.05,1,0.038717,0.23506,0.14994,0.123,0.03263,0.077518,0.32027,0.26431,0.15039,0.014885,0.41063,0.46669,0.20286,0.01101,12,40.044,25.582,21.633,32.101,32.101,21.633,25.582,40.044,23.37,-11.353,-11.211,0.066872,-2.4878,1.3118,3.5119,-2.9199,0.03986,2.0993,7.4789,-1.1023,2.9901,3.5983,2.7188,1.3774,-0.44628,11,7,0.5,0.25,10.872,1,0.15741,0.10433,0.19973,0.060054,0.031311,0.20866,0.14139,0.12206,0.12035,0.29752,0.17172,0.25455,0.24242,0.11111,38,12.413,17.397,5.5678,39.88,39.88,5.5678,17.397,12.413,33.179,-0.82669,-1.0759,-0.92312,-9.7784,-3.9959,5.61,-2.8412,-0.12941,-0.18111,-1.5296,-1.4492,3.8034,-10.765,2.5882,-1.1706,1.4489,12,12,1,0.79167,19.232,1,0.018617,0.030341,0.060464,0.18859,0.012423,0.12154,0.0088196,0.19525,0.095088,0.13636,0.33333,0.36667,0.38889,0.14815,3.8452,0.76257,1.0441,0.55178,0.46276,0.46276,0.55178,1.0441,0.76257,10.796,2.7616,2.9096,1.937,-0.27747,-0.49875,-0.5106,-0.44226,0.012994,0.011002,0.58903,-0.45523,-0.10316,0.014038,-0.036048,0.08949,0.024816,1.0874,0.22607,0.13379,0.080109,0.1831,1,0.739,0.52332,0.25392,0.080265,0.055112,0.087531,0.11676,0.13557,0.15835,0.73319,0.11505,0.16542,0.16679,0.070299,31.997,1.3583,0.60255,0.31986,0.60681,0.60681,0.31986,0.60255,1.3583,6.7984,-0.58134,-0.49117,-1.4254,-2.2411,-2.364,-2.3553,-2.4093,-0.22521,-0.0017656,0.33068,-0.058236,-0.016239,0.0094734,0.0022304,-0.13738,0.55185,0,0.87061,0.79395,0.6666,0.070458,1,0.3786,0.21927,0.077052,0.024639,0.066367,0.11191,0.13675,0.14341,0.18125,0.47183,0.90839,0.95536,0.95613,0.58086,237.35,13.1,2.586,5.2485,3.7584,3.7584,5.2485,2.586,13.1,36.64,12.177,12.175,12.016,13.729,16.888,17.197,17.883,0.26793,0.0013871,-0.001015,-0.60797,0.39274,0.078089,-0.46808,-0.79203,-2.9998,6.2521,0,5.6696,4.9448,2.8715,1,0.30354,0.052831,0.019434,0.017613,0.072005,0.11812,0.15674,0.16155,0.18514,0.68947,0.7845,0.96438,0.9798,0.53962,306.41,17.525,2.6733,6.9584,5.0428,5.0428,6.9584,2.6733,17.525,27.498,20.018,20.02,20.034,19.602,19.679,19.603,20.11,0.30166,-5.8721e-05,0.00736,0.27997,-0.29898,0.37636,-0.6109,-0.88521,-3.3774,7.1956,0,6.9541,6.3835,3.7986,1,0.2597,0.0093568,0.0036885,0.0018622,0.010364,0.020679,0.044191,0.062012,0.052075,0.98168,0.96466,0.97435,0.95672,0.52757
347.88,184.26,129.5,79.178,16.408,16.408,79.178,129.5,184.26,365.5,-1.269,-2.9758,-115.79,-17.061,-4.4826,0.38574,8.7652,3.9025,-4.247,-20.425,-0.16543,-0.82833,1.6052,-4.1391,10.993,-9.3904,17.875,95.875,0.96875,7.2474,445.86,1,0.27523,0.15788,0.040599,0.042735,0.0059303,0.011472,0.019653,0.015732,0.12367,0.31006,0.071201,0.054302,0.019195,0.050051,347.88,184.26,129.5,79.178,16.408,16.408,79.178,129.5,184.26,365.5,-1.269,-2.9758,-115.79,-17.061,-4.4826,0.38574,8.7652,3.9025,-4.247,-20.425,-0.16543,-0.82833,1.6052,-4.1391,10.993,-9.3904,17.875,95.875,0.96875,7.2474,445.86,1,0.27523,0.15788,0.040599,0.042735,0.0059303,0.011472,0.019653,0.015732,0.12367,0.31006,0.071201,0.054302,0.019195,0.050051,347.88,184.26,129.5,79.178,16.408,16.408,79.178,129.5,184.26,365.5,-1.269,-2.9758,-115.79,-17.061,-4.4826,0.38574,8.7652,3.9025,-4.247,-20.425,-0.16543,-0.82833,1.6052,-4.1391,10.993,-9.3904,17.875,95.875,0.96875,7.2474,445.86,1,0.27523,0.15788,0.040599,0.042735,0.0059303,0.011472,0.019653,0.015732,0.12367,0.31006,0.071201,0.054302,0.019195,0.050051,352.5,120.2,86.174,88.312,155.63,155.63,88.312,86.174,120.2,732.21,-1.724,-19.264,108.63,129.65,-17.416,4.9331,-54.761,-14.585,-0.46061,-66.986,-13.633,61.453,4.437,22.74,-42.424,40.621,87.875,65.625,0.1875,7.3438,1186.7,1,0.24163,0.27321,0.23146,0.0079056,0.09172,0.090207,0.16042,0.068136,0.047172,0.28585,0.393,0.3734,0.030741,0.26276,352.5,120.2,86.174,88.312,155.63,155.63,88.312,86.174,120.2,732.21,-1.724,-19.264,108.63,129.65,-17.416,4.9331,-54.761,-14.585,-0.46061,-66.986,-13.633,61.453,4.437,22.74,-42.424,40.621,87.875,65.625,0.1875,7.3438,1186.7,1,0.24163,0.27321,0.23146,0.0079056,0.09172,0.090207,0.16042,0.068136,0.047172,0.28585,0.393,0.3734,0.030741,0.26276,352.5,120.2,86.174,88.312,155.63,155.63,88.312,86.174,120.2,732.21,-1.724,-19.264,108.63,129.65,-17.416,4.9331,-54.761,-14.585,-0.46061,-66.986,-13.633,61.453,4.437,22.74,-42.424,40.621,87.875,65.625,0.1875,7.3438,1186.7,1,0.24163,0.27321,0.23146,0.0079056,0.09172,0.090207,0.16042,0.068136,0.047172,0.28585,0.393,0.3734,0.030741,0.26276,82,0.78757,14.034,26.287,10.047,10.047,26.287,14.034,0.78757,13.788,-19.446,-18.368,0.51524,-6.7333,-8.9229,-2.961,-3.8582,0.064705,-1.3438,-0.42545,1.6895,-4.0606,2.25,-1.396,-1.5405,1.9792,3,12,1,1.7083,10.509,1,0.050774,0.029712,0.10725,0.064061,0.14109,0.076901,0.11788,0.098764,0.14182,0.23485,0.31481,0.23333,0.17593,0.092593,44,12.696,37.101,37.363,46.936,46.936,37.363,37.101,12.696,40.355,-8.9106,-8.5675,-4.2129,-9.4131,-0.063855,0.072793,1.2974,-0.011842,0.042296,1.4206,0.0006946,0.75045,-2.8686,6.1106,-0.52441,0.13258,10,12,1,0.91667,21.525,1,0.035358,0.23563,0.15581,0.021231,0.088138,0.21201,0.090664,0.067834,0.012328,0.15909,0.24074,0.53333,0.28704,0.074074,0.016113,1.0556,1.4385,0.3909,0.5331,0.5331,0.3909,1.4385,1.0556,7.9619,2.805,2.9723,0.84374,-0.44262,-0.5272,-0.49763,-0.53042,-0.0080679,-0.020749,0.55551,-0.36063,-0.051495,-0.0099903,0.014508,0.021687,0.09033,0.98584,0.22266,0.16162,0.00033569,0.13085,1,0.6134,0.31009,0.086087,0.011425,0.03948,0.053307,0.086819,0.10352,0.11082,0.55842,0.16702,0.18569,0.18073,0.10176,33.611,1.1383,0.28627,0.42495,0.49949,0.49949,0.42495,0.28627,1.1383,5.6136,-0.82004,-0.82899,-1.887,-2.3525,-2.3441,-2.3288,-2.428,-0.03649,-0.016453,-0.087852,-0.040517,0.043369,0.00090383,0.058174,0.10585,0.40855,0,0.87891,0.82129,0.70023,0.064481,1,0.2917,0.038142,0.021492,0.019126,0.061236,0.087583,0.099213,0.09314,0.10615,0.65,0.94475,0.94089,0.94296,0.52148,245.92,12.859,5.8975,0.71895,4.0717,4.0717,0.71895,5.8975,12.859,31.914,11.699,11.551,12.621,15.907,16.894,16.674,17.696,1.6889,0.0032403,-0.5411,0.22365,-0.035349,0.024743,-0.36891,1.2415,-4.2239,6.1128,0,5.8088,5.1234,2.2163,1,0.14514,0.078124,0.02999,0.0094071,0.051778,0.075089,0.097593,0.11623,0.14593,0.71422,0.9246,0.97376,0.96697,0.62369,310.64,16.149,8.4629,0.31881,5.8027,5.8027,0.31881,8.4629,16.149,22.056,19.888,19.966,19.296,19.103,20.038,19.598,20.83,2.0228,-0.0026007,0.28217,-0.39522,0.2161,-0.045538,-0.42122,1.534,-5.0202,7.1798,0,6.9492,6.4716,2.8781,1,0.042661,0.0061567,0.013234,0.021344,0.024703,0.025937,0.027413,0.033916,0.039517,0.96269,0.94243,0.98352,0.96824,0.62716
333.69,122.98,42.816,23.839,32.653,32.653,23.839,42.816,122.98,297.84,-20.05,-38.98,-84.435,-5.986,-1.0807,-1.7152,0.44228,0.042767,2.9174,-60.993,16.035,-13.499,0.07383,0.054196,0.51993,-0.47883,9.625,64.438,0.78125,6.9518,240.18,1,0.40848,0.21699,0.117,0.026526,0.037937,0.02735,0.015838,0.012751,0.13615,0.43312,0.057657,0.065567,0.0208,0.0044186,333.69,122.98,42.816,23.839,32.653,32.653,23.839,42.816,122.98,297.84,-20.05,-38.98,-84.435,-5.986,-1.0807,-1.7152,0.44228,0.042767,2.9174,-60.993,16.035,-13.499,0.07383,0.054196,0.51993,-0.47883,9.625,64.438,0.78125,6.9518,240.18,1,0.40848,0.21699,0.117,0.026526,0.037937,0.02735,0.015838,0.012751,0.13615,0.43312,0.057657,0.065567,0.0208,0.0044186,333.69,122.98,42.816,23.839,32.653,32.653,23.839,42.816,122.98,297.84,-20.05,-38.98,-84.435,-5.986,-1.0807,-1.7152,0.44228,0.042767,2.9174,-60.993,16.035,-13.499,0.07383,0.054196,0.51993,-0.47883,9.625,64.438,0.78125,6.9518,240.18,1,0.40848,0.21699,0.117,0.026526,0.037937,0.02735,0.015838,0.012751,0.13615,0.43312,0.057657,0.065567,0.0208,0.0044186,722.63,165.2,215.75,37.506,25.976,25.976,37.506,215.75,165.2,759.78,0.54651,-3.8916,190.78,96.923,-16.454,-5.2145,-6.3964,-0.067177,-0.73452,-18.994,40.133,60.483,2.8801,-2.9296,0.71108,0.75212,134.13,66.563,0.15625,15.055,1219.4,1,0.2816,0.349,0.26247,0.038929,0.063468,0.095867,0.24166,0.13905,0.17746,0.33979,0.29093,0.19884,0.018846,0.0061613,722.63,165.2,215.75,37.506,25.976,25.976,37.506,215.75,165.2,759.78,0.54651,-3.8916,190.78,96.923,-16.454,-5.2145,-6.3964,-0.067177,-0.73452,-18.994,40.133,60.483,2.8801,-2.9296,0.71108,0.75212,134.13,66.563,0.15625,15.055,1219.4,1,0.2816,0.349,0.26247,0.038929,0.063468,0.095867,0.24166,0.13905,0.17746,0.33979,0.29093,0.19884,0.018846,0.0061613,722.63,165.2,215.75,37.506,25.976,25.976,37.506,215.75,165.2,759.78,0.54651,-3.8916,190.78,96.923,-16.454,-5.2145,-6.3964,-0.067177,-0.73452,-18.994,40.133,60.483,2.8801,-2.9296,0.71108,0.75212,134.13,66.563,0.15625,15.055,1219.4,1,0.2816,0.349,0.26247,0.038929,0.063468,0.095867,0.24166,0.13905,0.17746,0.33979,0.29093,0.19884,0.018846,0.0061613,59,15.989,20.027,12.767,23.605,23.605,12.767,20.027,15.989,22.154,-3.5478,-3.9643,-7.3106,-2.9464,-0.13792,-1.9608,-5.631,-0.19729,-0.31497,-2.5968,-1.7778,4.9266,-5.405,2.6856,-1.4363,2.2089,10,16,1,1.2292,16.138,1,0.25494,0.29369,0.007791,0.2984,0.14354,0.17695,0.067038,0.0255,0.087032,0.17045,0.20833,0.2125,0.15972,0.097222,34,64.259,8.9739,34.828,154.22,154.22,34.828,8.9739,64.259,18.725,-6.1015,-6.1829,-0.83907,3.4824,-12.626,0.11292,0.036687,0.028018,0.26992,0.58954,7.0888,7.7968,13.588,-4.08,0.40843,-0.31369,19,30,0,0.70833,86.509,1,0.23388,0.19203,0.38636,0.16629,0.15473,0.22613,0.2038,0.052999,0.033304,0.15758,0.32593,0.34,0.18148,0.025926,5.291,0.59195,1.0119,0.09288,0.42836,0.42836,0.09288,1.0119,0.59195,11.571,2.72,2.8056,2.3413,-0.074064,-0.41585,-0.50009,-0.51787,-0.0070939,0.0085553,0.3478,-0.35257,0.041197,0.028522,0.017752,0.032864,0.079425,1.0996,0.23877,0.11963,0.11023,0.19668,1,0.77626,0.58249,0.34633,0.15091,0.027074,0.054429,0.097561,0.12548,0.15707,0.79469,0.11136,0.12811,0.1717,0.087626,31.035,1.8052,0.77345,0.50106,0.60153,0.60153,0.50106,0.77345,1.8052,7.6554,-0.6131,-0.51641,-1.2259,-2.1902,-2.3652,-2.3595,-2.4693,-0.036115,0.0033158,0.37184,-0.092506,-0.062555,0.019234,0.058968,0.12251,0.40435,0,0.89307,0.81226,0.64656,0.086607,1,0.46049,0.20401,0.074062,0.0089266,0.063296,0.11151,0.14631,0.15306,0.17033,0.40007,0.86526,0.9398,0.94411,0.51862,241.72,12.537,2.3526,4.8107,3.5476,3.5476,4.8107,2.3526,12.537,33.733,11.125,11.02,13.548,16.425,16.572,16.279,17.011,0.25523,0.008909,-0.36205,0.54964,-0.19454,-0.025928,-0.44799,-0.74799,-2.8576,5.9847,0,5.7899,5.0359,2.696,1,0.27888,0.022884,0.0040132,0.028993,0.052781,0.064076,0.075314,0.084604,0.10621,0.75845,0.97112,0.97643,0.96795,0.53681,304.21,17.768,2.896,6.8701,4.9875,4.9875,6.8701,2.896,17.768,30.235,19.564,19.508,18.803,19.705,20.056,19.54,20.349,0.30521,0.006794,-0.18569,-0.098734,0.30475,-0.07926,-0.5369,-0.8962,-3.4172,7.2434,0,6.9319,6.3378,3.7518,1,0.24802,0.0050703,0.0098988,0.015273,0.022448,0.02732,0.032614,0.038961,0.046104,0.92771,0.96,0.97522,0.95879,0.53028
393.63,83.436,93.128,36.338,64.757,64.757,36.338,93.128,83.436,300.19,1.2386,14.252,-103.23,-30.179,-12.682,-6.7939,-0.3375,0.10402,1.3997,53.198,-5.1138,3.8047,-15.089,0.68547,1.6433,-1.1647,16,94.875,2.0625,8.2005,339.6,1,0.27985,0.042637,0.086555,0.092371,0.030587,0.0065683,0.0066542,0.0038512,0.032283,0.25207,0.11894,0.074704,0.051896,0.009735,393.63,83.436,93.128,36.338,64.757,64.757,36.338,93.128,83.436,300.19,1.2386,14.252,-103.23,-30.179,-12.682,-6.7939,-0.3375,0.10402,1.3997,53.198,-5.1138,3.8047,-15.089,0.68547,1.6433,-1.1647,16,94.875,2.0625,8.2005,339.6,1,0.27985,0.042637,0.086555,0.092371,0.030587,0.0065683,0.0066542,0.0038512,0.032283,0.25207,0.11894,0.074704,0.051896,0.009735,393.63,83.436,93.128,36.338,64.757,64.757,36.338,93.128,83.436,300.19,1.2386,14.252,-103.23,-30.179,-12.682,-6.7939,-0.3375,0.10402,1.3997,53.198,-5.1138,3.8047,-15.089,0.68547,1.6433,-1.1647,16,94.875,2.0625,8.2005,339.6,1,0.27985,0.042637,0.086555,0.092371,0.030587,0.0065683,0.0066542,0.0038512,0.032283,0.25207,0.11894,0.074704,0.051896,0.009735,763.88,213.36,60.435,48.566,50.353,50.353,48.566,60.435,213.36,721.91,-3.6172,-4.908,10.778,164.91,118.2,-7.2267,-11.574,-0.3601,-0.2558,-5.6638,2.5689,-33.974,-62.948,-0.080607,-2.2743,4.0318,89.063,48.938,1.5938,15.914,951.88,1,0.37774,0.31386,0.18683,0.11386,0.22427,0.27414,0.26129,0.33457,0.23926,0.043445,0.61949,0.42323,0.18152,0.033762,763.88,213.36,60.435,48.566,50.353,50.353,48.566,60.435,213.36,721.91,-3.6172,-4.908,10.778,164.91,118.2,-7.2267,-11.574,-0.3601,-0.2558,-5.6638,2.5689,-33.974,-62.948,-0.080607,-2.2743,4.0318,89.063,48.938,1.5938,15.914,951.88,1,0.37774,0.31386,0.18683,0.11386,0.22427,0.27414,0.26129,0.33457,0.23926,0.043445,0.61949,0.42323,0.18152,0.033762,763.88,213.36,60.435,48.566,50.353,50.353,48.566,60.435,213.36,721.91,-3.6172,-4.908,10.778,164.91,118.2,-7.2267,-11.574,-0.3601,-0.2558,-5.6638,2.5689,-33.974,-62.948,-0.080607,-2.2743,4.0318,89.063,48.938,1.5938,15.914,951.88,1,0.37774,0.31386,0.18683,0.11386,0.22427,0.27414,0.26129,0.33457,0.23926,0.043445,0.61949,0.42323,0.18152,0.033762,88,38.479,20.526,21.656,23.092,23.092,21.656,20.526,38.479,43.67,-10.053,-8.8398,-2.7458,-13.933,-6.4661,-2.7386,-2.2024,-0.072212,-0.79496,1.8964,-12.041,-6.1976,2.9176,-1.6203,-0.48788,0.8085,9,20,1,1.8333,18.823,1,0.077148,0.0020409,0.09492,0.13159,0.10192,0.10525,0.066064,0.0094197,0.0044587,0.090909,0.34444,0.145,0.077778,0.05,57,54.135,78.323,50.11,54.499,54.499,50.11,78.323,54.135,73.109,-7.6518,-6.1963,-0.38901,-1.4495,12.913,15.997,-4.9179,-0.088388,-0.89128,2.4824,1.1288,14.632,-13.295,-11.086,-0.0017421,0.98961,39,14,0,1.1875,94.794,1,0.086339,0.035615,0.014462,0.013817,0.083071,0.13078,0.0014168,0.01107,0.052399,0.030303,0.045584,0.34615,0.20513,0.031339,8.3291,1.619,1.2187,0.57281,2.1328,2.1328,0.57281,1.2187,1.619,12.488,2.7034,2.6992,2.7305,0.44352,-0.40662,-0.39747,-0.37871,-0.0054112,0.0021316,-0.0086451,-0.22669,-0.087139,-0.0073405,0.027142,0.020696,0.060584,1.0986,0.60156,0.083008,0.17352,0.2227,1,0.73332,0.59606,0.42473,0.2397,0.029191,0.041193,0.081695,0.15903,0.19265,0.86541,0.28627,0.12978,0.12301,0.065333,29.676,1.6426,0.10392,0.60072,0.44146,0.44146,0.60072,0.10392,1.6426,7.8969,-0.64324,-0.59197,-0.92603,-2.1262,-2.3019,-2.3036,-2.4164,-0.036078,0.00042437,0.19278,-0.14489,-0.10483,-0.032059,0.06077,0.1089,0.40394,0,0.86377,0.79858,0.61826,0.086759,1,0.48909,0.26178,0.13771,0.011082,0.080033,0.11426,0.14639,0.18817,0.19263,0.34241,0.86772,0.95314,0.94435,0.52779,213.88,10.877,2.3229,4.6431,3.3777,3.3777,4.6431,2.3229,10.877,36.425,10.392,10.388,10.284,12.281,15.344,15.918,16.396,0.24514,0.0013195,-0.012346,-0.32967,0.45857,0.30919,-0.45086,-0.73366,-2.7446,5.8403,0,5.1451,4.4559,2.5096,1,0.33489,0.091048,0.050223,0.0041226,0.065806,0.12441,0.18292,0.19881,0.20487,0.63022,0.75316,0.94678,0.96471,0.52901,308.12,18.694,2.7738,6.9913,5.1168,5.1168,6.9913,2.7738,18.694,27.305,19.793,19.796,19.784,19.414,19.785,20.033,20.652,0.30899,-0.00085084,0.0059094,-0.043801,-0.39865,0.25907,-0.57512,-0.92109,-3.4595,7.2351,0,6.9991,6.4192,3.8375,1,0.24593,0.010494,0.018068,0.024104,0.036153,0.043018,0.054019,0.066938,0.063287,0.96702,0.95086,0.97476,0.97787,0.53819
352,157.68,74.66,23.312,8.2091,8.2091,23.312,74.66,157.68,309.28,-6.153,10.213,-88.292,-40.132,-12.268,3.2368,-0.93702,-0.031989,0.60438,63.081,-10.972,17.935,7.3645,-1.3678,-0.22647,0.35816,9.3125,81.938,1.125,7.3333,286.23,1,0.22674,0.1265,0.01116,0.10964,0.041149,0.032748,0.028699,0.054576,0.18189,0.24624,0.16306,0.059649,0.029664,0.0041529,352,157.68,74.66,23.312,8.2091,8.2091,23.312,74.66,157.68,309.28,-6.153,10.213,-88.292,-40.132,-12.268,3.2368,-0.93702,-0.031989,0.60438,63.081,-10.972,17.935,7.3645,-1.3678,-0.22647,0.35816,9.3125,81.938,1.125,7.3333,286.23,1,0.22674,0.1265,0.01116,0.10964,0.041149,0.032748,0.028699,0.054576,0.18189,0.24624,0.16306,0.059649,0.029664,0.0041529,352,157.68,74.66,23.312,8.2091,8.2091,23.312,74.66,157.68,309.28,-6.153,10.213,-88.292,-40.132,-12.268,3.2368,-0.93702,-0.031989,0.60438,63.081,-10.972,17.935,7.3645,-1.3678,-0.22647,0.35816,9.3125,81.938,1.125,7.3333,286.23,1,0.22674,0.1265,0.01116,0.10964,0.041149,0.032748,0.028699,0.054576,0.18189,0.24624,0.16306,0.059649,0.029664,0.0041529,801.38,303.82,223.06,26.33,34.633,34.633,26.33,223.06,303.82,794.4,2.4003,4.1492,9.9552,187.04,121.94,-31.271,-5.5708,-0.22068,0.13401,6.9702,109.1,-50.46,-69.908,9.9942,-1.8017,2.4708,156.13,61.375,1.0313,16.695,1538.2,1,0.21511,0.13184,0.068949,0.08721,0.06326,0.33657,0.26703,0.14968,0.21789,0.0092802,0.43203,0.30592,0.064674,0.012276,801.38,303.82,223.06,26.33,34.633,34.633,26.33,223.06,303.82,794.4,2.4003,4.1492,9.9552,187.04,121.94,-31.271,-5.5708,-0.22068,0.13401,6.9702,109.1,-50.46,-69.908,9.9942,-1.8017,2.4708,156.13,61.375,1.0313,16.695,1538.2,1,0.21511,0.13184,0.068949,0.08721,0.06326,0.33657,0.26703,0.14968,0.21789,0.0092802,0.43203,0.30592,0.064674,0.012276,801.38,303.82,223.06,26.33,34.633,34.633,26.33,223.06,303.82,794.4,2.4003,4.1492,9.9552,187.04,121.94,-31.271,-5.5708,-0.22068,0.13401,6.9702,109.1,-50.46,-69.908,9.9942,-1.8017,2.4708,156.13,61.375,1.0313,16.695,1538.2,1,0.21511,0.13184,0.068949,0.08721,0.06326,0.33657,0.26703,0.14968,0.21789,0.0092802,0.43203,0.30592,0.064674,0.012276,20,17.401,15.017,5,19.201,19.201,5,15.017,17.401,21.325,1.121,1.3237,0.74569,1.535,-6.0136,-1.6529,-1.6413,-0.095896,-0.21664,0.039279,-0.33664,-6.6175,0.46462,1.2263,-0.99178,1.0737,5,6,0,0.41667,4.6738,1,0.098729,0.074513,0.13331,0.0029401,0.08915,0.013973,0.1018,0.027883,0.032752,0.18182,0.40741,0.43333,0.16667,0.12963,4,57.45,23.986,51.098,40.402,40.402,51.098,23.986,57.45,42.074,-5.7389,-5.509,-2.0807,-1.6406,11.111,-3.9226,-2.459,-0.088388,-0.19411,0.21563,3.0172,18.445,1.8537,4.9207,-0.66059,0.98961,24,16,1,0.083333,32.844,1,0.10939,0.032584,0.083869,0.021661,0.037843,0.059014,0.0016915,0.058924,0.081714,0.060606,0.097222,0.28333,0.2037,0.060185,8.8521,1.9148,0.45433,1.6771,0.88933,0.88933,1.6771,0.45433,1.9148,10.691,2.7249,2.7338,2.6795,-0.028333,-0.068675,-0.21076,-0.22985,-0.00339,0.00059026,0.035336,-0.33181,-0.16882,-0.025439,0.0031623,0.01098,0.037956,1.1299,0.65234,0.052734,0.18442,0.20156,1,0.70388,0.52172,0.31804,0.11001,0.064827,0.10703,0.094349,0.10139,0.1104,0.83079,0.096226,0.16664,0.067704,0.038221,30.701,1.9626,0.44247,0.43903,0.55531,0.55531,0.43903,0.44247,1.9626,8.1971,-0.59297,-0.5225,-1.03,-2.1602,-2.426,-2.3778,-2.473,-0.037181,0.0011166,0.26668,-0.14853,-0.036523,0.047778,0.081729,0.10759,0.41628,0,0.93506,0.82446,0.6396,0.093305,1,0.48711,0.25206,0.13178,0.030686,0.063836,0.11988,0.13803,0.17748,0.22042,0.33235,0.82344,0.91076,0.90455,0.50194,206.95,10.984,2.1974,4.3486,3.3128,3.3128,4.3486,2.1974,10.984,34.519,9.9304,9.9094,9.8767,12.723,14.729,15.08,15.618,0.23438,3.6139e-05,-0.078366,-0.4996,0.60205,0.30644,-0.4376,-0.68605,-2.6241,5.5142,0,5.0738,4.3114,2.2832,1,0.3232,0.077322,0.039224,0.0036727,0.06707,0.10597,0.15396,0.18882,0.18051,0.64291,0.81579,0.96121,0.9657,0.53476,305.24,18.57,2.9283,7.0256,5.0509,5.0509,7.0256,2.9283,18.57,26.962,19.86,19.892,19.671,19.106,19.81,19.69,20.345,0.3049,-0.0010892,0.11439,-0.026034,-0.37947,0.15173,-0.57965,-0.89973,-3.4137,7.2507,0,6.9249,6.3591,3.7677,1,0.24825,0.0068433,0.013454,0.018949,0.027133,0.037279,0.043413,0.060057,0.074758,0.96218,0.93618,0.96799,0.96023,0.5296
396.19,146.93,90.37,75.089,47.004,47.004,75.089,90.37,146.93,340.1,-2.2242,15.033,-111.7,-32.685,-10.815,0.29621,-0.88575,-0.080823,0.23421,65.179,-9.2773,9.3104,-1.237,-0.37035,-0.9692,0.9049,5.1875,111.81,1.1563,8.2539,431.91,1,0.21561,0.090438,0.059405,0.077482,0.053702,0.05108,0.032863,0.06665,0.013718,0.22638,0.10571,0.052152,0.014285,0.0065213,396.19,146.93,90.37,75.089,47.004,47.004,75.089,90.37,146.93,340.1,-2.2242,15.033,-111.7,-32.685,-10.815,0.29621,-0.88575,-0.080823,0.23421,65.179,-9.2773,9.3104,-1.237,-0.37035,-0.9692,0.9049,5.1875,111.81,1.1563,8.2539,431.91,1,0.21561,0.090438,0.059405,0.077482,0.053702,0.05108,0.032863,0.06665,0.013718,0.22638,0.10571,0.052152,0.014285,0.0065213,396.19,146.93,90.37,75.089,47.004,47.004,75.089,90.37,146.93,340.1,-2.2242,15.033,-111.7,-32.685,-10.815,0.29621,-0.88575,-0.080823,0.23421,65.179,-9.2773,9.3104,-1.237,-0.37035,-0.9692,0.9049,5.1875,111.81,1.1563,8.2539,431.91,1,0.21561,0.090438,0.059405,0.077482,0.053702,0.05108,0.032863,0.06665,0.013718,0.22638,0.10571,0.052152,0.014285,0.0065213,828.56,241.7,41.339,74.012,87.17,87.17,74.012,41.339,241.7,729.86,-0.56581,-1.8583,-14.475,154.9,132.93,25.692,-4.4811,0.0079235,-0.18943,-5.4507,-63.624,25.866,47.416,-15.367,1.319,-0.088712,102.69,63.5,2.4063,17.262,1274.6,1,0.067354,0.3655,0.17074,0.06042,0.051682,0.41597,0.2547,0.2621,0.26482,0.031815,0.4529,0.52495,0.20565,0.0069656,828.56,241.7,41.339,74.012,87.17,87.17,74.012,41.339,241.7,729.86,-0.56581,-1.8583,-14.475,154.9,132.93,25.692,-4.4811,0.0079235,-0.18943,-5.4507,-63.624,25.866,47.416,-15.367,1.319,-0.088712,102.69,63.5,2.4063,17.262,1274.6,1,0.067354,0.3655,0.17074,0.06042,0.051682,0.41597,0.2547,0.2621,0.26482,0.031815,0.4529,0.52495,0.20565,0.0069656,828.56,241.7,41.339,74.012,87.17,87.17,74.012,41.339,241.7,729.86,-0.56581,-1.8583,-14.475,154.9,132.93,25.692,-4.4811,0.0079235,-0.18943,-5.4507,-63.624,25.866,47.416,-15.367,1.319,-0.088712,102.69,63.5,2.4063,17.262,1274.6,1,0.067354,0.3655,0.17074,0.06042,0.051682,0.41597,0.2547,0.2621,0.26482,0.031815,0.4529,0.52495,0.20565,0.0069656,20,42.311,35.337,40.037,46.81,46.81,40.037,35.337,42.311,32.028,-16.375,-14.205,1.7415,1.1335,1.3042,-1.0911,-5.1017,-0.13692,-0.6741,5.8646,2.263,3.058,2.787,-1.235,-0.67692,1.5329,8,14,0,0.41667,14.929,1,0.1745,0.22952,0.041498,0.30027,0.061045,0.040241,0.056136,0.15861,0.15447,0.23377,0.30159,0.22857,0.087302,0.10317,33,18.085,20.944,28.618,49.898,49.898,28.618,20.944,18.085,35.27,-1.3689,-2.0146,-2.2585,-5.9299,-5.5924,7.1216,-2.8111,-0.15975,0.56384,-0.54391,-0.49682,-11.703,-3.8219,8.6744,-1.6315,1.7886,18,22,0,0.6875,51.496,1,0.0057666,0.017048,0.30213,0.068714,0.35137,0.08622,0.067166,0.18596,0.071394,0.045455,0.070707,0.31364,0.40909,0.20202,7.7603,1.2936,0.8761,1.3426,2.2326,2.2326,1.3426,0.8761,1.2936,11.262,2.7281,2.7566,2.6025,0.1335,-0.12474,-0.38127,-0.38984,-0.01958,0.0062112,0.12713,-0.30964,-0.001087,-0.039175,-0.081143,-0.18784,0.21922,1.0586,0.73096,0.003418,0.16167,0.21656,1,0.70293,0.52962,0.34685,0.16349,0.010878,0.029728,0.057326,0.086838,0.11845,0.87479,0.081027,0.064161,0.1291,0.25297,31.316,1.885,0.75646,0.46425,0.57702,0.57702,0.46425,0.75646,1.885,7.889,-0.63404,-0.54865,-1.1855,-2.2156,-2.447,-2.3825,-2.437,-0.039794,-0.00060736,0.31666,-0.081721,-0.06178,0.045471,0.011571,0.058922,0.44554,0,0.95996,0.81128,0.65241,0.09022,1,0.46188,0.25329,0.11564,0.016397,0.061106,0.12632,0.15219,0.16494,0.19779,0.36729,0.82146,0.88708,0.88991,0.47875,193.28,11.022,2.307,4.3389,3.1585,3.1585,4.3389,2.307,11.022,32.81,9.7311,9.7397,9.6026,9.9644,13.688,14.766,15.254,0.2288,-0.0027526,0.022703,-0.23534,-0.28753,0.19232,-0.43457,-0.67176,-2.5617,5.4665,0,4.1855,4.0267,2.1512,1,0.33899,0.09537,0.050039,0.0020979,0.078422,0.15767,0.2014,0.21443,0.26143,0.62676,0.66458,0.90763,0.9628,0.52672,308.83,17.956,2.6817,6.9399,4.9688,4.9688,6.9399,2.6817,17.956,28.12,19.666,19.659,19.669,20.049,19.583,19.985,20.679,0.31043,0.0022289,-0.016756,-0.070698,0.20298,0.27737,-0.59227,-0.90666,-3.4756,7.2748,0,7.0194,6.4339,3.852,1,0.24373,0.011197,0.01517,0.018902,0.027345,0.038878,0.058366,0.049026,0.019937,0.95654,0.97163,0.96009,0.97247,0.53685
397.63,99.043,37.131,33.235,67.154,67.154,33.235,37.131,99.043,362.69,-8.4272,8.4447,-122.2,-28.14,-1.1242,-1.0074,-0.96416,-0.090173,0.34913,64.122,-19.943,9.2629,-6.655,-2.9386,-1.0878,1.0096,11.875,91.563,1.7188,8.2839,420.08,1,0.33024,0.12752,0.064563,0.13757,0.077924,0.015284,0.035242,0.019832,0.022715,0.30512,0.15328,0.044778,0.032537,0.011452,397.63,99.043,37.131,33.235,67.154,67.154,33.235,37.131,99.043,362.69,-8.4272,8.4447,-122.2,-28.14,-1.1242,-1.0074,-0.96416,-0.090173,0.34913,64.122,-19.943,9.2629,-6.655,-2.9386,-1.0878,1.0096,11.875,91.563,1.7188,8.2839,420.08,1,0.33024,0.12752,0.064563,0.13757,0.077924,0.015284,0.035242,0.019832,0.022715,0.30512,0.15328,0.044778,0.032537,0.011452,397.63,99.043,37.131,33.235,67.154,67.154,33.235,37.131,99.043,362.69,-8.4272,8.4447,-122.2,-28.14,-1.1242,-1.0074,-0.96416,-0.090173,0.34913,64.122,-19.943,9.2629,-6.655,-2.9386,-1.0878,1.0096,11.875,91.563,1.7188,8.2839,420.08,1,0.33024,0.12752,0.064563,0.13757,0.077924,0.015284,0.035242,0.019832,0.022715,0.30512,0.15328,0.044778,0.032537,0.011452,726.38,256.47,84.129,41.623,63.226,63.226,41.623,84.129,256.47,714.75,-4.9628,-7.2526,-5.4457,94.761,175.69,5.1116,-8.2967,-0.15713,0.48563,-6.9384,-46.078,65.443,-23.55,-1.1982,-0.1226,1.7593,111.25,36.688,0.15625,15.133,1115.6,1,0.29603,0.39474,0.13315,0.069613,0.30121,0.34688,0.26749,0.30257,0.27921,0.028039,0.29825,0.47781,0.11086,0.018602,726.38,256.47,84.129,41.623,63.226,63.226,41.623,84.129,256.47,714.75,-4.9628,-7.2526,-5.4457,94.761,175.69,5.1116,-8.2967,-0.15713,0.48563,-6.9384,-46.078,65.443,-23.55,-1.1982,-0.1226,1.7593,111.25,36.688,0.15625,15.133,1115.6,1,0.29603,0.39474,0.13315,0.069613,0.30121,0.34688,0.26749,0.30257,0.27921,0.028039,0.29825,0.47781,0.11086,0.018602,726.38,256.47,84.129,41.623,63.226,63.226,41.623,84.129,256.47,714.75,-4.9628,-7.2526,-5.4457,94.761,175.69,5.1116,-8.2967,-0.15713,0.48563,-6.9384,-46.078,65.443,-23.55,-1.1982,-0.1226,1.7593,111.25,36.688,0.15625,15.133,1115.6,1,0.29603,0.39474,0.13315,0.069613,0.30121,0.34688,0.26749,0.30257,0.27921,0.028039,0.29825,0.47781,0.11086,0.018602,62,47.773,48.428,17.692,61.768,61.768,17.692,48.428,47.773,34.51,-10.261,-10.14,-8.9524,0.74596,0.87773,-4.0672,-5.9134,-0.088388,-2.5771,-8.0741,-0.42561,-2.1837,-2.0889,-9.1368,0.26501,0.98961,9,21,0,1.2917,25.743,1,0.13111,0.014023,0.24804,0.13054,0.07912,0.063316,0.047673,0.073292,0.060272,0.19481,0.18519,0.10952,0.22751,0.063492,1,52.507,72.072,27.622,36.363,36.363,27.622,72.072,52.507,14.762,1.5357,1.3667,-3.8676,-1.7096,6.4005,-8.7182,8.7999,-0.14326,-0.29245,-1.5984,-0.44152,-2.9624,-14.912,10.965,-4.4966,1.604,27,24,0,0.020833,56.617,1,0.24576,0.030143,0.18534,0.15752,0.11954,0.094434,0.027916,0.029701,0.077442,0.050505,0.061728,0.35556,0.26337,0.069959,6.748,2.3864,1.0966,0.35196,0.19315,0.19315,0.35196,1.0966,2.3864,10.953,2.7085,2.7748,2.4207,0.039424,-0.40759,-0.11014,-0.56219,-0.0084011,0.0044929,0.26236,-0.41265,-0.05671,-0.50984,-0.11507,0.025226,0.09406,1.0996,0.38965,0.046631,0.14058,0.19845,1,0.71346,0.53004,0.32761,0.13019,0.014573,0.055139,0.075212,0.12611,0.16982,0.8133,0.059059,0.13095,0.20476,0.094681,31.342,1.8339,0.59365,0.66122,0.62655,0.62655,0.66122,0.59365,1.8339,7.6145,-0.6469,-0.55362,-1.2464,-2.2184,-2.3801,-2.3729,-2.4771,-0.037342,0.0040364,0.36148,-0.10663,-0.019527,0.001483,0.079785,0.10629,0.41809,0,0.93457,0.81982,0.65296,0.086589,1,0.44626,0.1997,0.080886,0.011792,0.069856,0.11129,0.13489,0.15313,0.19132,0.39498,0.83502,0.90199,0.90276,0.50354,185.78,9.925,2.1583,4.2411,2.9231,2.9231,4.2411,2.1583,9.925,33.941,9.1282,9.1342,9.0129,9.1258,13.398,14.409,14.934,0.2234,0.0011433,0.026393,-0.18601,0.070131,0.23121,-0.37928,-0.66671,-2.5012,5.2479,0,4.1321,3.8704,2.1375,1,0.36713,0.12437,0.068733,0.010357,0.077789,0.14745,0.20935,0.23264,0.26912,0.61163,0.63769,0.93059,0.978,0.53621,309.11,18.569,2.8356,6.9406,5.0825,5.0825,6.9406,2.8356,18.569,27.027,19.716,19.704,19.754,19.931,19.444,20.057,20.851,0.31239,0.00049155,-0.041925,0.063049,-0.25975,0.22248,-0.54608,-0.92371,-3.4976,7.1945,0,7.0592,6.4398,3.8614,1,0.24019,0.017495,0.024727,0.030603,0.040354,0.044624,0.051612,0.055589,0.037133,0.96978,0.97775,0.96662,0.99002,0.54672
417.69,138.44,70.899,87.047,97.171,97.171,87.047,70.899,138.44,322.31,-3.2843,11.444,-124.9,-17.063,-12.84,-7.8155,1.1771,0.04878,1.2686,59.165,4.5483,-4.9863,-5.569,-0.62978,0.4128,-0.54615,11.438,117.13,2.0938,8.7018,473.02,1,0.18289,0.0063723,0.13607,0.036347,0.029139,0.0013772,0.041881,0.029278,0.027683,0.23998,0.087335,0.031323,0.050516,0.0037946,417.69,138.44,70.899,87.047,97.171,97.171,87.047,70.899,138.44,322.31,-3.2843,11.444,-124.9,-17.063,-12.84,-7.8155,1.1771,0.04878,1.2686,59.165,4.5483,-4.9863,-5.569,-0.62978,0.4128,-0.54615,11.438,117.13,2.0938,8.7018,473.02,1,0.18289,0.0063723,0.13607,0.036347,0.029139,0.0013772,0.041881,0.029278,0.027683,0.23998,0.087335,0.031323,0.050516,0.0037946,417.69,138.44,70.899,87.047,97.171,97.171,87.047,70.899,138.44,322.31,-3.2843,11.444,-124.9,-17.063,-12.84,-7.8155,1.1771,0.04878,1.2686,59.165,4.5483,-4.9863,-5.569,-0.62978,0.4128,-0.54615,11.438,117.13,2.0938,8.7018,473.02,1,0.18289,0.0063723,0.13607,0.036347,0.029139,0.0013772,0.041881,0.029278,0.027683,0.23998,0.087335,0.031323,0.050516,0.0037946,789.38,237.83,261.41,26.475,41.32,41.32,26.475,261.41,237.83,726.91,-0.80971,-2.8593,3.4419,148.34,147.76,-23.706,5.8891,-0.032875,-0.010135,-7.6825,17.843,21.746,67.681,13.328,-2.0688,0.36807,77.625,75.563,6.9063,16.445,1045.8,1,0.24376,0.38736,0.22755,0.025548,0.12417,0.19902,0.36985,0.31386,0.38507,0.049919,0.62292,0.59026,0.38925,0.015656,789.38,237.83,261.41,26.475,41.32,41.32,26.475,261.41,237.83,726.91,-0.80971,-2.8593,3.4419,148.34,147.76,-23.706,5.8891,-0.032875,-0.010135,-7.6825,17.843,21.746,67.681,13.328,-2.0688,0.36807,77.625,75.563,6.9063,16.445,1045.8,1,0.24376,0.38736,0.22755,0.025548,0.12417,0.19902,0.36985,0.31386,0.38507,0.049919,0.62292,0.59026,0.38925,0.015656,789.38,237.83,261.41,26.475,41.32,41.32,26.475,261.41,237.83,726.91,-0.80971,-2.8593,3.4419,148.34,147.76,-23.706,5.8891,-0.032875,-0.010135,-7.6825,17.843,21.746,67.681,13.328,-2.0688,0.36807,77.625,75.563,6.9063,16.445,1045.8,1,0.24376,0.38736,0.22755,0.025548,0.12417,0.19902,0.36985,0.31386,0.38507,0.049919,0.62292,0.59026,0.38925,0.015656,4,41.174,21.666,19.079,37.356,37.356,19.079,21.666,41.174,28.509,12.121,10.894,-1.3206,-8.677,2.9134,3.5688,-1.9113,0.095896,1.611,0.74913,-7.1499,-3.1495,-1.2312,-4.2469,1.9437,-1.0737,12,10,0,0.083333,16.035,1,0.061339,0.11462,0.029458,0.032701,0.32452,0.18169,0.10401,0.055893,0.035125,0.18939,0.2963,0.29167,0.28704,0.064815,50,20.458,31.681,20.809,81.994,81.994,20.809,31.681,20.458,22.112,0.24106,-0.55185,-1.4845,-3.7627,-8.8621,1.7977,-4.1666,-0.082893,0.64314,-0.83075,6.4517,-2.1954,-17.775,2.2758,-0.12101,0.92808,16,19,0,1.0417,54.168,1,0.17235,0.071114,0.16613,0.041269,0.09467,0.13794,0.056681,0.25305,0.031769,0.057416,0.22807,0.47368,0.4269,0.16374,2.064,2.0946,1.2892,1.1423,0.72836,0.72836,1.1423,1.2892,2.0946,7.3127,2.5636,2.6292,1.1713,-0.40816,-0.35823,-0.31932,-0.33949,-0.0048175,-0.042896,0.103,-0.39731,0.058385,-0.00078476,0.012998,0.019048,0.053938,0.95557,0.19922,0.10645,0.042999,0.10977,1,0.58123,0.3546,0.20895,0.085109,0.10421,0.10193,0.094336,0.085558,0.10739,0.59692,0.16193,0.12586,0.12161,0.066201,35.021,1.0224,0.46529,0.39351,0.46052,0.46052,0.39351,0.46529,1.0224,5.6158,-1.0395,-1.0458,-2.0284,-2.4089,-2.4661,-2.3955,-2.4605,-0.036733,-0.020969,-0.092893,-0.047694,0.0033644,-0.0091979,0.063701,0.11094,0.41126,0,0.89697,0.83911,0.72959,0.065188,1,0.29144,0.032824,0.024693,0.0023545,0.048121,0.070359,0.092049,0.09498,0.11885,0.69718,0.94998,0.96881,0.94278,0.51678,181.77,10.516,1.8772,4.0712,2.9068,2.9068,4.0712,1.8772,10.516,33.019,8.6206,8.6253,8.4612,9.9218,13.126,13.858,14.336,0.21518,0.002033,0.024095,-0.35274,0.22338,-0.10518,-0.4245,-0.62907,-2.4091,5.0844,0,4.3207,3.7868,1.9584,1,0.35643,0.11689,0.07011,0.022049,0.085178,0.14087,0.16436,0.20557,0.24733,0.59804,0.70498,0.92974,0.97063,0.53266,312.43,18.33,2.9617,7.0141,5.0352,5.0352,7.0141,2.9617,18.33,28.234,19.849,19.848,19.836,19.64,20.016,20.588,21.052,0.3156,-0.0027927,-0.010477,0.059884,-0.35883,0.37918,-0.62763,-0.92951,-3.5335,7.4817,0,7.0282,6.5089,3.9562,1,0.2428,0.01297,0.019469,0.028977,0.039755,0.062336,0.079997,0.07398,0.060488,0.93703,0.93031,0.9575,0.9697,0.53071
320.13,89.499,49.245,27.288,28.778,28.778,27.288,49.245,89.499,370.72,-40.489,-56.935,-88.64,-8.7993,2.5931,11.229,1.6647,0.0012093,1.4655,-56.527,21.552,-6.5753,6.0449,-0.38402,-0.428,-0.01354,10.188,76.625,0.25,6.6693,277.16,1,0.55371,0.30696,0.13155,0.042127,0.032323,0.035525,0.012222,0.092778,0.14498,0.40308,0.049665,0.054894,0.036886,0.0029001,320.13,89.499,49.245,27.288,28.778,28.778,27.288,49.245,89.499,370.72,-40.489,-56.935,-88.64,-8.7993,2.5931,11.229,1.6647,0.0012093,1.4655,-56.527,21.552,-6.5753,6.0449,-0.38402,-0.428,-0.01354,10.188,76.625,0.25,6.6693,277.16,1,0.55371,0.30696,0.13155,0.042127,0.032323,0.035525,0.012222,0.092778,0.14498,0.40308,0.049665,0.054894,0.036886,0.0029001,320.13,89.499,49.245,27.288,28.778,28.778,27.288,49.245,89.499,370.72,-40.489,-56.935,-88.64,-8.7993,2.5931,11.229,1.6647,0.0012093,1.4655,-56.527,21.552,-6.5753,6.0449,-0.38402,-0.428,-0.01354,10.188,76.625,0.25,6.6693,277.16,1,0.55371,0.30696,0.13155,0.042127,0.032323,0.035525,0.012222,0.092778,0.14498,0.40308,0.049665,0.054894,0.036886,0.0029001,715.75,235.1,238.71,7.3264,79.03,79.03,7.3264,238.71,235.1,704.9,-0.096455,-2.7033,10.349,149.52,125.26,-14.504,-14.839,-0.011325,0.44299,-8.263,-10.998,-25.536,-74.653,-0.0014459,3.8071,0.12679,112.75,63.875,2.75,14.911,954.24,1,0.28059,0.3731,0.29273,0.038696,0.2017,0.20197,0.37679,0.21849,0.29004,0.044951,0.47801,0.3393,0.1541,0.025745,715.75,235.1,238.71,7.3264,79.03,79.03,7.3264,238.71,235.1,704.9,-0.096455,-2.7033,10.349,149.52,125.26,-14.504,-14.839,-0.011325,0.44299,-8.263,-10.998,-25.536,-74.653,-0.0014459,3.8071,0.12679,112.75,63.875,2.75,14.911,954.24,1,0.28059,0.3731,0.29273,0.038696,0.2017,0.20197,0.37679,0.21849,0.29004,0.044951,0.47801,0.3393,0.1541,0.025745,715.75,235.1,238.71,7.3264,79.03,79.03,7.3264,238.71,235.1,704.9,-0.096455,-2.7033,10.349,149.52,125.26,-14.504,-14.839,-0.011325,0.44299,-8.263,-10.998,-25.536,-74.653,-0.0014459,3.8071,0.12679,112.75,63.875,2.75,14.911,954.24,1,0.28059,0.3731,0.29273,0.038696,0.2017,0.20197,0.37679,0.21849,0.29004,0.044951,0.47801,0.3393,0.1541,0.025745,18,7.0504,9.2617,7.9373,10.645,10.645,7.9373,9.2617,7.0504,7.1287,-1.0816,-2.3485,0.53974,-1.8985,1.0836,-2.0513,-1.8348,-0.088388,0.26041,-3.8665,-1.0452,-2.4111,0.2279,2.0425,-0.82785,0.98961,7,6,0.5,0.375,4.1117,1,0.053929,0.20804,0.094356,0.19866,0.036546,0.0033959,0.11384,0.10721,0.050776,0.25974,0.30159,0.18571,0.20635,0.11111,40,28.813,26.036,38.626,41.607,41.607,38.626,26.036,28.813,13.213,4.2343,3.9531,-4.8448,-4.3007,-2.1001,-1.6823,-2.2886,-0.028018,0.57484,0.85312,-0.49206,-0.22314,4.6854,-3.4649,0.19496,0.31369,18,6,1,0.83333,19.887,1,0.26007,0.19344,0.091268,0.028976,0.0083809,0.039289,0.069306,0.13695,0.012779,0.080808,0.15432,0.37222,0.14815,0.049383,1.5713,1.6796,0.527,0.58898,0.5524,0.5524,0.58898,0.527,1.6796,6.8117,2.7111,2.8871,0.70354,-0.2479,-0.3517,-0.35021,-0.34251,-0.0050201,-0.048031,0.49793,-0.2813,0.11399,-0.023133,0.0058526,0.016835,0.056205,0.99219,0.22217,0.10059,0.032735,0.10774,1,0.56568,0.24178,0.036768,0.018905,0.028592,0.01922,0.022878,0.048835,0.10366,0.52572,0.089403,0.13159,0.12046,0.06414,35.151,1.5009,0.53445,0.75971,0.33279,0.33279,0.75971,0.53445,1.5009,5.2292,-1.1228,-1.1314,-2.0784,-2.4397,-2.3921,-2.3795,-2.4782,-0.037237,-0.013549,-0.076643,-0.1348,-0.079356,-0.0073235,0.081492,0.10814,0.41691,0,0.91553,0.8374,0.73231,0.063393,1,0.25989,0.02584,0.0053252,0.031742,0.061725,0.062238,0.072124,0.1012,0.08143,0.70584,0.94015,0.92715,0.92101,0.512,171.32,9.0203,1.9774,3.5223,2.648,2.648,3.5223,1.9774,9.0203,33.75,7.8822,7.887,7.741,9.0169,12.848,13.165,13.595,0.20183,-0.0014924,0.01301,-0.43199,0.63524,0.41026,-0.33601,-0.62986,-2.2597,4.9013,0,4.249,3.5691,1.8713,1,0.39183,0.15351,0.095575,0.030563,0.059129,0.11655,0.20004,0.25509,0.26759,0.56818,0.66681,0.94896,0.94671,0.52137,307.22,18.501,2.4912,6.9998,4.9785,4.9785,6.9998,2.4912,18.501,27.855,19.826,19.813,19.893,19.859,19.631,19.707,20.296,0.30382,0.0013452,-0.044181,0.15169,-0.41482,0.2368,-0.55175,-0.90294,-3.4016,7.1664,0,6.9915,6.4004,3.8129,1,0.25645,0.0045602,0.002776,0.0091668,0.020442,0.024729,0.0368,0.057387,0.056517,0.97913,0.98069,0.97394,0.96994,0.53378
327.5,205.14,47.442,35.215,29.477,29.477,35.215,47.442,205.14,328.34,-108.42,-135.56,-41.808,-3.0285,-2.023,7.0694,-6.3258,-0.2875,13.8,-55.615,27.141,7.1791,10.158,-1.0848,-2.5968,3.2189,12.563,93.563,0.84375,6.8229,453.91,1,0.24613,0.034615,0.047704,0.08716,0.027005,0.049507,0.026836,0.054037,0.015738,0.34335,0.055741,0.054375,0.023529,0.023306,327.5,205.14,47.442,35.215,29.477,29.477,35.215,47.442,205.14,328.34,-108.42,-135.56,-41.808,-3.0285,-2.023,7.0694,-6.3258,-0.2875,13.8,-55.615,27.141,7.1791,10.158,-1.0848,-2.5968,3.2189,12.563,93.563,0.84375,6.8229,453.91,1,0.24613,0.034615,0.047704,0.08716,0.027005,0.049507,0.026836,0.054037,0.015738,0.34335,0.055741,0.054375,0.023529,0.023306,327.5,205.14,47.442,35.215,29.477,29.477,35.215,47.442,205.14,328.34,-108.42,-135.56,-41.808,-3.0285,-2.023,7.0694,-6.3258,-0.2875,13.8,-55.615,27.141,7.1791,10.158,-1.0848,-2.5968,3.2189,12.563,93.563,0.84375,6.8229,453.91,1,0.24613,0.034615,0.047704,0.08716,0.027005,0.049507,0.026836,0.054037,0.015738,0.34335,0.055741,0.054375,0.023529,0.023306,668.5,341.5,124.64,129.95,39.483,39.483,129.95,124.64,341.5,726.46,2.3996,-0.44619,15.26,213.84,42.145,-17.858,-11.783,-0.47546,-0.72115,-13.007,-65.908,3.5042,-23.43,6.4016,-3.9407,5.3234,154.19,68.688,1.1875,13.927,1510.7,1,0.072828,0.25064,0.33625,0.2135,0.059511,0.13829,0.17558,0.11425,0.10494,0.061466,0.38783,0.29092,0.024411,0.02306,668.5,341.5,124.64,129.95,39.483,39.483,129.95,124.64,341.5,726.46,2.3996,-0.44619,15.26,213.84,42.145,-17.858,-11.783,-0.47546,-0.72115,-13.007,-65.908,3.5042,-23.43,6.4016,-3.9407,5.3234,154.19,68.688,1.1875,13.927,1510.7,1,0.072828,0.25064,0.33625,0.2135,0.059511,0.13829,0.17558,0.11425,0.10494,0.061466,0.38783,0.29092,0.024411,0.02306,668.5,341.5,124.64,129.95,39.483,39.483,129.95,124.64,341.5,726.46,2.3996,-0.44619,15.26,213.84,42.145,-17.858,-11.783,-0.47546,-0.72115,-13.007,-65.908,3.5042,-23.43,6.4016,-3.9407,5.3234,154.19,68.688,1.1875,13.927,1510.7,1,0.072828,0.25064,0.33625,0.2135,0.059511,0.13829,0.17558,0.11425,0.10494,0.061466,0.38783,0.29092,0.024411,0.02306,57,20.716,8.7547,14.177,9.7204,9.7204,14.177,8.7547,20.716,2.7313,-9.4239,-8.4972,-2.6779,-5.35,-0.98148,-5.08,-3.613,0,-0.077283,3.203,3.7893,2.5128,-0.44628,-2.0946,0.96809,0,4,6,1,1.1875,3.5598,1,0.05629,0.012257,0.092618,0.11242,0.22068,0.027596,0.072096,0.10688,0.11608,0.33333,0.2963,0.28333,0.38889,0.018519,14,10.638,31.449,7,29.983,29.983,7,31.449,10.638,15.983,-0.97343,-1.5615,1.9875,-4.7326,1.8374,4.56,-7.6426,-0.03986,0.31919,-1.1385,2.6564,8.5322,-3.5022,-4.2842,1.4528,0.44628,10,13,0,0.29167,19.36,1,0.080954,0.22347,0.23668,0.19166,0.0034573,0.080887,0.1467,0.025311,0.055141,0.090909,0.19658,0.47692,0.34188,0.10256,8.29,1.6516,0.84767,0.78284,0.89946,0.89946,0.78284,0.84767,1.6516,11.82,2.72,2.7227,2.7403,0.18074,-0.17135,-0.35564,-0.42828,-0.0055495,0.0018295,0.015855,-0.15233,-0.097899,0.090326,-0.00017607,0.031912,0.062133,1.0781,0.42383,0.060547,0.17271,0.19965,1,0.79878,0.61846,0.41492,0.20876,0.01183,0.072251,0.097254,0.11672,0.13691,0.87661,0.13104,0.059828,0.15243,0.060135,30.762,1.7241,0.4267,0.37077,0.63683,0.63683,0.37077,0.4267,1.7241,8.1055,-0.63173,-0.55772,-1.0648,-2.1696,-2.4218,-2.363,-2.4607,-0.03682,-0.0025575,0.26777,-0.12463,-0.088639,-0.063203,0.045462,0.10968,0.41225,0,0.89648,0.81714,0.64087,0.090694,1,0.48603,0.25753,0.13739,0.021628,0.044868,0.11008,0.16987,0.19804,0.20699,0.36166,0.8576,0.95577,0.93585,0.51519,164.77,10.242,1.9988,3.28,2.3392,2.3392,3.28,1.9988,10.242,32.914,7.2225,7.2238,7.1942,9.5114,12.658,12.334,12.68,0.18944,-0.00011889,0.0045915,-0.6111,0.78675,0.12138,-0.35466,-0.56969,-2.121,4.6577,0,4.2884,3.4328,1.7097,1,0.39173,0.15583,0.10122,0.03667,0.059945,0.11531,0.17331,0.2393,0.26765,0.55821,0.73631,0.96055,0.93188,0.51301,302.14,18.179,2.7377,6.8526,4.9551,4.9551,6.8526,2.7377,18.179,27.806,19.859,19.85,19.868,19.554,19.56,19.001,19.658,0.29346,0.00057072,-0.032383,0.071368,-0.34761,-0.018087,-0.5304,-0.88652,-3.2857,7.0743,0,6.8323,6.2946,3.6964,1,0.26981,0.02076,0.014284,0.0084436,0.0011498,0.0089702,0.015948,0.028492,0.053134,0.9917,0.97838,0.97201,0.95132,0.52372
499.38,205.8,49.169,21.559,106.07,106.07,21.559,49.169,205.8,458.72,-5.305,15.566,-156.04,-35.481,0.0038822,-5.2167,0.73522,0.083101,-0.099021,77.562,-19.758,16.523,8.8779,3.6259,1.0436,-0.93041,11.25,124.75,2.1563,10.404,674.39,1,0.37277,0.098171,0.058453,0.13484,0.092572,0.013515,0.0098794,0.071631,0.079582,0.2807,0.12792,0.042134,0.036128,0.0090737,499.38,205.8,49.169,21.559,106.07,106.07,21.559,49.169,205.8,458.72,-5.305,15.566,-156.04,-35.481,0.0038822,-5.2167,0.73522,0.083101,-0.099021,77.562,-19.758,16.523,8.8779,3.6259,1.0436,-0.93041,11.25,124.75,2.1563,10.404,674.39,1,0.37277,0.098171,0.058453,0.13484,0.092572,0.013515,0.0098794,0.071631,0.079582,0.2807,0.12792,0.042134,0.036128,0.0090737,499.38,205.8,49.169,21.559,106.07,106.07,21.559,49.169,205.8,458.72,-5.305,15.566,-156.04,-35.481,0.0038822,-5.2167,0.73522,0.083101,-0.099021,77.562,-19.758,16.523,8.8779,3.6259,1.0436,-0.93041,11.25,124.75,2.1563,10.404,674.39,1,0.37277,0.098171,0.058453,0.13484,0.092572,0.013515,0.0098794,0.071631,0.079582,0.2807,0.12792,0.042134,0.036128,0.0090737,527.94,405.65,94.821,120.77,57.062,57.062,120.77,94.821,405.65,625.85,-6.6768,-6.9306,2.9817,10.627,147.29,80.376,-50.622,-0.19007,-0.85342,-3.7716,6.8304,24.552,-17.111,-86.855,10.727,2.1281,130.06,62.375,1.9375,10.999,1190.7,1,0.1735,0.010655,0.1218,0.16026,0.23522,0.44238,0.19974,0.23659,0.162,0.019877,0.041166,0.37602,0.31796,0.043943,527.94,405.65,94.821,120.77,57.062,57.062,120.77,94.821,405.65,625.85,-6.6768,-6.9306,2.9817,10.627,147.29,80.376,-50.622,-0.19007,-0.85342,-3.7716,6.8304,24.552,-17.111,-86.855,10.727,2.1281,130.06,62.375,1.9375,10.999,1190.7,1,0.1735,0.010655,0.1218,0.16026,0.23522,0.44238,0.19974,0.23659,0.162,0.019877,0.041166,0.37602,0.31796,0.043943,527.94,405.65,94.821,120.77,57.062,57.062,120.77,94.821,405.65,625.85,-6.6768,-6.9306,2.9817,10.627,147.29,80.376,-50.622,-0.19007,-0.85342,-3.7716,6.8304,24.552,-17.111,-86.855,10.727,2.1281,130.06,62.375,1.9375,10.999,1190.7,1,0.1735,0.010655,0.1218,0.16026,0.23522,0.44238,0.19974,0.23659,0.162,0.019877,0.041166,0.37602,0.31796,0.043943,30,6.8444,5.1982,13.077,12.596,12.596,13.077,5.1982,6.8444,5.2672,-0.30777,-0.26876,-2.3137,-1.2337,-2.5357,-2.2239,-2.1242,-0.044194,0.19686,0.79708,1.917,-1.7821,3.5981,-1.299,-0.090556,0.4948,3,5,1,0.625,3.0053,1,0.10409,0.07135,0.035288,0.31515,0.10133,0.17987,0.042478,0.089159,0.027876,0.23636,0.4,0.38,0.31111,0.088889,88,26.543,49.453,45.211,9.2158,9.2158,45.211,49.453,26.543,84.776,10.333,9.4136,-1.2262,0.60193,-8.9898,-20.075,-4.8591,0.051702,1.3403,1.004,-0.37391,6.7525,-5.6052,-11.917,2.0738,-0.57886,14,23,0,1.8333,43.376,1,0.041817,0.2492,0.0023845,0.11204,0.092544,0.11881,0.033818,0.056736,0.0077938,0.075099,0.028986,0.32174,0.343,0.077295,8.6968,1.6607,0.81646,0.84405,0.41218,0.41218,0.84405,0.81646,1.6607,12.466,2.718,2.7069,2.8054,0.36123,-0.23876,-0.41694,-0.38721,-0.005537,0.0051615,-0.024208,-0.052068,-0.16193,-0.067062,0.013075,0.021096,0.061993,1.0229,0.19629,0.063232,0.18118,0.2056,1,0.81022,0.64486,0.45684,0.26217,0.023222,0.066562,0.11147,0.15263,0.1858,0.93903,0.17656,0.11413,0.12755,0.069265,29.125,1.7825,0.33234,0.61358,0.57293,0.57293,0.61358,0.33234,1.7825,7.7987,-0.63145,-0.58745,-0.89316,-2.0669,-2.2758,-2.2771,-2.3653,-0.035748,-0.0010335,0.16081,-0.11279,-0.025375,0.046042,0.068303,0.10012,0.40024,0,0.88086,0.77515,0.60677,0.083686,1,0.49595,0.26924,0.14876,0.023632,0.074921,0.13489,0.14349,0.18235,0.20744,0.32322,0.83826,0.90926,0.9227,0.50751,144.61,9.1111,1.6156,3.4679,2.3915,2.3915,3.4679,1.6156,9.1111,28.74,6.8909,6.8903,6.8075,6.7187,9.3863,11.832,12.644,0.1867,-0.0019972,-0.008545,0.0058887,-0.85004,0.5942,0.096135,-0.60092,-2.0903,4.5079,0,2.5834,3.0126,1.5332,1,0.40439,0.17198,0.09398,0.0085318,0.098827,0.14723,0.22367,0.28122,0.3008,0.53597,0.5488,0.79595,0.95569,0.52033,306.34,18.318,2.6709,6.9463,4.9841,4.9841,6.9463,2.6709,18.318,26.231,19.903,19.903,19.936,19.934,19.16,19.591,20.414,0.30365,0.0019435,0.0095721,0.0085597,0.16763,-0.35647,-0.35956,-0.93699,-3.3998,7.1444,0,7.0163,6.3821,3.7953,1,0.25468,0.0006435,0.01284,0.027224,0.04871,0.0422,0.020352,0.0045966,0.0019115,0.98598,0.98332,0.94959,0.98459,0.53619
368.75,120.51,55.05,25.188,10.038,10.038,25.188,55.05,120.51,321.97,-3.2493,12.297,-103.16,-33.559,-7.1685,-2.4261,1.541,-0.002022,0.27442,58.928,-9.0271,-0.072937,-12.176,0.57462,-0.44309,0.022639,8.8125,78.375,2.4063,7.6823,344.96,1,0.23496,0.039711,0.037138,0.081449,0.025179,0.067624,0.059495,0.025418,0.02763,0.28897,0.15559,0.058214,0.05529,0.0051391,368.75,120.51,55.05,25.188,10.038,10.038,25.188,55.05,120.51,321.97,-3.2493,12.297,-103.16,-33.559,-7.1685,-2.4261,1.541,-0.002022,0.27442,58.928,-9.0271,-0.072937,-12.176,0.57462,-0.44309,0.022639,8.8125,78.375,2.4063,7.6823,344.96,1,0.23496,0.039711,0.037138,0.081449,0.025179,0.067624,0.059495,0.025418,0.02763,0.28897,0.15559,0.058214,0.05529,0.0051391,368.75,120.51,55.05,25.188,10.038,10.038,25.188,55.05,120.51,321.97,-3.2493,12.297,-103.16,-33.559,-7.1685,-2.4261,1.541,-0.002022,0.27442,58.928,-9.0271,-0.072937,-12.176,0.57462,-0.44309,0.022639,8.8125,78.375,2.4063,7.6823,344.96,1,0.23496,0.039711,0.037138,0.081449,0.025179,0.067624,0.059495,0.025418,0.02763,0.28897,0.15559,0.058214,0.05529,0.0051391,595.94,448.14,58.59,78.985,36.414,36.414,78.985,58.59,448.14,542.38,4.6268,2.3298,16.374,77.789,118.93,10.211,-11.621,-0.084112,0.38199,-7.3085,16.238,50.845,98.541,1.7884,1.8581,0.94173,91,61.875,2.5,12.415,831.36,1,0.0045439,0.042601,0.33395,0.16798,0.29509,0.14658,0.10972,0.2401,0.27296,0.046516,0.30655,0.51724,0.28755,0.027625,595.94,448.14,58.59,78.985,36.414,36.414,78.985,58.59,448.14,542.38,4.6268,2.3298,16.374,77.789,118.93,10.211,-11.621,-0.084112,0.38199,-7.3085,16.238,50.845,98.541,1.7884,1.8581,0.94173,91,61.875,2.5,12.415,831.36,1,0.0045439,0.042601,0.33395,0.16798,0.29509,0.14658,0.10972,0.2401,0.27296,0.046516,0.30655,0.51724,0.28755,0.027625,595.94,448.14,58.59,78.985,36.414,36.414,78.985,58.59,448.14,542.38,4.6268,2.3298,16.374,77.789,118.93,10.211,-11.621,-0.084112,0.38199,-7.3085,16.238,50.845,98.541,1.7884,1.8581,0.94173,91,61.875,2.5,12.415,831.36,1,0.0045439,0.042601,0.33395,0.16798,0.29509,0.14658,0.10972,0.2401,0.27296,0.046516,0.30655,0.51724,0.28755,0.027625,33,15.805,10.45,13.748,15.539,15.539,13.748,10.45,15.805,12.2,-0.5205,-0.81094,-2.1883,-2.0595,0.036417,-1.2377,-4.7115,-0.14876,-0.51733,-2.796,-2.9885,2.8396,1.3757,0.7061,-0.95826,1.6655,7,5,0.5,0.6875,5.3258,1,0.10829,0.062375,0.073393,0.15504,0.24988,0.14909,0.12085,0.082179,0.051373,0.18182,0.33333,0.28571,0.22222,0.19048,3,33.495,39.113,62.45,28.72,28.72,62.45,39.113,33.495,27.942,-2.0238,-2.3359,-0.20824,-4.4404,12.198,-6.2314,-0.87537,-0.084054,0.33146,-0.067878,-0.8205,-6.2036,13.83,3.7836,-1.0202,0.94108,30,21,0,0.0625,48.57,1,0.12438,0.012192,0.35434,0.041439,0.029795,0.01205,0.097248,0.020503,0.033477,0.018182,0.048148,0.32333,0.16667,0.037037,7.6538,2.3999,0.29306,0.92079,0.062835,0.062835,0.92079,0.29306,2.3999,10.858,2.7318,2.7457,2.631,-0.15317,-0.077327,-0.32948,-0.34921,-0.0050605,0.0055384,0.070272,-0.50917,-0.057397,-0.07666,-0.018853,0.018027,0.056658,1.0625,0.56299,0.039307,0.15945,0.20098,1,0.72818,0.51177,0.29502,0.097,0.079669,0.089124,0.049836,0.079218,0.10155,0.88118,0.16079,0.063833,0.11387,0.057853,29.864,1.8506,0.65211,0.41993,0.50422,0.50422,0.41993,0.65211,1.8506,7.7453,-0.59038,-0.50874,-1.0657,-2.1435,-2.3222,-2.2908,-2.3739,-0.035123,-0.0026752,0.29584,-0.13419,-0.034727,0.031155,0.076957,0.11175,0.39324,0,0.85742,0.78882,0.62217,0.084991,1,0.47938,0.24222,0.10889,0.026274,0.087316,0.11395,0.13417,0.17873,0.20416,0.37063,0.88939,0.95507,0.94476,0.5217,141.29,7.798,1.8015,3.1881,2.3478,2.3478,3.1881,1.8015,7.798,29.35,6.3364,6.338,6.2803,6.9733,10.174,11.459,11.613,0.17401,0.00064168,0.0079169,-0.13234,-0.26217,0.082994,-0.4073,-0.51397,-1.9482,4.2524,0,3.0282,2.9435,1.3894,1,0.41086,0.18306,0.12068,0.062823,0.068529,0.1748,0.21913,0.24698,0.30577,0.52686,0.60131,0.87818,0.95535,0.51535,304.61,17.461,2.874,6.8493,4.8866,4.8866,6.8493,2.874,17.461,26.635,19.875,19.873,19.94,19.84,19.073,19.546,20.062,0.29988,-0.00090151,-0.011461,0.093335,-0.0089323,0.25984,-0.53471,-0.89904,-3.3575,7.1148,0,6.9195,6.346,3.7545,1,0.26014,0.0086849,0.00055145,0.010682,0.017717,0.038462,0.054871,0.038504,0.014108,0.98911,0.98329,0.95584,0.97188,0.53089
278.94,113.07,69.618,39.72,53.032,53.032,39.72,69.618,113.07,285.25,6.3847,18.229,-98.696,-16.294,-4.4279,3.0286,3.6293,-0.0089202,0.19578,44.85,3.2728,2.0085,-12.993,-4.116,-1.1056,0.099872,14.875,87.125,0.875,5.8112,307.01,1,0.19144,0.040609,0.06502,0.071042,0.039795,0.024909,0.018135,0.050497,0.014908,0.26262,0.087199,0.033357,0.079149,0.017535,278.94,113.07,69.618,39.72,53.032,53.032,39.72,69.618,113.07,285.25,6.3847,18.229,-98.696,-16.294,-4.4279,3.0286,3.6293,-0.0089202,0.19578,44.85,3.2728,2.0085,-12.993,-4.116,-1.1056,0.099872,14.875,87.125,0.875,5.8112,307.01,1,0.19144,0.040609,0.06502,0.071042,0.039795,0.024909,0.018135,0.050497,0.014908,0.26262,0.087199,0.033357,0.079149,0.017535,278.94,113.07,69.618,39.72,53.032,53.032,39.72,69.618,113.07,285.25,6.3847,18.229,-98.696,-16.294,-4.4279,3.0286,3.6293,-0.0089202,0.19578,44.85,3.2728,2.0085,-12.993,-4.116,-1.1056,0.099872,14.875,87.125,0.875,5.8112,307.01,1,0.19144,0.040609,0.06502,0.071042,0.039795,0.024909,0.018135,0.050497,0.014908,0.26262,0.087199,0.033357,0.079149,0.017535,574.88,284.09,121.34,29.256,87.918,87.918,29.256,121.34,284.09,566.52,1.9527,0.75752,11.254,83.549,118.3,7.2301,-15.552,-0.1743,0.65327,-2.2985,-0.51179,69.559,72.998,-11.613,1.5651,1.9515,97.813,57,2.4063,11.977,833.73,1,0.096553,0.30755,0.45434,0.087956,0.099806,0.021621,0.36222,0.26178,0.18505,0.037758,0.25942,0.46722,0.2394,0.025417,574.88,284.09,121.34,29.256,87.918,87.918,29.256,121.34,284.09,566.52,1.9527,0.75752,11.254,83.549,118.3,7.2301,-15.552,-0.1743,0.65327,-2.2985,-0.51179,69.559,72.998,-11.613,1.5651,1.9515,97.813,57,2.4063,11.977,833.73,1,0.096553,0.30755,0.45434,0.087956,0.099806,0.021621,0.36222,0.26178,0.18505,0.037758,0.25942,0.46722,0.2394,0.025417,574.88,284.09,121.34,29.256,87.918,87.918,29.256,121.34,284.09,566.52,1.9527,0.75752,11.254,83.549,118.3,7.2301,-15.552,-0.1743,0.65327,-2.2985,-0.51179,69.559,72.998,-11.613,1.5651,1.9515,97.813,57,2.4063,11.977,833.73,1,0.096553,0.30755,0.45434,0.087956,0.099806,0.021621,0.36222,0.26178,0.18505,0.037758,0.25942,0.46722,0.2394,0.025417,48,13.18,7.0055,36.166,11.849,11.849,36.166,7.0055,13.18,18.582,3.7146,1.2567,-1.0165,-1.4204,-2.6574,-3.9601,-6.3733,-0.11641,2.1993,-1.8947,-2.0147,-0.7412,-5.8714,0.73079,-0.03003,1.3033,5,6,1,1,7.4043,1,0.0028736,0.014368,0.12356,0.12356,0.10632,0.068966,0.034483,0.11207,0.0086207,0.37879,0.33333,0.43333,0.42593,0.22222,15,11.413,58.188,27,72.267,72.267,27,58.188,11.413,13.925,-0.96995,-2.4937,1.2963,-4.2676,-1.4209,1.8347,0.95509,-0.27701,0.70943,-3.3389,4.126,-1.7057,-12.069,6.1863,-4.3911,3.1014,28,12,1,0.3125,44.347,1,0.072605,0.37414,0.17772,0.031007,0.023531,0.076078,0.012954,0.0036245,0.0084335,0.071429,0.083333,0.092857,0.40476,0.063492,9.3306,0.6326,2.3837,1.6225,1.0106,1.0106,1.6225,2.3837,0.6326,9.7309,2.7222,2.7855,2.4858,0.13775,-0.0468,0.012995,-0.32065,-0.0049401,0.007001,0.25971,-0.19885,-0.080596,0.39745,-0.058672,0.01217,0.05531,1.0762,0.71533,0.031494,0.19439,0.20182,1,0.63792,0.44311,0.28385,0.085809,0.07286,0.088381,0.11758,0.072184,0.046806,0.8426,0.10859,0.10531,0.27052,0.057673,30.237,1.9345,0.98513,0.44108,0.58064,0.58064,0.44108,0.98513,1.9345,7.357,-0.61584,-0.52209,-1.1632,-2.1906,-2.3295,-2.2041,-2.4355,-0.036316,0.0061766,0.37035,-0.099881,-0.024434,-0.029195,0.026349,0.11046,0.4066,0,0.93213,0.78101,0.62993,0.084546,1,0.45181,0.2019,0.043341,0.010015,0.082478,0.081206,0.11666,0.1532,0.17673,0.36959,0.82842,0.8781,0.85705,0.49141,130.22,8.3379,1.7837,3.1203,2.1533,2.1533,3.1203,1.7837,8.3379,29.459,5.52,5.5062,5.6603,5.8993,9.2115,10.891,11.277,0.16844,0.0092743,-0.02092,-0.23636,-0.68085,0.12456,-0.37436,-0.50722,-1.8859,4.055,0,2.4271,2.713,1.3563,1,0.43979,0.21264,0.14392,0.079661,0.064552,0.16131,0.20858,0.26498,0.33581,0.49343,0.53971,0.84566,0.9602,0.52564,307.06,17.657,2.7006,6.8584,5.0809,5.0809,6.8584,2.7006,17.657,27.859,20.165,20.172,20.01,20.326,19.363,19.418,20.092,0.30026,-0.0074725,0.00234,0.052452,0.24676,-0.051629,-0.49058,-0.90115,-3.3618,7.1898,0,6.9683,6.3972,3.8206,1,0.26568,0.016597,0.0091627,0.0013103,0.0099863,0.024372,0.026316,0.011502,0.0036942,0.9862,0.99458,0.95205,0.9615,0.52609
381.88,155.93,101.47,73.626,20.718,20.718,73.626,101.47,155.93,355.18,1.2308,19.179,-137.07,-10.228,-5.3267,-3.1094,2.0684,0.052031,2.199,74.262,-4.6938,-0.2898,-5.2767,-2.3293,0.2225,-0.58254,15.75,124.5,0.53125,7.9557,600.67,1,0.1972,0.0062781,0.14256,0.15721,0.010801,0.0031871,0.01912,0.035206,0.035972,0.26177,0.085174,0.021486,0.033746,0.0070281,381.88,155.93,101.47,73.626,20.718,20.718,73.626,101.47,155.93,355.18,1.2308,19.179,-137.07,-10.228,-5.3267,-3.1094,2.0684,0.052031,2.199,74.262,-4.6938,-0.2898,-5.2767,-2.3293,0.2225,-0.58254,15.75,124.5,0.53125,7.9557,600.67,1,0.1972,0.0062781,0.14256,0.15721,0.010801,0.0031871,0.01912,0.035206,0.035972,0.26177,0.085174,0.021486,0.033746,0.0070281,381.88,155.93,101.47,73.626,20.718,20.718,73.626,101.47,155.93,355.18,1.2308,19.179,-137.07,-10.228,-5.3267,-3.1094,2.0684,0.052031,2.199,74.262,-4.6938,-0.2898,-5.2767,-2.3293,0.2225,-0.58254,15.75,124.5,0.53125,7.9557,600.67,1,0.1972,0.0062781,0.14256,0.15721,0.010801,0.0031871,0.01912,0.035206,0.035972,0.26177,0.085174,0.021486,0.033746,0.0070281,637.13,363.65,16.852,37.888,56.107,56.107,37.888,16.852,363.65,586.81,-5.2268,-7.16,-0.030729,84.133,119.62,37.212,-11.673,-0.055983,0.18735,-6.5948,-26.934,74.545,51.977,-13.237,2.2921,0.62679,113.63,37.625,5.9063,13.273,862.9,1,0.062449,0.19335,0.15351,0.14943,0.29842,0.2419,0.14476,0.38611,0.22043,0.029353,0.2886,0.33295,0.22332,0.022858,637.13,363.65,16.852,37.888,56.107,56.107,37.888,16.852,363.65,586.81,-5.2268,-7.16,-0.030729,84.133,119.62,37.212,-11.673,-0.055983,0.18735,-6.5948,-26.934,74.545,51.977,-13.237,2.2921,0.62679,113.63,37.625,5.9063,13.273,862.9,1,0.062449,0.19335,0.15351,0.14943,0.29842,0.2419,0.14476,0.38611,0.22043,0.029353,0.2886,0.33295,0.22332,0.022858,637.13,363.65,16.852,37.888,56.107,56.107,37.888,16.852,363.65,586.81,-5.2268,-7.16,-0.030729,84.133,119.62,37.212,-11.673,-0.055983,0.18735,-6.5948,-26.934,74.545,51.977,-13.237,2.2921,0.62679,113.63,37.625,5.9063,13.273,862.9,1,0.062449,0.19335,0.15351,0.14943,0.29842,0.2419,0.14476,0.38611,0.22043,0.029353,0.2886,0.33295,0.22332,0.022858,37,8.3938,30.64,19,26.613,26.613,19,30.64,8.3938,21.64,-2.2926,-2.749,-3.0891,5.5794,-6.181,-5.7688,-1.5049,-0.10456,0.43877,-0.25131,0.40313,-5.5273,0.085485,1.9606,-1.1577,1.1707,9,7,0.5,0.77083,10.904,1,0.00042939,0.13986,0.10922,0.0049723,0.0097463,0.059526,0.10238,0.057131,0.021488,0.21212,0.2963,0.46667,0.2716,0.12346,70,10.344,139.96,78.352,92.672,92.672,78.352,139.96,10.344,49.911,-3.7139,-3.0862,-2.6384,1.2101,-31.166,13.598,-4.0701,-0.12941,-1.14,-1.4301,2.5051,14.028,3.9035,-0.86752,-0.84128,1.4489,30,58,0,1.4583,160.34,1,0.10709,0.088248,0.141,0.045353,0.17285,0.10424,0.031309,0.039532,0.05036,0.028213,0.02682,0.32241,0.12069,0.042146,7.3096,2.0722,0.65983,0.93964,0.16772,0.16772,0.93964,0.65983,2.0722,12.033,2.7387,2.7266,2.7712,0.044611,-0.26932,-0.37261,-0.5395,-0.0067169,-0.00023636,-0.045908,-0.24823,-0.075544,0.011187,-0.0011783,0.044286,0.075204,1.0718,0.37598,0.080811,0.15228,0.21419,1,0.77769,0.58139,0.38963,0.19114,0.027774,0.093972,0.088043,0.11237,0.14026,0.89538,0.15692,0.094123,0.15196,0.094305,29.947,1.866,0.19817,0.48676,0.44279,0.44279,0.48676,0.19817,1.866,8.0886,-0.5787,-0.52274,-0.94078,-2.1427,-2.3625,-2.3058,-2.4405,-0.037107,-0.0043767,0.19435,-0.087764,-0.097541,-0.021957,0.050816,0.099997,0.41546,0,0.87354,0.80396,0.62389,0.090166,1,0.48573,0.2661,0.15266,0.022358,0.070005,0.11598,0.16226,0.18771,0.19678,0.3394,0.86442,0.95361,0.941,0.52935,122.67,6.0933,1.6287,2.698,2.0926,2.0926,2.698,1.6287,6.0933,30.596,5.0278,5.0304,4.9616,5.2475,9.0287,10.462,10.785,0.16034,0.00056938,0.011715,-0.076357,0.014646,0.17386,-0.30314,-0.4963,-1.7952,3.9165,0,2.6392,2.5557,1.331,1,0.48327,0.26589,0.17806,0.09989,0.040079,0.16063,0.22718,0.28269,0.34009,0.45138,0.50017,0.85948,0.9555,0.51791,305.61,18.081,2.7291,7.0061,4.9526,4.9526,7.0061,2.7291,18.081,26.219,19.92,19.913,19.957,19.915,19.027,19.632,20.255,0.30254,0.00064534,-0.022908,0.034562,-0.0646,0.11498,-0.47523,-0.91082,-3.3873,7.0915,0,6.9712,6.3669,3.7787,1,0.2565,0.0033841,0.0064185,0.019581,0.029622,0.043819,0.047381,0.031471,0.013294,0.99399,0.99009,0.95554,0.98444,0.53725
414.75,167.83,91.333,13.407,36.406,36.406,13.407,91.333,167.83,348.66,-2.99,16.949,-122.87,-31.666,-3.8223,-8.9159,1.2156,0.10086,-0.29229,73.447,-19.192,12.457,6.7529,-4.6208,1.18,-1.1293,12.25,90.5,1.4375,8.6406,509.38,1,0.20469,0.10076,0.13064,0.13006,0.056757,0.019287,0.015105,0.072177,0.061521,0.31931,0.1448,0.04482,0.054711,0.017879,414.75,167.83,91.333,13.407,36.406,36.406,13.407,91.333,167.83,348.66,-2.99,16.949,-122.87,-31.666,-3.8223,-8.9159,1.2156,0.10086,-0.29229,73.447,-19.192,12.457,6.7529,-4.6208,1.18,-1.1293,12.25,90.5,1.4375,8.6406,509.38,1,0.20469,0.10076,0.13064,0.13006,0.056757,0.019287,0.015105,0.072177,0.061521,0.31931,0.1448,0.04482,0.054711,0.017879,414.75,167.83,91.333,13.407,36.406,36.406,13.407,91.333,167.83,348.66,-2.99,16.949,-122.87,-31.666,-3.8223,-8.9159,1.2156,0.10086,-0.29229,73.447,-19.192,12.457,6.7529,-4.6208,1.18,-1.1293,12.25,90.5,1.4375,8.6406,509.38,1,0.20469,0.10076,0.13064,0.13006,0.056757,0.019287,0.015105,0.072177,0.061521,0.31931,0.1448,0.04482,0.054711,0.017879,748.94,328.24,171.13,29.205,124.21,124.21,29.205,171.13,328.24,745.81,3.1517,3.9676,3.6681,0.9352,217.87,63.602,-23.627,0.074583,-0.87922,0.13552,9.4363,34.973,14.847,2.9074,7.4442,-0.83504,173.19,37.688,2.125,15.603,1415.2,1,0.27294,0.2516,0.10328,0.017986,0.3239,0.23477,0.30363,0.34652,0.20916,0.0094813,0.018445,0.38971,0.16103,0.053611,748.94,328.24,171.13,29.205,124.21,124.21,29.205,171.13,328.24,745.81,3.1517,3.9676,3.6681,0.9352,217.87,63.602,-23.627,0.074583,-0.87922,0.13552,9.4363,34.973,14.847,2.9074,7.4442,-0.83504,173.19,37.688,2.125,15.603,1415.2,1,0.27294,0.2516,0.10328,0.017986,0.3239,0.23477,0.30363,0.34652,0.20916,0.0094813,0.018445,0.38971,0.16103,0.053611,748.94,328.24,171.13,29.205,124.21,124.21,29.205,171.13,328.24,745.81,3.1517,3.9676,3.6681,0.9352,217.87,63.602,-23.627,0.074583,-0.87922,0.13552,9.4363,34.973,14.847,2.9074,7.4442,-0.83504,173.19,37.688,2.125,15.603,1415.2,1,0.27294,0.2516,0.10328,0.017986,0.3239,0.23477,0.30363,0.34652,0.20916,0.0094813,0.018445,0.38971,0.16103,0.053611,46,42.312,21.982,17,10.81,10.81,17,21.982,42.312,28.841,-11.724,-10.825,-3.6869,2.4732,-1.1341,-4.3423,-4.788,-0.20046,-1.2685,-0.8446,4.1335,2.3975,7.0285,4.9453,-1.7096,2.2444,5,10,0.5,0.95833,9.0195,1,0.082256,0.076785,0.021792,0.068864,0.25177,0.011049,0.18049,0.18977,0.056795,0.24545,0.26667,0.24,0.23333,0.17778,29,80.633,28.061,58.898,37.326,37.326,58.898,28.061,80.633,7.6802,-0.25998,1.5985,-1.523,-1.1899,-8.0421,6.8217,-8.2873,0.023684,-1.2828,2.6908,-1.5699,7.0509,17.922,7.7281,2.5741,-0.26517,26,22,0,0.60417,48.585,1,0.13645,0.16386,0.043817,0.0025335,0.042135,0.18229,0.0035338,0.049033,0.077243,0.083916,0.11966,0.28462,0.23932,0.089744,6.5112,0.80639,0.54422,1.6878,0.81449,0.81449,1.6878,0.54422,0.80639,12.028,2.7232,2.7152,2.779,0.14649,-0.11006,-0.21485,-1.1381,-0.023562,0.0048037,-0.013873,-0.2744,-0.05128,-0.0051737,0.40929,-0.046774,0.2638,1.0405,0.82471,0.035156,0.13565,0.25444,1,0.73211,0.5182,0.35535,0.19112,0.021894,0.028075,0.035275,0.052641,0.078197,0.92731,0.11179,0.053214,0.14146,0.29256,29.576,1.7385,0.12292,0.61906,0.68415,0.68415,0.61906,0.12292,1.7385,7.7767,-0.58705,-0.52434,-0.98254,-2.165,-2.2895,-2.2767,-2.3592,-0.035731,-0.000691,0.23173,-0.14734,-0.059598,-0.030198,0.072574,0.098757,0.40005,0,0.91699,0.78442,0.61616,0.086331,1,0.48005,0.24825,0.14215,0.015048,0.087079,0.12206,0.15315,0.17773,0.18272,0.32462,0.83753,0.88642,0.87357,0.49089,111.31,8.2692,1.6743,2.4448,2.1173,2.1173,2.4448,1.6743,8.2692,29.098,4.6235,4.6272,4.5849,4.348,7.2699,9.9591,10.471,0.15756,-0.0033797,0.002634,-0.051989,-0.89837,0.38793,-0.2627,-0.45352,-1.7641,3.8127,0,1.7802,2.3189,1.2647,1,0.49463,0.27773,0.20516,0.10393,0.085656,0.15122,0.22481,0.3136,0.3536,0.42706,0.43135,0.75087,0.9362,0.51993,307.98,18.096,2.628,7.0364,5.0042,5.0042,7.0364,2.628,18.096,26.264,19.853,19.854,19.917,19.941,19.206,19.895,20.649,0.30766,0.0015678,0.0099648,0.067666,0.09509,-0.19859,-0.44642,-0.93997,-3.4446,7.2454,0,7.0231,6.4162,3.8336,1,0.24939,0.0079906,0.021173,0.030693,0.052715,0.053807,0.037233,0.019979,0.0060673,0.97058,0.97028,0.94382,0.9822,0.53555
322.69,90.231,39.967,50.871,54.221,54.221,50.871,39.967,90.231,266.7,-2.2825,10.188,-87.981,-28.812,-0.15953,-11.344,2.3276,0.058097,0.83008,49.288,-32.824,12.116,10.942,0.26943,0.2436,-0.65046,6.4375,66.313,0.75,6.7227,271.61,1,0.41264,0.044336,0.16727,0.20167,0.063685,0.036106,0.031215,0.055316,0.047817,0.25662,0.23029,0.042696,0.074668,0.016651,322.69,90.231,39.967,50.871,54.221,54.221,50.871,39.967,90.231,266.7,-2.2825,10.188,-87.981,-28.812,-0.15953,-11.344,2.3276,0.058097,0.83008,49.288,-32.824,12.116,10.942,0.26943,0.2436,-0.65046,6.4375,66.313,0.75,6.7227,271.61,1,0.41264,0.044336,0.16727,0.20167,0.063685,0.036106,0.031215,0.055316,0.047817,0.25662,0.23029,0.042696,0.074668,0.016651,322.69,90.231,39.967,50.871,54.221,54.221,50.871,39.967,90.231,266.7,-2.2825,10.188,-87.981,-28.812,-0.15953,-11.344,2.3276,0.058097,0.83008,49.288,-32.824,12.116,10.942,0.26943,0.2436,-0.65046,6.4375,66.313,0.75,6.7227,271.61,1,0.41264,0.044336,0.16727,0.20167,0.063685,0.036106,0.031215,0.055316,0.047817,0.25662,0.23029,0.042696,0.074668,0.016651,598.94,346.97,85.066,160.98,86.415,86.415,160.98,85.066,346.97,664.31,-3.2162,-4.702,8.9164,19.968,161.92,66.992,-42.612,-0.10005,-0.023271,-5.6221,6.993,79.829,16.624,-47.928,9.9243,1.1202,124.81,57.563,2.4375,12.478,1319.4,1,0.14749,0.20622,0.035245,0.097752,0.23993,0.41305,0.2107,0.24996,0.17969,0.020531,0.049407,0.46355,0.3552,0.04746,598.94,346.97,85.066,160.98,86.415,86.415,160.98,85.066,346.97,664.31,-3.2162,-4.702,8.9164,19.968,161.92,66.992,-42.612,-0.10005,-0.023271,-5.6221,6.993,79.829,16.624,-47.928,9.9243,1.1202,124.81,57.563,2.4375,12.478,1319.4,1,0.14749,0.20622,0.035245,0.097752,0.23993,0.41305,0.2107,0.24996,0.17969,0.020531,0.049407,0.46355,0.3552,0.04746,598.94,346.97,85.066,160.98,86.415,86.415,160.98,85.066,346.97,664.31,-3.2162,-4.702,8.9164,19.968,161.92,66.992,-42.612,-0.10005,-0.023271,-5.6221,6.993,79.829,16.624,-47.928,9.9243,1.1202,124.81,57.563,2.4375,12.478,1319.4,1,0.14749,0.20622,0.035245,0.097752,0.23993,0.41305,0.2107,0.24996,0.17969,0.020531,0.049407,0.46355,0.3552,0.04746,45,42.199,2.0752,10.536,12.09,12.09,10.536,2.0752,42.199,5.5209,-0.94743,-1.3985,-2.2106,-4.2123,-0.51802,-3.0198,-5.6295,0.067878,0.22213,-0.94816,-3.8906,-7.7437,-4.7733,-1.5917,2.5217,-0.75997,9,16,0,0.9375,19.294,1,0.032958,0.013694,0.050973,0.040565,0.16802,0.051907,0.097319,0.19892,0.019557,0.068182,0.26389,0.2,0.28472,0.069444,24,31.237,32.889,39.154,44.329,44.329,39.154,32.889,31.237,0.57489,0.75246,0.15917,-0.29446,-4.6579,-0.078516,-0.26373,-3.8043,0.12709,0.22763,-1.4609,1.5741,6.8997,9.2028,-12.91,2.9165,-1.4229,13,42,0,0.5,66.979,1,0.071077,0.09379,0.018504,0.28057,0.050032,0.031449,0.064009,0.040025,0.1007,0.038961,0.055556,0.22143,0.15873,0.058201,2.2583,0.97765,0.86303,0.13641,0.66575,0.66575,0.13641,0.86303,0.97765,8.6567,2.7497,2.9557,1.1777,-0.21432,-0.44544,-0.45362,-0.44227,-0.0064417,-0.011763,0.72995,-0.36291,0.059095,-0.039396,0.023219,0.022343,0.072123,1.0688,0.21924,0.10107,0.047048,0.14111,1,0.65312,0.38555,0.13182,0.027343,0.0066919,0.013962,0.048035,0.086167,0.13398,0.58811,0.075783,0.15811,0.14106,0.078118,33.212,1.0641,0.4945,0.69988,0.44524,0.44524,0.69988,0.4945,1.0641,6.1,-0.70756,-0.68468,-1.7703,-2.3261,-2.3404,-2.3657,-2.4657,-0.037097,-0.018864,0.022928,-0.10755,-0.066123,-0.022209,0.06779,0.10688,0.41535,0,0.89111,0.82031,0.69191,0.07082,1,0.31418,0.064754,0.031229,0.021589,0.077567,0.079909,0.09273,0.14326,0.12227,0.58167,0.92317,0.93923,0.94113,0.52231,103.79,7.1674,1.7064,2.5095,1.9681,1.9681,2.5095,1.7064,7.1674,29.948,3.9328,3.9277,3.9136,3.8554,7.0222,9.4772,10.021,0.14961,0.0026809,-0.010233,-0.014008,-0.7283,0.28234,-0.1813,-0.45162,-1.6751,3.5983,0,1.6776,2.1623,1.2316,1,0.53211,0.32383,0.2457,0.1307,0.052514,0.13492,0.21587,0.30368,0.36486,0.38535,0.40905,0.76361,0.95179,0.52465,304.25,18.073,2.6193,6.8177,5.0859,5.0859,6.8177,2.6193,18.073,25.633,19.837,19.839,19.839,19.851,18.895,19.446,20.286,0.30388,-0.0023594,-0.0015451,0.040311,0.13625,-0.22676,-0.49815,-0.89915,-3.4023,7.0718,0,6.9392,6.3385,3.7456,1,0.25003,0.005427,0.014899,0.021225,0.041532,0.044801,0.027995,0.011053,0.0021052,0.99152,0.98824,0.94935,0.98449,0.54085
346.5,76.982,36.914,47.864,46.094,46.094,47.864,36.914,76.982,285.12,-14.772,-31.305,-85.177,-6.5681,-12.249,3.5585,-0.72444,0.018701,0.1769,-61.117,26.328,-5.4036,4.3155,-1.8391,0.47329,-0.20938,8.875,58.813,2.1563,7.2188,252.59,1,0.42688,0.20303,0.0026334,0.069468,0.025048,0.034495,0.043581,0.02836,0.041917,0.47464,0.062935,0.10723,0.037076,0.009092,346.5,76.982,36.914,47.864,46.094,46.094,47.864,36.914,76.982,285.12,-14.772,-31.305,-85.177,-6.5681,-12.249,3.5585,-0.72444,0.018701,0.1769,-61.117,26.328,-5.4036,4.3155,-1.8391,0.47329,-0.20938,8.875,58.813,2.1563,7.2188,252.59,1,0.42688,0.20303,0.0026334,0.069468,0.025048,0.034495,0.043581,0.02836,0.041917,0.47464,0.062935,0.10723,0.037076,0.009092,346.5,76.982,36.914,47.864,46.094,46.094,47.864,36.914,76.982,285.12,-14.772,-31.305,-85.177,-6.5681,-12.249,3.5585,-0.72444,0.018701,0.1769,-61.117,26.328,-5.4036,4.3155,-1.8391,0.47329,-0.20938,8.875,58.813,2.1563,7.2188,252.59,1,0.42688,0.20303,0.0026334,0.069468,0.025048,0.034495,0.043581,0.02836,0.041917,0.47464,0.062935,0.10723,0.037076,0.009092,527.75,437.55,102.94,39.946,95.266,95.266,39.946,102.94,437.55,550.75,-6.621,-8.6366,31.811,132.36,43.349,-13.197,-2.4477,-0.11511,-0.24341,-8.3281,39.769,102.32,-2.667,1.6889,-1.0625,1.2888,86.688,82.5,0.625,10.995,999.44,1,0.026577,0.04558,0.3279,0.069748,0.21998,0.14091,0.12152,0.15784,0.12487,0.079177,0.44148,0.6173,0.064408,0.016102,527.75,437.55,102.94,39.946,95.266,95.266,39.946,102.94,437.55,550.75,-6.621,-8.6366,31.811,132.36,43.349,-13.197,-2.4477,-0.11511,-0.24341,-8.3281,39.769,102.32,-2.667,1.6889,-1.0625,1.2888,86.688,82.5,0.625,10.995,999.44,1,0.026577,0.04558,0.3279,0.069748,0.21998,0.14091,0.12152,0.15784,0.12487,0.079177,0.44148,0.6173,0.064408,0.016102,527.75,437.55,102.94,39.946,95.266,95.266,39.946,102.94,437.55,550.75,-6.621,-8.6366,31.811,132.36,43.349,-13.197,-2.4477,-0.11511,-0.24341,-8.3281,39.769,102.32,-2.667,1.6889,-1.0625,1.2888,86.688,82.5,0.625,10.995,999.44,1,0.026577,0.04558,0.3279,0.069748,0.21998,0.14091,0.12152,0.15784,0.12487,0.079177,0.44148,0.6173,0.064408,0.016102,53,26.602,43.303,33.151,21.3,21.3,33.151,43.303,26.602,36.656,3.6602,2.9839,-1.1158,-3.3291,-11.798,-1.6957,-1.2429,-0.028018,-0.2159,-3.2385,-12.237,-0.31923,3.6195,-2.4608,-0.085215,0.31369,8,18,0,1.1042,16.861,1,0.020809,0.017887,0.037058,0.042938,0.11225,0.054804,0.039573,0.044648,0.077011,0.12121,0.2963,0.20556,0.080247,0.0061728,136,73.841,59.795,79.303,131.61,131.61,79.303,59.795,73.841,75.033,-29.958,-31.239,1.6758,-9.9838,-24.836,-7.5905,2.4105,0.18746,3.6896,7.4289,-0.35022,-6.5551,15.501,-12.057,2.1525,-2.0988,18,55,0,2.8333,138.14,1,0.26657,0.24828,0.027317,0.015569,0.062968,0.015513,0.033149,0.21178,0.020784,0.066116,0.18586,0.17636,0.16768,0.076768,5.1313,1.2951,0.7867,0.93772,0.48298,0.48298,0.93772,0.7867,1.2951,11.009,2.7166,2.8089,2.2045,-0.15748,-0.21063,-0.60634,-0.46972,-0.0054254,0.009349,0.37572,-0.48549,0.013801,0.072093,-0.11259,0.044869,0.060744,1.0752,0.56104,0.068848,0.1069,0.19188,1,0.7302,0.52057,0.30079,0.094789,0.016853,0.042634,0.054076,0.07726,0.10365,0.78734,0.061913,0.093551,0.20663,0.064083,31.458,1.7323,1.1097,0.28213,0.26919,0.26919,0.28213,1.1097,1.7323,7.2742,-0.68599,-0.6046,-1.3219,-2.2241,-2.3547,-2.3579,-2.4585,-0.036341,0.0086009,0.33224,-0.10266,-0.016705,0.036769,0.024851,0.11623,0.40688,0,0.99268,0.81592,0.65538,0.083568,1,0.41713,0.18779,0.065498,0.016235,0.083612,0.10994,0.12593,0.13427,0.17325,0.39217,0.79521,0.83797,0.85211,0.46341,108.99,6.4227,1.6822,2.2049,1.6567,1.6567,2.2049,1.6822,6.4227,29.44,3.6209,3.6245,3.4717,6.028,8.995,8.7605,9.0715,0.13511,-0.00045383,0.011901,-0.71543,0.51067,-0.078042,-0.21393,-0.41375,-1.5127,3.3694,0,3.0124,2.2706,1.099,1,0.51416,0.3007,0.20683,0.10463,0.049117,0.13469,0.18978,0.263,0.32536,0.38661,0.64625,0.94114,0.92332,0.50629,303.82,17.848,2.813,6.8546,5.022,5.022,6.8546,2.813,17.848,26.888,19.968,19.95,20.078,19.176,19.764,19.2,19.949,0.2994,0.002265,-0.060215,0.37951,-0.34281,-0.056882,-0.5505,-0.87579,-3.3521,7.167,0,6.8401,6.3296,3.7427,1,0.25869,0.0072601,0.0017737,0.002543,0.010891,0.018515,0.022958,0.029615,0.053246,0.98472,0.95104,0.97139,0.95066,0.52563
