0,0,0,0,0,0,0,0,0,0,0,0,0,0,0,0,0,0,0,0,0,0,0,0,0,0,0,0,0,0,0,0,0,0,0,0,0,0,0,0,0,0,0,0,0,0,0,0,0,0,0,0,0,0,0,0,0,0,0,0,0,0,0,0,0,0,0,0,0,0,0,0,0,0,0,0,0,0,0,0,0,0,0,0,0,0,0,0,0,0,0,0,0,0,0,0,0,0,0,0,0,0,0,0,0,0,0,0,0,0,0,0,0,0,0,0,0,0,0,0,0,0,0,0,0,0,0,0,0,0,0,0,0,0,0,0,0,0,0,0,0,0,0,0,0,0,0,0,0,0,0,0,0,0,0,0,0,0,0,0,0,0,0,0,0,0,0,0,0,0,0,0,0,0,0,0,0,0,0,0,0,0,0,0,0,0,0,0,0,0,0,0,0,0,0,0,0,0,0,0,0,0,0,0,0,0,0,0,0,0,0,0,0,0,0,0,0,0,0,0,0,0,0,0,0,0,0,0,0,0,0,0,0,0,0,0,0,0,0,0,0,0,0,0,0,0,0,0,0,0,0,0,0,0,0,0,0,0,0,0,0,0,0,0,0,0,0,0,0,0,0,0,0,0,0,0,0,0,0,0,0,0,0,0,0,0,0,0,0,0,0,0,0,0,0,0,0,0,0,0,0,0,0,0,0,0,0,0,0,0,0,0,0,0,0,0,0,0,0,0,0,0,0,0,0,0,0,0,0,0,0,0,0,0,0,0,0,0,0,0,0,0,0,0,0,0,0,0,0,0,0,0,0,0,0,0,0,0,0,0,0,0,0,0,0,0,0,0,41.274,2.4911,0.38985,0.94825,0.63521,0.63521,0.94825,0.38985,2.4911,3.7207,2.6522,2.652,2.6535,2.6588,2.6527,2.6302,2.7554,0.041474,0.00060095,0.0012417,-0.0063015,0.010293,-0.00038104,-0.062386,-0.11919,-0.46435,0.9541,0,0.9375,0.85988,0.068682,1,0.24548,0.0070329,0.012229,0.019249,0.024941,0.021577,0.0265,0.03263,0.036859,0.98386,0.98533,0.98168,0.983,0.54509,4.6123,0.40013,0.034152,0.14288,0.05203,0.05203,0.14288,0.034152,0.40013,0.4104,-0.31023,-0.31079,-0.31326,-0.31175,-0.2901,-0.2719,-0.29604,-0.0051521,0.00072787,0.00034784,0.0050376,0.00046367,0.020237,0.007331,0.0024117,0.057683,0,0.12158,0.10791,0.09609,0.00095159,1,0.18136,0.022664,0.11509,0.089606,0.045613,0.052989,0.098247,0.053559,0.029066,0.91311,0.90138,0.82048,0.80634,0.4797,0,0,0,0,0,0,0,0,0,0,0,0,0,0,0,0,0,0,0,0,0,0,0,0,0,0,0,0,0,0,0,0,0,0,0,0,0,0,0,0,0,0,0,0,0,0,0,0,0,0,0,0,0,0,0,0,0,0,0,0,0,0,0,0,0,0,0,0,0,0,0,0,0,0,0,0,0,0,0,0,0,0,0,0,0,0,0,0,0,0,0,0
5.125,87.614,22.974,6.6285,3.9931,3.9931,6.6285,22.974,87.614,18.227,-0.36633,0.58039,-3.2621,1.9969,1.0519,2.1302,-0.59745,-0.050855,0.14257,4.005,8.2088,9.3008,12.54,-0.69061,-0.59909,0.56938,9.9375,6.75,0.25,0.10677,13.725,1,0.57723,0.42592,0.48896,0.31461,0.46465,0.14034,0.33803,0.1389,0.26709,0.15609,0.33683,0.48113,0.25646,0.034242,5.125,87.614,22.974,6.6285,3.9931,3.9931,6.6285,22.974,87.614,18.227,-0.36633,0.58039,-3.2621,1.9969,1.0519,2.1302,-0.59745,-0.050855,0.14257,4.005,8.2088,9.3008,12.54,-0.69061,-0.59909,0.56938,9.9375,6.75,0.25,0.10677,13.725,1,0.57723,0.42592,0.48896,0.31461,0.46465,0.14034,0.33803,0.1389,0.26709,0.15609,0.33683,0.48113,0.25646,0.034242,5.125,87.614,22.974,6.6285,3.9931,3.9931,6.6285,22.974,87.614,18.227,-0.36633,0.58039,-3.2621,1.9969,1.0519,2.1302,-0.59745,-0.050855,0.14257,4.005,8.2088,9.3008,12.54,-0.69061,-0.59909,0.56938,9.9375,6.75,0.25,0.10677,13.725,1,0.57723,0.42592,0.48896,0.31461,0.46465,0.14034,0.33803,0.1389,0.26709,0.15609,0.33683,0.48113,0.25646,0.034242,80.875,336.62,6.6538,11.321,8.7009,8.7009,11.321,6.6538,336.62,76.744,-2.4287,-6.5239,8.5419,-7.2164,1.3863,-24.272,-2.328,0.033668,0.18423,-14.674,-47.891,-63.873,-41.194,6.3988,1.1264,-0.37695,33,32.75,0.34375,1.6849,218.14,1,0.53842,0.64048,0.3767,0.51613,0.43749,0.15359,0.26756,0.088896,0.12958,0.13877,0.55408,0.64905,0.095328,0.019571,80.875,336.62,6.6538,11.321,8.7009,8.7009,11.321,6.6538,336.62,76.744,-2.4287,-6.5239,8.5419,-7.2164,1.3863,-24.272,-2.328,0.033668,0.18423,-14.674,-47.891,-63.873,-41.194,6.3988,1.1264,-0.37695,33,32.75,0.34375,1.6849,218.14,1,0.53842,0.64048,0.3767,0.51613,0.43749,0.15359,0.26756,0.088896,0.12958,0.13877,0.55408,0.64905,0.095328,0.019571,80.875,336.62,6.6538,11.321,8.7009,8.7009,11.321,6.6538,336.62,76.744,-2.4287,-6.5239,8.5419,-7.2164,1.3863,-24.272,-2.328,0.033668,0.18423,-14.674,-47.891,-63.873,-41.194,6.3988,1.1264,-0.37695,33,32.75,0.34375,1.6849,218.14,1,0.53842,0.64048,0.3767,0.51613,0.43749,0.15359,0.26756,0.088896,0.12958,0.13877,0.55408,0.64905,0.095328,0.019571,28,4.8284,11.593,6.0828,11.457,11.457,6.0828,11.593,4.8284,13.31,2.0282,2.5878,0.33494,-2.3105,-2.2539,0.086688,-6.6449,-0.044194,-0.98137,-1.159,-0.21621,2.0559,-0.69294,-1.9452,1.1208,0.4948,4,5,0,0.58333,3.6099,1,0.14821,0.13576,0.052268,0.14772,0.15029,0.047233,0.11035,0.18296,0.14702,0.32727,0.24444,0.32,0.28889,0.17778,18,21.333,25.334,3.6621e-15,15.175,15.175,3.6621e-15,25.334,21.333,28.687,6.4618,4.522,4.3904,-0.45289,-4.3065,-1.3093,-5.2818,0,-0.13935,-7.7006,-3.5606,1.0521,0.44976,1.1869,1.4153,0,16,8,0,0.375,11.176,1,0.031741,0.11462,0.24301,0.17376,0.15838,0.092396,0.058306,0.01648,0.13077,0.19318,0.15278,0.1125,0.055556,0.069444,41.305,2.3441,0.32015,0.92535,0.64671,0.64671,0.92535,0.32015,2.3441,3.7028,2.6631,2.6626,2.6563,2.6528,2.6542,2.6336,2.7616,0.04134,0.00066921,0.00037823,0.010542,0.00067227,0.025394,-0.063218,-0.12283,-0.46285,0.95801,0,0.93848,0.86051,0.068803,1,0.24666,0.0079347,0.016503,0.023497,0.015979,0.020142,0.038355,0.042887,0.034841,0.97998,0.97939,0.98201,0.97905,0.54327,4.2788,0.17798,0.031086,0.14513,0.070557,0.070557,0.14513,0.031086,0.17798,0.28005,-0.29944,-0.29908,-0.31777,-0.25483,-0.26205,-0.25748,-0.28018,-0.0047837,-0.00070969,-0.001008,-0.038924,-0.017584,-0.017867,0.0063588,0.0036619,0.053559,0,0.11865,0.098633,0.089142,0.00092163,1,0.17262,0.024715,0.09059,0.0021032,0.025997,0.060648,0.070483,0.045841,0.031552,0.90385,0.77412,0.81029,0.76543,0.46228,53.804,17.543,11.849,9.946,17.13,17.13,9.946,11.849,17.543,47.071,18.136,19.969,8.6835,0.22138,0.35254,0.3973,0.29744,0.0045413,1.1481,10.641,-2.2671,0.046986,0.074458,-0.040539,-0.011905,-0.050845,9.9998,0,0.10199,1.1209,9.3634,1,0.36171,0.18176,0.022122,0.025377,0.032629,0.035253,0.037595,0.041584,0.046005,0.45572,0.0083659,0.013567,0.011741,0.005661,211.66,13.294,1.8637,4.769,3.4525,3.4525,4.769,1.8637,13.294,20.195,13.548,13.526,13.633,13.757,13.763,13.434,13.939,0.20955,7.064e-05,-0.081333,-0.056045,-0.0615,0.10122,-0.39719,-0.60672,-2.3462,4.935,0,4.7873,4.4096,1.8092,1,0.25644,0.0072243,0.0046523,0.0011154,0.0068325,0.010377,0.023281,0.047595,0.058756,0.97507,0.98619,0.98286,0.9618,0.53375
12.5,109.96,23.315,20.106,27.404,27.404,20.106,23.315,109.96,30.74,0.12887,0.82876,-5.5285,8.8718,1.9054,2.413,-3.3863,-0.097613,-0.13965,2.1498,1.1502,-11.763,-4.5181,-1.9068,-0.54982,1.0929,20.375,12,0.375,0.26042,30.527,1,0.34982,0.43302,0.24092,0.33309,0.37343,0.026426,0.20889,0.093259,0.16645,0.10708,0.36367,0.26104,0.15372,0.030334,12.5,109.96,23.315,20.106,27.404,27.404,20.106,23.315,109.96,30.74,0.12887,0.82876,-5.5285,8.8718,1.9054,2.413,-3.3863,-0.097613,-0.13965,2.1498,1.1502,-11.763,-4.5181,-1.9068,-0.54982,1.0929,20.375,12,0.375,0.26042,30.527,1,0.34982,0.43302,0.24092,0.33309,0.37343,0.026426,0.20889,0.093259,0.16645,0.10708,0.36367,0.26104,0.15372,0.030334,12.5,109.96,23.315,20.106,27.404,27.404,20.106,23.315,109.96,30.74,0.12887,0.82876,-5.5285,8.8718,1.9054,2.413,-3.3863,-0.097613,-0.13965,2.1498,1.1502,-11.763,-4.5181,-1.9068,-0.54982,1.0929,20.375,12,0.375,0.26042,30.527,1,0.34982,0.43302,0.24092,0.33309,0.37343,0.026426,0.20889,0.093259,0.16645,0.10708,0.36367,0.26104,0.15372,0.030334,56.125,392.93,38.416,38.557,27.016,27.016,38.557,38.416,392.93,91.229,-0.54045,-6.6266,13.199,-2.4359,15.755,-41.397,0.69642,0.084417,-0.11043,-23.079,-71.106,-49.161,4.794,10.783,1.0736,-0.94514,41.813,41.813,0.125,1.1693,359.63,1,0.40836,0.6996,0.1689,0.56777,0.35838,0.35603,0.18681,0.28227,0.017985,0.16918,0.52599,0.55007,0.3041,0.016442,56.125,392.93,38.416,38.557,27.016,27.016,38.557,38.416,392.93,91.229,-0.54045,-6.6266,13.199,-2.4359,15.755,-41.397,0.69642,0.084417,-0.11043,-23.079,-71.106,-49.161,4.794,10.783,1.0736,-0.94514,41.813,41.813,0.125,1.1693,359.63,1,0.40836,0.6996,0.1689,0.56777,0.35838,0.35603,0.18681,0.28227,0.017985,0.16918,0.52599,0.55007,0.3041,0.016442,56.125,392.93,38.416,38.557,27.016,27.016,38.557,38.416,392.93,91.229,-0.54045,-6.6266,13.199,-2.4359,15.755,-41.397,0.69642,0.084417,-0.11043,-23.079,-71.106,-49.161,4.794,10.783,1.0736,-0.94514,41.813,41.813,0.125,1.1693,359.63,1,0.40836,0.6996,0.1689,0.56777,0.35838,0.35603,0.18681,0.28227,0.017985,0.16918,0.52599,0.55007,0.3041,0.016442,12,17.147,7.8982,6.245,10.133,10.133,6.245,7.8982,17.147,7.2971,4.4714,3.5052,-1.1356,-0.77065,0.087538,-3.4589,0.53525,-0.032352,0.24613,-2.7914,1.0721,-0.552,-0.74728,-0.4597,-0.62638,0.36222,4,4,0,0.25,2.9149,1,0.21852,0.10812,0.014142,0.1802,0.13869,0.17245,0.040146,0.024635,0.0054745,0.36364,0.22222,0.35,0.44444,0.11111,40,13.784,3.6635,14.107,12.776,12.776,14.107,3.6635,13.784,9.2263,-8.6095,-7.8795,-2.9934,-3.3686,-2.089,-2.75,-0.49264,-0.0075074,-0.23312,1.9531,0.30301,1.4942,1.4102,-0.9275,0.01993,0.084054,3,4,1,0.83333,3.0355,1,0.309,0.17037,0.16686,0.14311,0.29322,0.25896,0.087227,0.15771,0.047118,0.47727,0.47222,0.325,0.38889,0.25,41.394,2.4252,0.37962,0.9502,0.69802,0.69802,0.9502,0.37962,2.4252,3.732,2.6626,2.6619,2.6628,2.6616,2.6625,2.6398,2.7639,0.041336,-0.0010438,-0.0060159,0.00040013,0.008803,-0.018666,-0.084527,-0.12352,-0.46281,0.95361,0,0.94092,0.86238,0.069089,1,0.24584,0.012396,0.01515,0.010158,0.022713,0.032483,0.031435,0.021693,0.030986,0.98711,0.98532,0.98602,0.98726,0.54844,4.5186,0.1903,0.029273,0.12582,0.04778,0.04778,0.12582,0.029273,0.1903,0.38078,-0.29425,-0.29447,-0.29557,-0.29018,-0.28509,-0.28514,-0.30491,-0.0043769,-0.00022928,-0.0015685,-0.012897,-0.0057385,-0.011569,-0.0061697,0.016362,0.049005,0,0.11963,0.10181,0.094137,0.00087153,1,0.24325,0.00092322,0.078494,0.073356,0.030176,0.027325,0.065934,0.053284,0.026611,0.86716,0.86304,0.84775,0.86485,0.46712,5.7546,0.069434,0.036444,0.10458,0.09564,0.09564,0.10458,0.036444,0.069434,0.71644,0.35046,0.35712,0.32474,0.3948,0.39015,0.37912,0.37514,0.0054543,-1.0863e-05,0.024833,0.055191,0.11252,-0.070434,0.001626,-0.019097,-0.061067,0.20962,0,0.1239,0.11989,0.0020687,1,0.14776,0.17051,0.034725,0.066827,0.12354,0.15788,0.001346,0.21141,0.22348,0.55381,0.65375,0.64655,0.67346,0.32785,209.44,12.488,1.8426,4.7451,3.4182,3.4182,4.7451,1.8426,12.488,20.052,13.409,13.394,13.497,13.505,13.617,13.423,13.759,0.20691,9.116e-05,-0.058501,0.06783,0.12924,0.24579,-0.43188,-0.59796,-2.3166,4.9265,0,4.7388,4.3633,1.7725,1,0.258,0.0093951,0.0071758,0.0037818,0.0053483,0.020621,0.045882,0.060069,0.049549,0.96559,0.97089,0.97976,0.95617,0.52775
3.375,91.517,19.156,10.565,4.002,4.002,10.565,19.156,91.517,15.173,0.12846,-0.62072,-0.84841,-0.010073,-0.20938,3.2951,-0.42819,0.011716,0.2653,-1.918,-12.951,-17.377,-7.8536,1.6279,0.28963,-0.13117,10.25,8.75,0,0.070313,17.65,1,0.5179,0.53616,0.31272,0.48333,0.36472,0.2952,0.24186,0.18391,0.14487,0.05765,0.479,0.47378,0.3645,0.03794,3.375,91.517,19.156,10.565,4.002,4.002,10.565,19.156,91.517,15.173,0.12846,-0.62072,-0.84841,-0.010073,-0.20938,3.2951,-0.42819,0.011716,0.2653,-1.918,-12.951,-17.377,-7.8536,1.6279,0.28963,-0.13117,10.25,8.75,0,0.070313,17.65,1,0.5179,0.53616,0.31272,0.48333,0.36472,0.2952,0.24186,0.18391,0.14487,0.05765,0.479,0.47378,0.3645,0.03794,3.375,91.517,19.156,10.565,4.002,4.002,10.565,19.156,91.517,15.173,0.12846,-0.62072,-0.84841,-0.010073,-0.20938,3.2951,-0.42819,0.011716,0.2653,-1.918,-12.951,-17.377,-7.8536,1.6279,0.28963,-0.13117,10.25,8.75,0,0.070313,17.65,1,0.5179,0.53616,0.31272,0.48333,0.36472,0.2952,0.24186,0.18391,0.14487,0.05765,0.479,0.47378,0.3645,0.03794,42.25,461.23,26.007,36.308,34.392,34.392,36.308,26.007,461.23,103.91,0.42082,0.32953,15.624,-5.9112,0.34924,-18.633,-6.3478,-0.0070045,0.096873,-0.020106,55.529,90.4,84.093,-10.514,1.5963,0.078423,44.938,43.188,0,0.88021,499.54,1,0.45584,0.72446,0.20421,0.61146,0.3264,0.35914,0.13454,0.25317,0.0069109,0.017575,0.66837,0.64687,0.41446,0.0069541,42.25,461.23,26.007,36.308,34.392,34.392,36.308,26.007,461.23,103.91,0.42082,0.32953,15.624,-5.9112,0.34924,-18.633,-6.3478,-0.0070045,0.096873,-0.020106,55.529,90.4,84.093,-10.514,1.5963,0.078423,44.938,43.188,0,0.88021,499.54,1,0.45584,0.72446,0.20421,0.61146,0.3264,0.35914,0.13454,0.25317,0.0069109,0.017575,0.66837,0.64687,0.41446,0.0069541,42.25,461.23,26.007,36.308,34.392,34.392,36.308,26.007,461.23,103.91,0.42082,0.32953,15.624,-5.9112,0.34924,-18.633,-6.3478,-0.0070045,0.096873,-0.020106,55.529,90.4,84.093,-10.514,1.5963,0.078423,44.938,43.188,0,0.88021,499.54,1,0.45584,0.72446,0.20421,0.61146,0.3264,0.35914,0.13454,0.25317,0.0069109,0.017575,0.66837,0.64687,0.41446,0.0069541,42,12.315,6.3642,30.05,5.7611,5.7611,30.05,6.3642,12.315,1.8482,-1.5003,-1.7376,-3.4736,-1.4616,-3.7026,-1.6137,-3.2184,-0.06037,0.3212,0.17736,5.2683,0.032352,1.0217,-3.2175,-0.038854,0.67592,4,5,1,0.875,3.1755,1,0.1429,0.2166,0.23189,0.13641,0.12772,0.049204,0.038526,0.2745,0.066583,0.41818,0.33333,0.26,0.35556,0.15556,16,28.854,4.3995,6.0828,9.5805,9.5805,6.0828,4.3995,28.854,11.506,1.7231,1.4685,-1.957,-2.1791,-2.7857,2.5308,-1.9399,0.044194,0.4135,0.41826,1.4285,4.3188,3.847,1.166,1.1795,-0.4948,4,4,0,0.33333,3.3333,1,0.21702,0.21418,0.19078,0.097872,0.038298,0.080142,0.27376,0.2234,0.13333,0.25,0.36111,0.4,0.41667,0.25,41.34,2.2738,0.32049,0.9048,0.67087,0.67087,0.9048,0.32049,2.2738,3.7443,2.6517,2.6505,2.6529,2.6592,2.6541,2.6458,2.7637,0.041359,0.0009074,-0.0015961,0.008281,0.02394,0.010625,-0.063765,-0.12312,-0.46307,0.96533,0,0.93652,0.86125,0.068945,1,0.24789,0.0065341,0.019748,0.022488,0.020914,0.029482,0.038684,0.033873,0.024424,0.9708,0.97342,0.97441,0.9764,0.53926,4.5054,0.29502,0.061721,0.11787,0.097826,0.097826,0.11787,0.061721,0.29502,0.35468,-0.31187,-0.31387,-0.31991,-0.30731,-0.26438,-0.2615,-0.29281,-0.0047116,0.0022302,-7.2942e-05,0.0081162,0.018865,0.00017676,-0.004294,0.0081219,0.052752,0,0.11816,0.10083,0.093862,0.00091388,1,0.25295,0.063474,0.063454,0.0078734,0.041375,0.049437,0.0031619,0.023249,0.026455,0.95793,0.90496,0.78347,0.82002,0.47016,7.4497,0.51194,0.08706,0.14117,0.10284,0.10284,0.14117,0.08706,0.51194,1.1914,0.38895,0.38876,0.38471,0.49065,0.55059,0.52216,0.49776,0.0070123,5.0904e-05,-0.00055763,-0.016928,-0.014682,-0.063569,0.015222,-0.028694,-0.078511,0.2139,0,0.16226,0.1552,0.0028002,1,0.351,0.10816,0.064097,0.0065696,0.15638,0.11842,0.019838,0.047054,0.1901,0.6456,0.81154,0.87967,0.87608,0.41559,208.21,11.138,1.9051,4.6746,3.3951,3.3951,4.6746,1.9051,11.138,19.879,13.311,13.314,13.343,13.408,13.493,13.47,13.679,0.20563,5.5209e-05,0.012671,0.21117,0.12632,-0.021385,-0.46809,-0.59566,-2.3023,4.8923,0,4.7047,4.3377,1.7525,1,0.25741,0.008409,0.007656,0.0058184,0.021057,0.049307,0.053827,0.033787,0.030136,0.96156,0.96903,0.97794,0.96943,0.52842
2.375,87.334,29.733,12.895,9.8648,9.8648,12.895,29.733,87.334,34.365,-0.84801,-0.46512,-0.86072,5.0285,2.2284,0.072796,-6.8679,-0.075714,0.085826,1.713,-1.1596,-11.022,-13.024,-3.328,0.70996,0.84771,12.625,6.5,0.40625,0.049479,18.876,1,0.44277,0.42834,0.15212,0.58638,0.36905,0.23349,0.097983,0.25264,0.14513,0.09991,0.38724,0.3995,0.29868,0.085809,2.375,87.334,29.733,12.895,9.8648,9.8648,12.895,29.733,87.334,34.365,-0.84801,-0.46512,-0.86072,5.0285,2.2284,0.072796,-6.8679,-0.075714,0.085826,1.713,-1.1596,-11.022,-13.024,-3.328,0.70996,0.84771,12.625,6.5,0.40625,0.049479,18.876,1,0.44277,0.42834,0.15212,0.58638,0.36905,0.23349,0.097983,0.25264,0.14513,0.09991,0.38724,0.3995,0.29868,0.085809,2.375,87.334,29.733,12.895,9.8648,9.8648,12.895,29.733,87.334,34.365,-0.84801,-0.46512,-0.86072,5.0285,2.2284,0.072796,-6.8679,-0.075714,0.085826,1.713,-1.1596,-11.022,-13.024,-3.328,0.70996,0.84771,12.625,6.5,0.40625,0.049479,18.876,1,0.44277,0.42834,0.15212,0.58638,0.36905,0.23349,0.097983,0.25264,0.14513,0.09991,0.38724,0.3995,0.29868,0.085809,45.313,465.56,44.349,15.042,7.9543,7.9543,15.042,44.349,465.56,87.758,4.5382,-2.2299,15.81,1.2153,2.7562,-31.291,0.21532,0.064269,-1.192,-29.204,-46.661,-3.9223,51.411,12.442,0.90173,-0.71957,43.938,39.625,0,0.94401,458.44,1,0.47221,0.7558,0.20849,0.66973,0.39049,0.41012,0.19729,0.31591,0.045197,0.21984,0.5976,0.54509,0.33871,0.017544,45.313,465.56,44.349,15.042,7.9543,7.9543,15.042,44.349,465.56,87.758,4.5382,-2.2299,15.81,1.2153,2.7562,-31.291,0.21532,0.064269,-1.192,-29.204,-46.661,-3.9223,51.411,12.442,0.90173,-0.71957,43.938,39.625,0,0.94401,458.44,1,0.47221,0.7558,0.20849,0.66973,0.39049,0.41012,0.19729,0.31591,0.045197,0.21984,0.5976,0.54509,0.33871,0.017544,45.313,465.56,44.349,15.042,7.9543,7.9543,15.042,44.349,465.56,87.758,4.5382,-2.2299,15.81,1.2153,2.7562,-31.291,0.21532,0.064269,-1.192,-29.204,-46.661,-3.9223,51.411,12.442,0.90173,-0.71957,43.938,39.625,0,0.94401,458.44,1,0.47221,0.7558,0.20849,0.66973,0.39049,0.41012,0.19729,0.31591,0.045197,0.21984,0.5976,0.54509,0.33871,0.017544,45,1.5403,14.324,9.6437,33.313,33.313,9.6437,14.324,1.5403,7.8717,-1.5855,-1.7764,-3.1885,-0.44453,-3.6243,-2.1503,-5.1799,-0.084054,-0.42778,-2.1283,1.4593,-2.9918,3.4138,0.11583,0.13316,0.94108,3,5,0,0.9375,4.4854,1,0.080103,0.0043544,0.20325,0.027109,0.087978,0.16992,0.079158,0.22291,0.066336,0.30909,0.35556,0.3,0.46667,0.26667,32,17.147,12.429,18.358,9.2324,9.2324,18.358,12.429,17.147,7.3189,-6.6073,-4.6612,-0.94468,-1.517,-2.7116,-1.4259,-3.7661,-0.056036,-1.1694,3.3929,1.6836,3.2408,-0.22372,0.31629,0.1726,0.62739,4,4,0,0.66667,3.844,1,0.020295,0.058426,0.030135,0.020295,0.0073801,0.0067651,0.10763,0.16605,0.13223,0.36364,0.44444,0.45,0.5,0.16667,41.229,2.4485,0.36781,0.93701,0.67555,0.67555,0.93701,0.36781,2.4485,3.708,2.6503,2.6503,2.6503,2.6503,2.6503,2.6307,2.7541,0.04141,-1.1102e-16,-1.1102e-16,-1.1102e-16,-1.1102e-16,-1.1102e-16,-0.073212,-0.11977,-0.46364,0.93701,0,0.93701,0.85893,0.068496,1,0.24432,0.0094697,0.013258,0.017045,0.022727,0.026515,0.030303,0.034091,0.037879,1,1,1,1,0.55556,4.4043,0.26157,0.039292,0.1001,0.072166,0.072166,0.1001,0.039292,0.26157,0.39612,-0.28312,-0.28312,-0.28312,-0.28312,-0.28312,-0.28102,-0.29421,-0.0044237,1.3878e-17,1.3878e-17,1.3878e-17,1.3878e-17,1.3878e-17,0.0078209,0.012795,0.049529,0,0.1001,0.1001,0.091756,0.00078167,1,0.24432,0.0094697,0.013258,0.017045,0.022727,0.026515,0.030303,0.034091,0.037879,1,1,1,1,0.55556,9.7264,0.50719,0.080036,0.17946,0.15248,0.15248,0.17946,0.080036,0.50719,1.1313,0.52971,0.5319,0.57539,0.59661,0.62739,0.71027,0.67006,0.0096763,-0.00020434,0.0075035,0.026599,-0.015369,-0.06372,0.0072283,-0.035092,-0.10834,0.27647,0,0.21656,0.20263,0.0042916,1,0.28571,0.02744,0.0025238,0.060065,0.20897,0.21066,0.092523,0.0028166,0.051105,0.71631,0.77088,0.81161,0.92205,0.43879,207.38,11.783,1.8279,4.6855,3.3699,3.3699,4.6855,1.8279,11.783,19.787,13.295,13.294,13.37,13.414,13.42,13.312,13.601,0.20438,-0.0023984,-0.013605,0.20238,0.23086,0.2124,-0.43689,-0.59349,-2.2882,4.864,0,4.6886,4.3204,1.7388,1,0.25911,0.010482,0.0081722,0.0059557,0.0051964,0.028751,0.051631,0.052137,0.034837,0.96814,0.97664,0.97931,0.96098,0.52825
19.25,1.1432,0.17174,0.4375,0.31542,0.31542,0.4375,0.17174,1.1432,1.7313,-1.2374,-1.2374,-1.2374,-1.2374,-1.2374,-1.2283,-1.2859,-0.019335,5.5511e-17,5.5511e-17,5.5511e-17,5.5511e-17,5.5511e-17,0.034183,0.055923,0.21648,0,0.4375,0.4375,0.40104,0.014932,1,0.24432,0.0094697,0.013258,0.017045,0.022727,0.026515,0.030303,0.034091,0.037879,1,1,1,1,0.55556,19.25,1.1432,0.17174,0.4375,0.31542,0.31542,0.4375,0.17174,1.1432,1.7313,-1.2374,-1.2374,-1.2374,-1.2374,-1.2374,-1.2283,-1.2859,-0.019335,5.5511e-17,5.5511e-17,5.5511e-17,5.5511e-17,5.5511e-17,0.034183,0.055923,0.21648,0,0.4375,0.4375,0.40104,0.014932,1,0.24432,0.0094697,0.013258,0.017045,0.022727,0.026515,0.030303,0.034091,0.037879,1,1,1,1,0.55556,19.25,1.1432,0.17174,0.4375,0.31542,0.31542,0.4375,0.17174,1.1432,1.7313,-1.2374,-1.2374,-1.2374,-1.2374,-1.2374,-1.2283,-1.2859,-0.019335,5.5511e-17,5.5511e-17,5.5511e-17,5.5511e-17,5.5511e-17,0.034183,0.055923,0.21648,0,0.4375,0.4375,0.40104,0.014932,1,0.24432,0.0094697,0.013258,0.017045,0.022727,0.026515,0.030303,0.034091,0.037879,1,1,1,1,0.55556,93.063,447.59,21.107,7.5981,39.936,39.936,7.5981,21.107,447.59,111.9,-2.9832,-8.5567,15.894,16.462,26.849,-19.54,0.28995,-0.044122,0.20884,-20.11,-47.493,-50.668,17.124,8.6742,-0.73635,0.49399,50.813,38.375,0,1.9388,401.98,1,0.482,0.65771,0.29138,0.54857,0.40045,0.2347,0.2511,0.18091,0.13154,0.12669,0.42422,0.51451,0.26814,0.011617,93.063,447.59,21.107,7.5981,39.936,39.936,7.5981,21.107,447.59,111.9,-2.9832,-8.5567,15.894,16.462,26.849,-19.54,0.28995,-0.044122,0.20884,-20.11,-47.493,-50.668,17.124,8.6742,-0.73635,0.49399,50.813,38.375,0,1.9388,401.98,1,0.482,0.65771,0.29138,0.54857,0.40045,0.2347,0.2511,0.18091,0.13154,0.12669,0.42422,0.51451,0.26814,0.011617,93.063,447.59,21.107,7.5981,39.936,39.936,7.5981,21.107,447.59,111.9,-2.9832,-8.5567,15.894,16.462,26.849,-19.54,0.28995,-0.044122,0.20884,-20.11,-47.493,-50.668,17.124,8.6742,-0.73635,0.49399,50.813,38.375,0,1.9388,401.98,1,0.482,0.65771,0.29138,0.54857,0.40045,0.2347,0.2511,0.18091,0.13154,0.12669,0.42422,0.51451,0.26814,0.011617,44,2.6131,0.39254,1,0.72096,0.72096,1,0.39254,2.6131,3.9573,-2.8284,-2.8284,-2.8284,-2.8284,-2.8284,-2.8075,-2.9392,-0.044194,1.1102e-16,1.1102e-16,1.1102e-16,1.1102e-16,1.1102e-16,0.078133,0.12782,0.4948,0,1,1,0.91667,0.078014,1,0.24432,0.0094697,0.013258,0.017045,0.022727,0.026515,0.030303,0.034091,0.037879,1,1,1,1,0.55556,23,16.045,15.152,2.6458,30.938,30.938,2.6458,15.152,16.045,16.027,-6.5462,-5.1637,-1.3485,-4.1608,-2.2385,1.4822,-0.68184,0.028018,-1.0211,1.7805,4.1051,-4.0562,3.3405,-0.89112,0.60096,-0.31369,6,9,0,0.47917,7.4464,1,0.092212,0.079475,0.21227,0.10496,0.18467,0.03302,0.036054,0.25327,0.17308,0.21212,0.28395,0.21111,0.2963,0.074074,41.268,2.3999,0.36929,0.95681,0.64313,0.64313,0.95681,0.36929,2.3999,3.729,2.6487,2.6486,2.6537,2.6611,2.6521,2.6242,2.7598,0.041289,-0.00037106,-0.0013766,-0.001336,0.025609,0.024578,-0.059829,-0.12313,-0.46228,0.95459,0,0.93726,0.85975,0.068687,1,0.24689,0.0080283,0.017615,0.02373,0.011729,0.019226,0.035514,0.038159,0.034838,0.98284,0.98483,0.98235,0.98113,0.54476,3.9609,0.26526,0.023048,0.12163,0.094272,0.094272,0.12163,0.023048,0.26526,0.39142,-0.24178,-0.24314,-0.24466,-0.24297,-0.26515,-0.26176,-0.26802,-0.0043195,0.00031279,-0.0040536,0.0055356,0.0024236,-0.00021308,-0.0048817,0.0073322,0.048362,0,0.10352,0.089844,0.08252,0.00066659,1,0.19319,0.02216,0.037099,0.051984,0.072538,0.024215,0.032776,0.06954,0.11156,0.84219,0.82862,0.90613,0.90251,0.48428,11.509,0.51939,0.13006,0.23545,0.20013,0.20013,0.23545,0.13006,0.51939,1.6674,0.66417,0.66542,0.62832,0.69402,0.79716,0.87795,0.75486,0.011048,-0.00065101,0.0025076,0.02012,-0.005189,-0.051825,-0.03337,-0.037336,-0.1237,0.34366,0,0.25051,0.23977,0.006607,1,0.30088,0.066201,0.095845,0.070083,0.16893,0.2794,0.19249,0.079009,0.11932,0.65683,0.71433,0.83481,0.87172,0.4046,205.66,12.056,1.8133,4.6486,3.3469,3.3469,4.6486,1.8133,12.056,19.59,13.108,13.097,13.151,13.249,13.335,13.237,13.616,0.20429,6.0725e-06,-0.040698,0.1157,0.15816,0.26205,-0.39404,-0.59858,-2.2873,4.8449,0,4.6343,4.2845,1.7088,1,0.25297,0.0023993,0.00064606,0.0059689,0.011536,0.024356,0.050963,0.061888,0.047124,0.95724,0.96874,0.97766,0.96117,0.53031
2.875,64.69,19.43,14.611,13.195,13.195,14.611,19.43,64.69,6.4295,1.9287,3.079,-1.5401,0.22647,-1.7217,5.7554,-2.9315,-0.095664,0.10125,4.6282,15.792,5.9156,-1.8023,-3.6038,-0.64259,1.0711,10.063,8.25,0,0.059896,16.425,1,0.39001,0.55439,0.0067105,0.51758,0.2938,0.35466,0.01256,0.36232,0.12468,0.214,0.45687,0.31429,0.35197,0.068323,2.875,64.69,19.43,14.611,13.195,13.195,14.611,19.43,64.69,6.4295,1.9287,3.079,-1.5401,0.22647,-1.7217,5.7554,-2.9315,-0.095664,0.10125,4.6282,15.792,5.9156,-1.8023,-3.6038,-0.64259,1.0711,10.063,8.25,0,0.059896,16.425,1,0.39001,0.55439,0.0067105,0.51758,0.2938,0.35466,0.01256,0.36232,0.12468,0.214,0.45687,0.31429,0.35197,0.068323,2.875,64.69,19.43,14.611,13.195,13.195,14.611,19.43,64.69,6.4295,1.9287,3.079,-1.5401,0.22647,-1.7217,5.7554,-2.9315,-0.095664,0.10125,4.6282,15.792,5.9156,-1.8023,-3.6038,-0.64259,1.0711,10.063,8.25,0,0.059896,16.425,1,0.39001,0.55439,0.0067105,0.51758,0.2938,0.35466,0.01256,0.36232,0.12468,0.214,0.45687,0.31429,0.35197,0.068323,10.313,264.4,7.2873,16.832,14.866,14.866,16.832,7.2873,264.4,72.86,-4.6604,-6.564,9.6734,4.8916,12.646,-29.795,2.4429,0.011049,0.69961,-4.7892,-61.783,-66.533,-4.4061,11.767,-0.48963,-0.1237,33.313,30,0.09375,0.21484,261.9,1,0.3528,0.8142,0.022625,0.64146,0.13492,0.47362,0.074196,0.29746,0.17049,0.20894,0.56535,0.62439,0.28622,0.0064624,10.313,264.4,7.2873,16.832,14.866,14.866,16.832,7.2873,264.4,72.86,-4.6604,-6.564,9.6734,4.8916,12.646,-29.795,2.4429,0.011049,0.69961,-4.7892,-61.783,-66.533,-4.4061,11.767,-0.48963,-0.1237,33.313,30,0.09375,0.21484,261.9,1,0.3528,0.8142,0.022625,0.64146,0.13492,0.47362,0.074196,0.29746,0.17049,0.20894,0.56535,0.62439,0.28622,0.0064624,10.313,264.4,7.2873,16.832,14.866,14.866,16.832,7.2873,264.4,72.86,-4.6604,-6.564,9.6734,4.8916,12.646,-29.795,2.4429,0.011049,0.69961,-4.7892,-61.783,-66.533,-4.4061,11.767,-0.48963,-0.1237,33.313,30,0.09375,0.21484,261.9,1,0.3528,0.8142,0.022625,0.64146,0.13492,0.47362,0.074196,0.29746,0.17049,0.20894,0.56535,0.62439,0.28622,0.0064624,30,19.119,14.09,15.588,8.2061,8.2061,15.588,14.09,19.119,9.462,-3.6689,-3.3983,1.4385,-6.2528,-1.5972,-0.18989,-2.5393,-0.072212,-0.023258,0.93257,0.99998,5.6548,-0.53857,5.1429,-0.39759,0.8085,5,5,0,0.625,4.9628,1,0.07429,0.058213,0.32362,0.25141,0.0066988,0.079448,0.22454,0.088023,0.28751,0.29091,0.53333,0.36,0.42222,0.2,60,17.266,14.373,4.5826,9.3205,9.3205,4.5826,14.373,17.266,5.9975,-3.2132,-3.1581,-3.7942,-5.6345,-1.7433,-4.8394,-2.9834,-0.1606,-0.55835,-1.6424,-0.11381,1.9963,-1.0412,3.4176,-1.5981,1.7981,2,9,1,1.25,4.7872,1,0.061389,0.060278,0.22472,0.35139,0.13333,0.115,0.24444,0.105,0.023333,0.16162,0.24691,0.2,0.20988,0.1358,41.341,2.3598,0.32964,0.90553,0.67883,0.67883,0.90553,0.32964,2.3598,3.6657,2.654,2.6549,2.6567,2.6567,2.6425,2.6389,2.7778,0.041466,-0.00062635,0.0010754,-0.0014066,0.021952,0.028953,-0.062894,-0.1253,-0.46426,0.96094,0,0.93848,0.86128,0.068947,1,0.24406,0.015162,0.024368,0.028858,0.014873,0.025673,0.038902,0.042815,0.027854,0.97723,0.97708,0.97561,0.97984,0.54488,4.0342,0.27159,0.015296,0.095754,0.035134,0.035134,0.095754,0.015296,0.27159,0.36726,-0.28003,-0.27875,-0.2685,-0.27332,-0.26012,-0.23317,-0.26092,-0.0044311,-0.00068191,0.0025053,0.0014572,0.010375,-0.014938,-0.010674,0.003766,0.049611,0,0.10303,0.09375,0.084045,0.00072433,1,0.1945,0.03726,0.069431,0.032499,0.076645,0.10509,0.039165,0.036351,0.09854,0.92848,0.9426,0.87299,0.81727,0.48605,15.998,0.64663,0.14499,0.35065,0.25763,0.25763,0.35065,0.14499,0.64663,1.7128,0.9642,0.96015,0.9491,1.0787,1.0145,1.0721,1.0868,0.016218,0.00027851,-0.014221,0.077599,0.10297,-0.054632,-0.028397,-0.049103,-0.18158,0.42255,0,0.36753,0.33329,0.011171,1,0.23454,0.036701,0.026088,0.016048,0.089129,0.13718,0.085421,0.056686,0.10625,0.78801,0.89719,0.8546,0.91373,0.48319,207.71,12.698,1.8976,4.6911,3.3646,3.3646,4.6911,1.8976,12.698,19.479,13.285,13.252,13.41,13.439,13.393,13.287,13.726,0.20639,0.0020989,-0.11655,-0.079545,0.059082,0.20468,-0.41461,-0.59699,-2.3107,4.8375,0,4.6864,4.3272,1.7417,1,0.25301,0.0022343,0.00015566,0.0027812,0.0087733,0.021472,0.042119,0.054127,0.045137,0.97699,0.98169,0.98113,0.9684,0.53638
8.1875,65.695,7.3032,24.792,7.044,7.044,24.792,7.3032,65.695,13.203,-0.40858,0.49401,-2.0237,4.3206,-1.8782,6.7789,-4.2168,-0.12711,0.12846,3.7937,5.2418,-8.8133,-12.571,-0.63826,-0.76765,1.4232,11.813,10.938,0.03125,0.17057,17.318,1,0.28963,0.53236,0.055246,0.3862,0.15366,0.34822,0.034398,0.25952,0.1201,0.15488,0.38918,0.24815,0.32451,0.10582,8.1875,65.695,7.3032,24.792,7.044,7.044,24.792,7.3032,65.695,13.203,-0.40858,0.49401,-2.0237,4.3206,-1.8782,6.7789,-4.2168,-0.12711,0.12846,3.7937,5.2418,-8.8133,-12.571,-0.63826,-0.76765,1.4232,11.813,10.938,0.03125,0.17057,17.318,1,0.28963,0.53236,0.055246,0.3862,0.15366,0.34822,0.034398,0.25952,0.1201,0.15488,0.38918,0.24815,0.32451,0.10582,8.1875,65.695,7.3032,24.792,7.044,7.044,24.792,7.3032,65.695,13.203,-0.40858,0.49401,-2.0237,4.3206,-1.8782,6.7789,-4.2168,-0.12711,0.12846,3.7937,5.2418,-8.8133,-12.571,-0.63826,-0.76765,1.4232,11.813,10.938,0.03125,0.17057,17.318,1,0.28963,0.53236,0.055246,0.3862,0.15366,0.34822,0.034398,0.25952,0.1201,0.15488,0.38918,0.24815,0.32451,0.10582,38.5,295.17,48.793,16.208,40.25,40.25,16.208,48.793,295.17,108.17,5.5222,-1.9058,16.912,8.3144,0.32249,-34.245,0.26803,0.036179,0.76428,-25.193,-63.036,-27.525,45.639,13.966,0.46826,-0.40506,37.938,35.313,0,0.80208,326.2,1,0.35042,0.78121,0.0036284,0.66839,0.15333,0.48004,0.068799,0.32434,0.14471,0.19739,0.54476,0.56722,0.40326,0.019769,38.5,295.17,48.793,16.208,40.25,40.25,16.208,48.793,295.17,108.17,5.5222,-1.9058,16.912,8.3144,0.32249,-34.245,0.26803,0.036179,0.76428,-25.193,-63.036,-27.525,45.639,13.966,0.46826,-0.40506,37.938,35.313,0,0.80208,326.2,1,0.35042,0.78121,0.0036284,0.66839,0.15333,0.48004,0.068799,0.32434,0.14471,0.19739,0.54476,0.56722,0.40326,0.019769,38.5,295.17,48.793,16.208,40.25,40.25,16.208,48.793,295.17,108.17,5.5222,-1.9058,16.912,8.3144,0.32249,-34.245,0.26803,0.036179,0.76428,-25.193,-63.036,-27.525,45.639,13.966,0.46826,-0.40506,37.938,35.313,0,0.80208,326.2,1,0.35042,0.78121,0.0036284,0.66839,0.15333,0.48004,0.068799,0.32434,0.14471,0.19739,0.54476,0.56722,0.40326,0.019769,38,16.864,14.763,8.7178,17.091,17.091,8.7178,14.763,16.864,14.6,-8.4742,-7.8634,-3.1332,-1.674,0.19644,-1.3569,-5.1589,0.023684,-0.27341,1.3745,3.3387,1.4475,-1.5286,-0.055766,1.7359,-0.26517,7,5,1,0.79167,4.0833,1,0.076232,0.23908,0.11969,0.061089,0.10302,0.021367,0.082212,0.10459,0.057932,0.28571,0.25397,0.2,0.14286,0.20635,56,12.366,4.2447,10.149,32.218,32.218,10.149,4.2447,12.366,17.171,0.5133,0.27028,-6.2688,-5.2148,-2.4656,-2.4216,-2.5727,-0.10023,0.50781,0.77355,-2.7818,-2.8176,0.14427,-0.39616,-0.80691,1.1222,4,9,1,1.1667,5.1206,1,0.033587,0.031048,0.25958,0.065443,0.20222,0.047553,0.0053093,0.22161,0.042705,0.30303,0.19753,0.26667,0.14815,0.098765,41.316,2.4236,0.37057,0.93263,0.65724,0.65724,0.93263,0.37057,2.4236,3.7401,2.6574,2.6568,2.656,2.6613,2.6519,2.6397,2.7555,0.041514,-0.0017148,-0.0080692,0.0040758,0.023386,0.013766,-0.062403,-0.11861,-0.4648,0.95361,0,0.93774,0.86076,0.068833,1,0.2458,0.003264,0.010292,0.020214,0.023087,0.021371,0.032026,0.041054,0.031922,0.98413,0.98663,0.9852,0.98521,0.54469,4.0342,0.29715,0.039708,0.065788,0.051717,0.051717,0.065788,0.039708,0.29715,0.35012,-0.25108,-0.25313,-0.25483,-0.26359,-0.25816,-0.25169,-0.27616,-0.0042769,0.00030349,-0.0066394,0.0080123,-0.00079059,0.0013789,0.0085908,0.01015,0.047885,0,0.10449,0.09082,0.084045,0.00068204,1,0.17403,0.057595,0.0092247,0.031971,0.077983,0.030984,0.031296,0.033233,0.053178,0.86491,0.88889,0.8771,0.86189,0.50727,16.907,0.73984,0.099113,0.37218,0.28478,0.28478,0.37218,0.099113,0.73984,1.7606,1.0162,1.0227,0.99618,1.1196,1.0824,1.1424,1.1498,0.016626,-0.00039886,0.023029,0.064753,0.01168,-0.13105,-0.0078648,-0.059886,-0.18615,0.45177,0,0.37591,0.35224,0.012612,1,0.24341,0.036247,0.03104,0.025436,0.15393,0.1627,0.016349,0.10853,0.049898,0.78163,0.87413,0.83952,0.9264,0.46967,206.09,11.987,1.8364,4.594,3.3032,3.3032,4.594,1.8364,11.987,19.816,13.168,13.149,13.263,13.369,13.339,13.232,13.533,0.20309,-0.0010213,-0.076081,0.055905,0.1934,0.16468,-0.42294,-0.59444,-2.2738,4.8227,0,4.6556,4.2936,1.716,1,0.26006,0.01092,0.006806,0.0037783,0.0072243,0.029462,0.049038,0.048671,0.035518,0.96922,0.98001,0.98,0.96495,0.52975
3.9375,75.256,17.504,10.723,0.49453,0.49453,10.723,17.504,75.256,9.3002,-1.4849,-1.2096,-0.72685,-0.12819,0.99728,1.7307,-0.40337,0.03793,-0.20662,0.34383,1.2671,3.0477,2.0373,-3.7972,0.67431,-0.42467,8.75,6.8125,0,0.082031,11.179,1,0.52665,0.4923,0.47231,0.34029,0.45296,0.040782,0.30825,0.043838,0.16518,0.12662,0.42698,0.44643,0.32063,0.053175,3.9375,75.256,17.504,10.723,0.49453,0.49453,10.723,17.504,75.256,9.3002,-1.4849,-1.2096,-0.72685,-0.12819,0.99728,1.7307,-0.40337,0.03793,-0.20662,0.34383,1.2671,3.0477,2.0373,-3.7972,0.67431,-0.42467,8.75,6.8125,0,0.082031,11.179,1,0.52665,0.4923,0.47231,0.34029,0.45296,0.040782,0.30825,0.043838,0.16518,0.12662,0.42698,0.44643,0.32063,0.053175,3.9375,75.256,17.504,10.723,0.49453,0.49453,10.723,17.504,75.256,9.3002,-1.4849,-1.2096,-0.72685,-0.12819,0.99728,1.7307,-0.40337,0.03793,-0.20662,0.34383,1.2671,3.0477,2.0373,-3.7972,0.67431,-0.42467,8.75,6.8125,0,0.082031,11.179,1,0.52665,0.4923,0.47231,0.34029,0.45296,0.040782,0.30825,0.043838,0.16518,0.12662,0.42698,0.44643,0.32063,0.053175,39.938,326.21,14.144,15.375,9.6671,9.6671,15.375,14.144,326.21,53.907,6.0252,1.7388,7.1737,9.6088,10.179,-13.517,2.2992,0.066615,0.59448,-14.03,-34.426,-40.857,-25.795,1.2919,0.37838,-0.74584,30.125,23.188,0.25,0.83203,186.06,1,0.68049,0.47822,0.63125,0.31774,0.48786,0.15975,0.28807,0.12204,0.15276,0.19842,0.58967,0.58237,0.12886,0.029737,39.938,326.21,14.144,15.375,9.6671,9.6671,15.375,14.144,326.21,53.907,6.0252,1.7388,7.1737,9.6088,10.179,-13.517,2.2992,0.066615,0.59448,-14.03,-34.426,-40.857,-25.795,1.2919,0.37838,-0.74584,30.125,23.188,0.25,0.83203,186.06,1,0.68049,0.47822,0.63125,0.31774,0.48786,0.15975,0.28807,0.12204,0.15276,0.19842,0.58967,0.58237,0.12886,0.029737,39.938,326.21,14.144,15.375,9.6671,9.6671,15.375,14.144,326.21,53.907,6.0252,1.7388,7.1737,9.6088,10.179,-13.517,2.2992,0.066615,0.59448,-14.03,-34.426,-40.857,-25.795,1.2919,0.37838,-0.74584,30.125,23.188,0.25,0.83203,186.06,1,0.68049,0.47822,0.63125,0.31774,0.48786,0.15975,0.28807,0.12204,0.15276,0.19842,0.58967,0.58237,0.12886,0.029737,35,13.61,13.246,6.0828,24.457,24.457,6.0828,13.246,13.61,18.292,-0.50707,-0.57913,-3.3262,-3.8926,-3.2403,-2.0386,0.34013,-0.011842,-0.26443,-1.144,2.4651,-0.92924,1.5223,0.94081,-0.26791,0.13258,3,5,1,0.72917,3.7762,1,0.20197,0.062026,0.22871,0.067533,0.013,0.039123,0.20339,0.019765,0.099474,0.25455,0.51111,0.34,0.44444,0.11111,39,20.033,8.2556,11.358,10.153,10.153,11.358,8.2556,20.033,14.443,-1.4983,-0.92924,-1.0217,-1.404,-2.6061,-3.3921,-5.457,0.011842,-1.3333,-2.2889,0.50549,-1.4216,5.1462,2.269,1.639,-0.13258,4,8,0.5,0.8125,3.8152,1,0.32405,0.20523,0.0059036,0.035923,0.083914,0.10426,0.15232,0.15506,0.21462,0.19318,0.13889,0.2125,0.20833,0.16667,41.358,2.4218,0.36695,0.95655,0.68244,0.68244,0.95655,0.36695,2.4218,3.7423,2.6647,2.6629,2.6626,2.6597,2.6576,2.6416,2.7566,0.041355,0.00041356,-0.0051963,0.0036271,0.021639,0.013949,-0.063508,-0.12126,-0.46302,0.95654,0,0.9397,0.86163,0.068968,1,0.24888,0.0042175,0.010537,0.018203,0.02311,0.021225,0.033416,0.039725,0.034617,0.98311,0.98401,0.98346,0.98242,0.54342,4.2036,0.30741,0.039678,0.101,0.057246,0.057246,0.101,0.039678,0.30741,0.36149,-0.27079,-0.27236,-0.27608,-0.27348,-0.26953,-0.26027,-0.27613,-0.0045948,-0.00089219,-0.0087962,-0.0024858,0.0051954,0.0059213,0.0079325,0.0053967,0.051444,0,0.10645,0.096191,0.087575,0.00074683,1,0.16933,0.017127,0.082102,0.012905,0.077503,0.036625,0.069725,0.040503,0.072543,0.90992,0.91845,0.89128,0.86544,0.50153,18.882,0.95345,0.17678,0.40569,0.31581,0.31581,0.40569,0.17678,0.95345,1.7799,1.2004,1.1985,1.2098,1.1725,1.1829,1.3154,1.2379,0.018318,0.00024403,-0.0063749,0.010086,-0.0087536,0.056323,-0.056415,-0.058241,-0.2051,0.4985,0,0.42275,0.39338,0.014844,1,0.27583,0.021812,0.0076554,0.010659,0.072439,0.13977,0.17411,0.11379,0.030801,0.85322,0.83113,0.87285,0.89937,0.46552,208,12.523,1.8159,4.7296,3.3974,3.3974,4.7296,1.8159,12.523,19.344,13.276,13.275,13.307,13.371,13.468,13.325,13.847,0.20842,-1.5644e-05,-0.0052671,0.078435,0.054771,0.10769,-0.39498,-0.59896,-2.3335,4.8279,0,4.7119,4.3333,1.745,1,0.24667,0.0051505,0.0072289,0.010905,0.018752,0.023723,0.035984,0.050135,0.049808,0.97304,0.98149,0.98733,0.97692,0.54228
13.5,80.944,20.668,24.35,3.9781,3.9781,24.35,20.668,80.944,15.628,0.86296,1.0204,-1.3781,1.6508,0.96672,4.2868,-1.2683,0.0051808,-0.052442,0.41397,1.149,1.2378,2.8591,-3.6645,0.41718,-0.058005,10,8.25,0,0.28125,13.476,1,0.5033,0.44662,0.42453,0.332,0.39926,0.089072,0.264,0.027849,0.19324,0.09375,0.46181,0.395,0.27014,0.040972,13.5,80.944,20.668,24.35,3.9781,3.9781,24.35,20.668,80.944,15.628,0.86296,1.0204,-1.3781,1.6508,0.96672,4.2868,-1.2683,0.0051808,-0.052442,0.41397,1.149,1.2378,2.8591,-3.6645,0.41718,-0.058005,10,8.25,0,0.28125,13.476,1,0.5033,0.44662,0.42453,0.332,0.39926,0.089072,0.264,0.027849,0.19324,0.09375,0.46181,0.395,0.27014,0.040972,13.5,80.944,20.668,24.35,3.9781,3.9781,24.35,20.668,80.944,15.628,0.86296,1.0204,-1.3781,1.6508,0.96672,4.2868,-1.2683,0.0051808,-0.052442,0.41397,1.149,1.2378,2.8591,-3.6645,0.41718,-0.058005,10,8.25,0,0.28125,13.476,1,0.5033,0.44662,0.42453,0.332,0.39926,0.089072,0.264,0.027849,0.19324,0.09375,0.46181,0.395,0.27014,0.040972,1.375,314.09,31.728,4.8198,23.662,23.662,4.8198,31.728,314.09,54.58,-1.0239,-3.764,1.7133,10.55,8.9614,-22.102,3.7837,0.11298,0.054858,-10.045,-42.357,-57.236,-22.164,5.3542,0.6727,-1.2649,34.938,27.938,0,0.028646,195.1,1,0.5722,0.59042,0.41596,0.45968,0.42481,0.068516,0.21489,0.029869,0.098774,0.096764,0.42795,0.57621,0.14252,0.03061,1.375,314.09,31.728,4.8198,23.662,23.662,4.8198,31.728,314.09,54.58,-1.0239,-3.764,1.7133,10.55,8.9614,-22.102,3.7837,0.11298,0.054858,-10.045,-42.357,-57.236,-22.164,5.3542,0.6727,-1.2649,34.938,27.938,0,0.028646,195.1,1,0.5722,0.59042,0.41596,0.45968,0.42481,0.068516,0.21489,0.029869,0.098774,0.096764,0.42795,0.57621,0.14252,0.03061,1.375,314.09,31.728,4.8198,23.662,23.662,4.8198,31.728,314.09,54.58,-1.0239,-3.764,1.7133,10.55,8.9614,-22.102,3.7837,0.11298,0.054858,-10.045,-42.357,-57.236,-22.164,5.3542,0.6727,-1.2649,34.938,27.938,0,0.028646,195.1,1,0.5722,0.59042,0.41596,0.45968,0.42481,0.068516,0.21489,0.029869,0.098774,0.096764,0.42795,0.57621,0.14252,0.03061,36,5.5614,7.5895,12.49,3.5481,3.5481,12.49,7.5895,5.5614,3.5552,-3.3512,-3.5152,-2.1959,-2.1951,-0.77858,-3.4392,-2.3274,-0.084054,-0.46129,-2.1384,-1.3285,1.7535,0.38432,-0.073799,-0.63114,0.94108,3,4,1,0.75,2.4043,1,0.010509,0.14657,0.044801,0.042588,0.14381,0.087389,0.13274,0.038717,0.05531,0.27273,0.41667,0.325,0.44444,0.16667,49,8.9385,21.981,6.0828,21.424,21.424,6.0828,21.981,8.9385,5.3058,-7.4889,-6.6878,-2.841,-1.7702,-3.0332,-3.5243,-3.5106,-0.10023,-1.0614,-0.52282,-0.55591,4.1284,0.11556,1.8231,-0.5556,1.1222,4,8,1,1.0208,3.7655,1,0.10772,0.16385,0.016968,0.05629,0.045468,0.067957,0.09072,0.067996,0.051609,0.17045,0.125,0.3125,0.18056,0.125,41.456,2.5488,0.31404,0.94487,0.66593,0.66593,0.94487,0.31404,2.5488,3.7028,2.6554,2.667,2.6645,2.6702,2.6611,2.6458,2.7601,0.041614,-0.009941,0.010661,-0.023592,-0.037208,-0.022212,-0.077987,-0.11833,-0.46592,0.96484,0,0.93994,0.86367,0.069384,1,0.2443,0.0078844,0.0078851,0.012193,0.027605,0.033166,0.030144,0.020603,0.03672,0.97939,0.9779,0.97201,0.97773,0.54139,3.4858,0.3156,0.014212,0.089951,0.10202,0.10202,0.089951,0.014212,0.3156,0.16585,-0.22923,-0.24319,-0.24105,-0.21361,-0.21466,-0.20262,-0.23991,-0.0033542,0.008349,-0.024452,0.040731,0.033725,0.028818,0.0093465,0.014211,0.037554,0,0.13184,0.075928,0.072622,0.00074059,1,0.081345,0.10344,0.0069317,0.042385,0.052976,0.01355,0.020802,0.10649,0.0031865,0.68451,0.54774,0.54222,0.60576,0.34527,18.708,0.49712,0.18088,0.41006,0.31487,0.31487,0.41006,0.18088,0.49712,1.7541,1.1174,1.1223,1.1087,1.1837,1.1288,1.3104,1.3388,0.019917,-4.5961e-05,0.018212,0.084846,0.07011,-0.0078231,-0.033118,-0.061405,-0.22299,0.49556,0,0.41223,0.38976,0.015656,1,0.19109,0.073581,0.042128,0.054219,0.13838,0.16971,0.14294,0.01353,0.083808,0.78754,0.83512,0.8447,0.95105,0.50743,207.16,12.389,1.8521,4.6943,3.3922,3.3922,4.6943,1.8521,12.389,19.239,13.252,13.251,13.26,13.348,13.389,13.261,13.778,0.2074,-6.4244e-05,-0.0073245,0.037558,0.08058,0.12961,-0.39899,-0.59572,-2.322,4.8006,0,4.6857,4.3158,1.7307,1,0.24726,0.0045674,0.0068908,0.0099104,0.016001,0.023082,0.037713,0.0498,0.045976,0.97608,0.98424,0.98763,0.97739,0.54273
4.3125,104.07,12.095,15.627,9.2143,9.2143,15.627,12.095,104.07,29.576,-16.864,-18.523,4.53,7.1392,-3.758,-1.6162,-0.54958,0.049718,2.9177,3.4651,3.3423,-9.8288,1.4213,-2.9177,0.88947,-0.55666,20.063,13.625,0.03125,0.089844,46.725,1,0.54369,0.11558,0.33828,0.099903,0.25059,0.17401,0.10383,0.17309,0.080363,0.27613,0.41329,0.3405,0.063344,0.019384,4.3125,104.07,12.095,15.627,9.2143,9.2143,15.627,12.095,104.07,29.576,-16.864,-18.523,4.53,7.1392,-3.758,-1.6162,-0.54958,0.049718,2.9177,3.4651,3.3423,-9.8288,1.4213,-2.9177,0.88947,-0.55666,20.063,13.625,0.03125,0.089844,46.725,1,0.54369,0.11558,0.33828,0.099903,0.25059,0.17401,0.10383,0.17309,0.080363,0.27613,0.41329,0.3405,0.063344,0.019384,4.3125,104.07,12.095,15.627,9.2143,9.2143,15.627,12.095,104.07,29.576,-16.864,-18.523,4.53,7.1392,-3.758,-1.6162,-0.54958,0.049718,2.9177,3.4651,3.3423,-9.8288,1.4213,-2.9177,0.88947,-0.55666,20.063,13.625,0.03125,0.089844,46.725,1,0.54369,0.11558,0.33828,0.099903,0.25059,0.17401,0.10383,0.17309,0.080363,0.27613,0.41329,0.3405,0.063344,0.019384,37.125,386.59,18.26,26.813,16.932,16.932,26.813,18.26,386.59,63.84,7.5706,18.939,-10.16,-6.1128,-10.894,-1.9926,1.7914,-0.0044407,-1.0526,38.946,62.863,63.751,-7.1386,1.9791,-0.5463,0.049718,42.938,40.688,0.65625,0.77344,327.8,1,0.59031,0.53853,0.41257,0.35087,0.36988,0.04236,0.20249,0.089344,0.03595,0.28914,0.54278,0.4492,0.029597,0.0064694,37.125,386.59,18.26,26.813,16.932,16.932,26.813,18.26,386.59,63.84,7.5706,18.939,-10.16,-6.1128,-10.894,-1.9926,1.7914,-0.0044407,-1.0526,38.946,62.863,63.751,-7.1386,1.9791,-0.5463,0.049718,42.938,40.688,0.65625,0.77344,327.8,1,0.59031,0.53853,0.41257,0.35087,0.36988,0.04236,0.20249,0.089344,0.03595,0.28914,0.54278,0.4492,0.029597,0.0064694,37.125,386.59,18.26,26.813,16.932,16.932,26.813,18.26,386.59,63.84,7.5706,18.939,-10.16,-6.1128,-10.894,-1.9926,1.7914,-0.0044407,-1.0526,38.946,62.863,63.751,-7.1386,1.9791,-0.5463,0.049718,42.938,40.688,0.65625,0.77344,327.8,1,0.59031,0.53853,0.41257,0.35087,0.36988,0.04236,0.20249,0.089344,0.03595,0.28914,0.54278,0.4492,0.029597,0.0064694,20,2.3994,1.8903,12.166,8.6627,8.6627,12.166,1.8903,2.3994,18.653,8.7255,7.2639,-2.5845,1.3233,-5.3221,-2.6315,0.44469,-0.032352,1.287,-1.1953,-1.5646,0.033203,0.97142,1.8241,-0.60212,0.36222,5,4,0,0.41667,4.6738,1,0.038031,0.17549,0.040371,0.25901,0.1305,0.028136,0.063227,0.060129,0.0017704,0.36364,0.28889,0.44,0.42222,0.17778,77,1.9556,23.394,20.224,20.166,20.166,20.224,23.394,1.9556,14.581,6.206,4.7393,-7.7753,-4.6053,-5.4014,-5.5429,-4.4037,-0.048529,1.8126,0.52468,-0.24582,0.84762,0.043613,0.31311,0.45553,0.54333,4,7,1,1.6042,6.4996,1,0.12163,0.17816,0.22878,0.075927,0.13246,0.070157,0.13324,0.11133,0.0067233,0.41558,0.31746,0.44286,0.30159,0.11111,42.329,2.2027,1.2185,0.0095058,0.78426,0.78426,0.0095058,1.2185,2.2027,2.8485,2.6588,2.6594,2.656,2.6609,2.6634,2.6472,2.8509,0.29095,-0.00021425,0.0017379,0.01327,0.032497,0.022117,-0.055621,0.24843,-0.71359,0.95898,0,0.94043,0.88186,0.05302,1,0.0022392,0.0014859,0.0064956,0.014655,0.018636,0.009568,0.02677,0.03835,0.019905,0.9788,0.98133,0.98427,0.98144,0.65167,3.9873,0.25302,0.11175,0.030246,0.053877,0.053877,0.030246,0.11175,0.25302,0.23895,-0.24667,-0.24657,-0.25336,-0.25735,-0.24293,-0.24378,-0.26889,-0.029868,-0.0005592,-0.0014854,-0.0048997,-0.0031042,-0.017804,0.0041532,-0.033288,0.074334,0,0.10156,0.087891,0.083069,0.00051247,1,0.12065,0.023728,0.028306,0.0058885,0.051744,0.10498,0.011696,0.11733,0.016503,0.87194,0.89637,0.86106,0.84562,0.59776,27.523,2.1734,0.25147,0.60708,0.45782,0.45782,0.60708,0.25147,2.1734,2.6604,1.7291,1.702,1.8567,1.747,1.8031,1.7575,1.7841,0.026994,0.0015874,-0.095693,-0.042804,-0.1373,0.046574,-0.059745,-0.075065,-0.30223,0.72455,0,0.60925,0.57339,0.031796,1,0.25334,0.01104,0.023682,0.015254,0.011581,0.010427,0.0229,0.074046,0.12544,0.88372,0.8579,0.87538,0.84428,0.46577,207.64,11.983,1.8919,4.7013,3.3461,3.3461,4.7013,1.8919,11.983,18.821,13.43,13.434,13.601,13.396,13.43,13.045,13.675,0.20576,0.001506,0.018384,-0.073513,-0.11045,-0.069464,-0.36733,-0.59246,-2.3037,4.8612,0,4.6733,4.3258,1.7426,1,0.25498,0.0050529,0.0021927,0.0019423,0.0072542,0.010186,0.013876,0.020177,0.03859,0.98651,0.97245,0.97183,0.95606,0.53195
12.5,86.095,23.043,11.97,7.6586,7.6586,11.97,23.043,86.095,3.1762,-1.36,-1.223,-3.1451,1.3826,-0.26699,-1.7077,-0.51772,0.19988,-0.075311,0.26184,-5.6509,-2.3056,-1.9596,-0.94327,0.46751,-0.21019,9.0625,13.375,0.125,0.26042,16.649,1,0.56494,0.29707,0.3816,0.23635,0.36074,0.046577,0.32816,0.15542,0.14882,0.070093,0.44704,0.29299,0.17913,0.012461,12.5,86.095,23.043,11.97,7.6586,7.6586,11.97,23.043,86.095,3.1762,-1.36,-1.223,-3.1451,1.3826,-0.26699,-1.7077,-0.51772,0.19988,-0.075311,0.26184,-5.6509,-2.3056,-1.9596,-0.94327,0.46751,-0.21019,9.0625,13.375,0.125,0.26042,16.649,1,0.56494,0.29707,0.3816,0.23635,0.36074,0.046577,0.32816,0.15542,0.14882,0.070093,0.44704,0.29299,0.17913,0.012461,12.5,86.095,23.043,11.97,7.6586,7.6586,11.97,23.043,86.095,3.1762,-1.36,-1.223,-3.1451,1.3826,-0.26699,-1.7077,-0.51772,0.19988,-0.075311,0.26184,-5.6509,-2.3056,-1.9596,-0.94327,0.46751,-0.21019,9.0625,13.375,0.125,0.26042,16.649,1,0.56494,0.29707,0.3816,0.23635,0.36074,0.046577,0.32816,0.15542,0.14882,0.070093,0.44704,0.29299,0.17913,0.012461,52.438,371.86,23.676,30.531,10.285,10.285,30.531,23.676,371.86,51.785,-1.9125,-7.0741,13.607,8.1545,10.954,-10.537,2.3058,-0.037785,0.059253,-19.067,-44.181,-42.517,-18.47,3.664,-0.73938,0.085084,36.375,27.5,0.09375,1.0924,240.92,1,0.63167,0.58333,0.52825,0.44391,0.49594,0.012525,0.31998,0.010803,0.16088,0.18541,0.57026,0.51976,0.14185,0.013555,52.438,371.86,23.676,30.531,10.285,10.285,30.531,23.676,371.86,51.785,-1.9125,-7.0741,13.607,8.1545,10.954,-10.537,2.3058,-0.037785,0.059253,-19.067,-44.181,-42.517,-18.47,3.664,-0.73938,0.085084,36.375,27.5,0.09375,1.0924,240.92,1,0.63167,0.58333,0.52825,0.44391,0.49594,0.012525,0.31998,0.010803,0.16088,0.18541,0.57026,0.51976,0.14185,0.013555,52.438,371.86,23.676,30.531,10.285,10.285,30.531,23.676,371.86,51.785,-1.9125,-7.0741,13.607,8.1545,10.954,-10.537,2.3058,-0.037785,0.059253,-19.067,-44.181,-42.517,-18.47,3.664,-0.73938,0.085084,36.375,27.5,0.09375,1.0924,240.92,1,0.63167,0.58333,0.52825,0.44391,0.49594,0.012525,0.31998,0.010803,0.16088,0.18541,0.57026,0.51976,0.14185,0.013555,49,17.406,15.275,23.065,10.367,10.367,23.065,15.275,17.406,9.5365,-10.103,-8.2464,-3.832,-3.0628,-4.4262,-0.79317,-3.0033,-0.72328,-1.0444,3.4726,-0.10832,0.032777,0.99251,2.4558,0.62797,-0.013003,2,5,1,1.0208,2.9996,1,0.18412,0.11395,0.17765,0.16326,0.099121,0.1136,0.1493,0.17003,0.055946,0.4,0.28889,0.3,0.26667,0.28889,66,29.005,30.586,10.392,8.6334,8.6334,10.392,30.586,29.005,26.642,-5.5484,-5.6239,-7.1499,-5.8164,-5.1684,-3.2924,0.80966,-0.51415,-0.15785,-0.80432,0.97142,0.49337,-2.8277,-1.9255,-0.81198,0.34922,3,8,1,1.375,4.4096,1,0.15523,0.17333,0.14845,0.36181,0.081725,0.014626,0.084439,0.10178,0.16616,0.32955,0.27778,0.225,0.26389,0.083333,41.406,2.5443,0.39056,0.92785,0.69156,0.69156,0.92785,0.39056,2.5443,3.7327,2.6589,2.6599,2.655,2.6694,2.6582,2.6455,2.765,0.041577,-0.00054161,0.0022889,-0.0071806,-0.020217,-0.0050856,-0.07514,-0.1202,-0.46551,0.95361,0,0.94019,0.86263,0.069123,1,0.24402,0.0097855,0.011712,0.016314,0.02394,0.031235,0.028052,0.03392,0.046281,0.98576,0.98993,0.98372,0.98845,0.54827,4.0503,0.25922,0.06584,0.1137,0.070209,0.070209,0.1137,0.06584,0.25922,0.33183,-0.26925,-0.26933,-0.26007,-0.25762,-0.2605,-0.25373,-0.27408,-0.0042012,-4.7486e-05,-0.00044045,-0.013902,0.0070302,0.021457,0.026033,0.010725,0.047037,0,0.10791,0.092041,0.084381,0.00071134,1,0.15752,0.13013,0.011822,0.095288,0.037124,0.11598,0.015496,0.089649,0.012815,0.85397,0.84967,0.83529,0.84565,0.50327,28.951,1.0213,0.8019,0.029566,0.52177,0.52177,0.029566,0.8019,1.0213,1.8006,1.7827,1.7904,1.7551,1.8798,1.7058,1.8785,2.0008,0.20081,2.7508e-05,0.028733,0.052395,0.022171,-0.04845,-0.046808,0.16473,-0.49415,0.70901,0,0.63455,0.60314,0.025933,1,0.010599,0.041063,0.038416,0.038827,0.083023,0.10943,0.089992,0.014764,0.087237,0.87838,0.92788,0.86685,0.95601,0.61628,210.08,11.66,5.7822,0.058854,3.9494,3.9494,0.058854,5.7822,11.66,14.593,13.059,13.056,13.096,13.267,13.248,13.178,14.16,1.443,4.3835e-05,-0.012221,0.10931,0.090563,0.10881,-0.35692,1.2346,-3.5453,4.7614,0,4.6661,4.3768,1.3063,1,0.0028868,0.0060638,0.0075316,0.0093106,0.015096,0.016905,0.025291,0.040582,0.038845,0.97055,0.98679,0.98586,0.98057,0.65349
0.5,58.28,15.48,3.6492,11.785,11.785,3.6492,15.48,58.28,9.2971,2.6497,4.0605,-0.88075,-2.6949,5.0305,-1.6879,-2.3377,0.0054517,0.077485,5.5216,10.268,3.8892,3.8853,-1.9617,0.70776,-0.061038,9,7.5,0.03125,0.010417,11.477,1,0.4393,0.15046,0.26117,0.01659,0.22945,0.055174,0.23188,0.15205,0.011159,0.24432,0.46142,0.40347,0.18441,0.030093,0.5,58.28,15.48,3.6492,11.785,11.785,3.6492,15.48,58.28,9.2971,2.6497,4.0605,-0.88075,-2.6949,5.0305,-1.6879,-2.3377,0.0054517,0.077485,5.5216,10.268,3.8892,3.8853,-1.9617,0.70776,-0.061038,9,7.5,0.03125,0.010417,11.477,1,0.4393,0.15046,0.26117,0.01659,0.22945,0.055174,0.23188,0.15205,0.011159,0.24432,0.46142,0.40347,0.18441,0.030093,0.5,58.28,15.48,3.6492,11.785,11.785,3.6492,15.48,58.28,9.2971,2.6497,4.0605,-0.88075,-2.6949,5.0305,-1.6879,-2.3377,0.0054517,0.077485,5.5216,10.268,3.8892,3.8853,-1.9617,0.70776,-0.061038,9,7.5,0.03125,0.010417,11.477,1,0.4393,0.15046,0.26117,0.01659,0.22945,0.055174,0.23188,0.15205,0.011159,0.24432,0.46142,0.40347,0.18441,0.030093,14.25,276.56,14.222,14.968,3.1732,3.1732,14.968,14.222,276.56,66.547,2.7248,2.9067,12.579,2.8789,-4.1916,-6.9471,-0.26915,-0.014352,0.897,3.6472,-9.4558,8.3284,-6.1768,3.8313,-0.14214,0.16069,30.188,25.125,0.15625,0.29688,149.27,1,0.64978,0.45802,0.60915,0.26357,0.43237,0.21225,0.25327,0.13051,0.1151,0.25127,0.56246,0.45114,0.043708,0.0089717,14.25,276.56,14.222,14.968,3.1732,3.1732,14.968,14.222,276.56,66.547,2.7248,2.9067,12.579,2.8789,-4.1916,-6.9471,-0.26915,-0.014352,0.897,3.6472,-9.4558,8.3284,-6.1768,3.8313,-0.14214,0.16069,30.188,25.125,0.15625,0.29688,149.27,1,0.64978,0.45802,0.60915,0.26357,0.43237,0.21225,0.25327,0.13051,0.1151,0.25127,0.56246,0.45114,0.043708,0.0089717,14.25,276.56,14.222,14.968,3.1732,3.1732,14.968,14.222,276.56,66.547,2.7248,2.9067,12.579,2.8789,-4.1916,-6.9471,-0.26915,-0.014352,0.897,3.6472,-9.4558,8.3284,-6.1768,3.8313,-0.14214,0.16069,30.188,25.125,0.15625,0.29688,149.27,1,0.64978,0.45802,0.60915,0.26357,0.43237,0.21225,0.25327,0.13051,0.1151,0.25127,0.56246,0.45114,0.043708,0.0089717,60,17.632,18.995,9,13.952,13.952,9,18.995,17.632,10.934,-5.5625,-5.233,-4.1836,0.482,-7.3555,-3.4903,-4.6349,-0.023684,-0.35746,0.046942,-1.002,-2.1452,0.88779,-0.61411,0.88837,0.26517,4,5,1,1.25,4.4894,1,0.018069,0.022808,0.032287,0.090344,0.013033,0.23045,0.087678,0.12145,0.029621,0.36364,0.48889,0.46,0.44444,0.2,63,19.318,4.5117,13.077,24.922,24.922,13.077,4.5117,19.318,12.398,-1.0552,-1.4963,0.064902,-5.8449,-2.7332,-4.0856,-6.4508,-0.34488,0.13258,-1.2074,3.2994,-2.5107,1.3923,-1.7018,-3.42,3.8614,2,10,1,1.3125,6.3896,1,0.029201,0.23513,0.297,0.18544,0.10317,0.14716,0.048075,0.039932,0.090999,0.12727,0.24444,0.13,0.25556,0.18889,42.309,2.3546,1.0965,0.0047087,0.79132,0.79132,0.0047087,1.0965,2.3546,2.8475,2.647,2.6495,2.6472,2.6622,2.6598,2.6536,2.8499,0.2915,-0.0003355,0.0085452,-0.0016657,-0.0021256,0.0055382,-0.055429,0.24996,-0.71444,0.95947,0,0.9397,0.88144,0.05296,1,0.0033651,0.0014965,0.0038845,0.01703,0.024983,0.020089,0.016306,0.034272,0.031908,0.97576,0.98281,0.98112,0.98292,0.65112,4.1484,0.25473,0.098749,0.058892,0.10109,0.10109,0.058892,0.098749,0.25473,0.25837,-0.28169,-0.28298,-0.2661,-0.27756,-0.25581,-0.23409,-0.27414,-0.029807,-1.2781e-05,-0.0048706,-0.0020291,0.015974,0.014802,0.024308,-0.034426,0.076291,0,0.11133,0.091553,0.086426,0.0005915,1,0.062605,0.084988,0.040839,0.12793,0.029484,0.03445,0.081678,0.067013,0.014974,0.86403,0.87573,0.79298,0.74756,0.57992,30.394,2.0064,0.29917,0.67468,0.49281,0.49281,0.67468,0.29917,2.0064,3.2901,1.8186,1.8181,1.802,1.9464,2.0025,2.041,2.0836,0.031406,3.4043e-05,-0.0019649,0.067105,0.014538,0.061182,-0.070927,-0.089474,-0.35162,0.76331,0,0.70224,0.63321,0.03878,1,0.23027,0.020101,0.011819,0.018961,0.042298,0.054983,0.080563,0.12138,0.10892,0.83419,0.91162,0.93751,0.93495,0.51648,206.16,12.521,1.8443,4.6392,3.3622,3.3622,4.6392,1.8443,12.521,19.324,13.095,13.071,13.227,13.303,13.382,13.141,13.719,0.20619,0.00013965,-0.088148,-0.083313,-0.0973,-0.009922,-0.37264,-0.59807,-2.3085,4.7783,0,4.669,4.2951,1.7142,1,0.2484,0.0037548,0.0069015,0.01097,0.017434,0.02255,0.027686,0.035501,0.049656,0.97606,0.98406,0.98681,0.97787,0.54259
3.125,63.714,39.875,13,4.6797,4.6797,13,39.875,63.714,18.694,1.0957,2.1046,0.31565,2.5075,-1.1017,2.0211,-4.4111,0.24933,0.059308,3.9615,9.2059,6.1998,5.4841,-3.7194,1.8064,-0.42586,9.125,6.5625,0.03125,0.065104,10.93,1,0.43715,0.26113,0.15413,0.33005,0.22203,0.069202,0.2367,0.085347,0.24083,0.23599,0.3417,0.36164,0.21613,0.086758,3.125,63.714,39.875,13,4.6797,4.6797,13,39.875,63.714,18.694,1.0957,2.1046,0.31565,2.5075,-1.1017,2.0211,-4.4111,0.24933,0.059308,3.9615,9.2059,6.1998,5.4841,-3.7194,1.8064,-0.42586,9.125,6.5625,0.03125,0.065104,10.93,1,0.43715,0.26113,0.15413,0.33005,0.22203,0.069202,0.2367,0.085347,0.24083,0.23599,0.3417,0.36164,0.21613,0.086758,3.125,63.714,39.875,13,4.6797,4.6797,13,39.875,63.714,18.694,1.0957,2.1046,0.31565,2.5075,-1.1017,2.0211,-4.4111,0.24933,0.059308,3.9615,9.2059,6.1998,5.4841,-3.7194,1.8064,-0.42586,9.125,6.5625,0.03125,0.065104,10.93,1,0.43715,0.26113,0.15413,0.33005,0.22203,0.069202,0.2367,0.085347,0.24083,0.23599,0.3417,0.36164,0.21613,0.086758,12.188,322.26,10.12,5.5947,12.427,12.427,5.5947,10.12,322.26,24.674,1.8053,-2.9109,10.884,-5.4222,15.668,-14.514,1.3673,0.11707,-0.20818,-18.29,-47.842,-66.054,-25.925,4.5054,0.49629,-0.63486,33.938,29.688,0.1875,0.25391,210.69,1,0.5522,0.65992,0.31889,0.49347,0.3873,0.15635,0.24127,0.12516,0.089954,0.14817,0.55944,0.56372,0.089012,0.0090035,12.188,322.26,10.12,5.5947,12.427,12.427,5.5947,10.12,322.26,24.674,1.8053,-2.9109,10.884,-5.4222,15.668,-14.514,1.3673,0.11707,-0.20818,-18.29,-47.842,-66.054,-25.925,4.5054,0.49629,-0.63486,33.938,29.688,0.1875,0.25391,210.69,1,0.5522,0.65992,0.31889,0.49347,0.3873,0.15635,0.24127,0.12516,0.089954,0.14817,0.55944,0.56372,0.089012,0.0090035,12.188,322.26,10.12,5.5947,12.427,12.427,5.5947,10.12,322.26,24.674,1.8053,-2.9109,10.884,-5.4222,15.668,-14.514,1.3673,0.11707,-0.20818,-18.29,-47.842,-66.054,-25.925,4.5054,0.49629,-0.63486,33.938,29.688,0.1875,0.25391,210.69,1,0.5522,0.65992,0.31889,0.49347,0.3873,0.15635,0.24127,0.12516,0.089954,0.14817,0.55944,0.56372,0.089012,0.0090035,30,26.369,17.978,19.975,1.4212,1.4212,19.975,17.978,26.369,6.7113,-2.7211,-2.76,-4.2079,-1.8725,-0.45738,-2.101,-1.9007,1.2698,-0.29794,-1.131,3.5626,1.6468,1.8656,1.1499,1.7641,-0.69844,5,5,1,0.625,4.367,1,0.1167,0.017281,0.023066,0.005405,0.11114,0.11495,0.06821,0.23371,0.0045676,0.34545,0.26667,0.28,0.48889,0.33333,46,16.088,21.758,11.533,9.2215,9.2215,11.533,21.758,16.088,5.5689,1.4145,-0.20305,-2.6629,-2.0996,-3.0812,-4.3685,-1.8784,-0.39341,0.36571,-4.8266,-0.42159,-1.7799,-1.0189,0.10414,-1.8295,1.7011,2,6,1,0.95833,2.7216,1,0.12447,0.093092,0.1571,0.23408,0.0011401,0.085858,0.044843,0.062948,0.023833,0.21212,0.2037,0.26667,0.22222,0.2037,40.49,2.4344,0.67096,0.93525,0.5478,0.5478,0.93525,0.67096,2.4344,4.6195,2.6672,2.6642,2.6654,2.6636,2.6596,2.653,2.5982,0.015307,0.0003668,-0.0098944,-0.014888,-0.0059579,-0.014377,-0.060719,-0.46767,-0.17138,0.96533,0,0.94214,0.84354,0.084572,1,0.38999,0.014028,0.012521,0.019357,0.036054,0.034163,0.034431,0.043766,0.051309,0.97719,0.97544,0.97274,0.97566,0.43416,0.56104,0.10524,0.094746,0.023726,0.0069447,0.0069447,0.023726,0.094746,0.10524,0.086866,-0.045986,-0.045149,-0.039501,-0.043485,-0.038028,-0.025818,-0.035075,-0.00011848,0.00034935,0.0042778,-0.0039115,0.0089371,0.0097382,0.0082015,0.0076297,0.0013265,0.00097656,0.030762,0.012207,0.011688,5.6261e-05,1,0.047811,0.026893,0.1432,0.1568,0.052531,0.21725,0.048373,0.057058,0.15038,0.48485,0.51146,0.35555,0.33862,0.19929,33.377,1.5818,0.95008,0.031511,0.63879,0.63879,0.031511,0.95008,1.5818,2.3592,2.017,2.0241,2.0176,2.0727,2.0445,2.2062,2.3005,0.23419,-0.00070388,0.02405,0.075182,0.098258,0.024027,-0.067394,0.1994,-0.57513,0.80699,0,0.74945,0.69535,0.033957,1,0.016868,0.026156,0.019328,0.021105,0.056501,0.088346,0.10316,0.072614,0.0016404,0.88143,0.90839,0.91868,0.96386,0.6252,209.8,11.936,5.8398,0.0062135,3.9097,3.9097,0.0062135,5.8398,11.936,14.266,13.096,13.08,13.165,13.226,13.186,13.151,14.123,1.4407,-0.0008067,-0.062305,-0.051424,-0.074976,0.12133,-0.35435,1.2354,-3.5388,4.7607,0,4.6553,4.3709,1.3024,1,0.0026559,0.0052547,0.0068807,0.0091251,0.015097,0.017103,0.024288,0.040562,0.045387,0.97641,0.98247,0.98134,0.97837,0.65198
4.4375,61.788,13.579,4.5017,3.4738,3.4738,4.5017,13.579,61.788,15.153,-0.5226,1.3153,-5.6784,4.1308,-2.9434,5.5834,-1.2261,0.0080881,0.17797,7.4481,11.901,5.1187,8.6508,-3.8617,0.44927,-0.090556,7.75,9.625,0,0.092448,10.974,1,0.42689,0.39583,0.22615,0.00041794,0.21489,0.31541,0.29786,0.1227,0.15699,0.21901,0.37229,0.38377,0.12049,0.024531,4.4375,61.788,13.579,4.5017,3.4738,3.4738,4.5017,13.579,61.788,15.153,-0.5226,1.3153,-5.6784,4.1308,-2.9434,5.5834,-1.2261,0.0080881,0.17797,7.4481,11.901,5.1187,8.6508,-3.8617,0.44927,-0.090556,7.75,9.625,0,0.092448,10.974,1,0.42689,0.39583,0.22615,0.00041794,0.21489,0.31541,0.29786,0.1227,0.15699,0.21901,0.37229,0.38377,0.12049,0.024531,4.4375,61.788,13.579,4.5017,3.4738,3.4738,4.5017,13.579,61.788,15.153,-0.5226,1.3153,-5.6784,4.1308,-2.9434,5.5834,-1.2261,0.0080881,0.17797,7.4481,11.901,5.1187,8.6508,-3.8617,0.44927,-0.090556,7.75,9.625,0,0.092448,10.974,1,0.42689,0.39583,0.22615,0.00041794,0.21489,0.31541,0.29786,0.1227,0.15699,0.21901,0.37229,0.38377,0.12049,0.024531,71.688,239.24,6.902,15.149,24.113,24.113,15.149,6.902,239.24,37.4,-6.1375,-8.8096,2.56,-5.3124,1.1162,-16.933,-1.9007,0.012132,-0.66725,-12.181,-38.719,-33.75,-29.233,0.77101,0.69041,-0.13583,26,25.25,0.65625,1.4935,119.46,1,0.58262,0.47092,0.58443,0.17679,0.40249,0.2139,0.23632,0.10671,0.11363,0.16346,0.543,0.62596,0.083066,0.010951,71.688,239.24,6.902,15.149,24.113,24.113,15.149,6.902,239.24,37.4,-6.1375,-8.8096,2.56,-5.3124,1.1162,-16.933,-1.9007,0.012132,-0.66725,-12.181,-38.719,-33.75,-29.233,0.77101,0.69041,-0.13583,26,25.25,0.65625,1.4935,119.46,1,0.58262,0.47092,0.58443,0.17679,0.40249,0.2139,0.23632,0.10671,0.11363,0.16346,0.543,0.62596,0.083066,0.010951,71.688,239.24,6.902,15.149,24.113,24.113,15.149,6.902,239.24,37.4,-6.1375,-8.8096,2.56,-5.3124,1.1162,-16.933,-1.9007,0.012132,-0.66725,-12.181,-38.719,-33.75,-29.233,0.77101,0.69041,-0.13583,26,25.25,0.65625,1.4935,119.46,1,0.58262,0.47092,0.58443,0.17679,0.40249,0.2139,0.23632,0.10671,0.11363,0.16346,0.543,0.62596,0.083066,0.010951,20,6.5552,4.9375,14.526,19.84,19.84,14.526,4.9375,6.5552,4.8889,-2.1778,-2.8292,-2.6017,-0.40409,-1.4941,-0.89747,-0.33579,0.032352,0.12782,-2.008,2.3794,1.0361,-1.829,-0.12407,0.57294,-0.36222,4,4,0,0.41667,2.7163,1,0.079798,0.10612,0.10993,0.022683,0.07376,0.03601,0.0069626,0.15503,0.06832,0.34091,0.33333,0.225,0.27778,0.22222,56,18.257,25.267,48.446,23.173,23.173,48.446,25.267,18.257,7.95,-6.1745,-3.624,-8.6327,1.4924,-7.0735,-2.5467,-3.3235,0.016176,-0.24613,8.7039,-0.73651,-0.37093,3.7921,-1.581,1.132,-0.18111,17,18,1,1.1667,22.993,1,0.15106,0.11688,0.33099,0.062693,0.073411,0.19134,0.08832,0.15145,0.073926,0.16162,0.28395,0.23333,0.11111,0.037037,41.378,2.3397,0.41674,0.96625,0.67209,0.67209,0.96625,0.41674,2.3397,3.7302,2.6597,2.6599,2.6618,2.6613,2.6614,2.6374,2.7636,0.04133,-0.00016158,0.000203,-0.0044802,-0.0035407,0.012699,-0.05678,-0.12351,-0.46274,0.96973,0,0.93921,0.86205,0.069084,1,0.24815,0.0051332,0.016294,0.024468,0.015613,0.025583,0.03952,0.030323,0.028901,0.97029,0.9699,0.96974,0.97147,0.53637,0.38281,0.038359,0.099903,0.028634,0.038362,0.038362,0.028634,0.099903,0.038359,0.0825,-0.042228,-0.0419,-0.033151,-0.033409,-0.015057,-0.016048,-0.017331,-0.00071733,-0.0014033,-0.0034208,0.014418,0.012426,-0.011593,-0.0074321,-0.0060645,0.0080313,0.019531,0.040527,0.0083008,0.0079753,0.00011442,1,0.091355,0.027417,0.36218,0.18601,0.008305,0.23992,0.14358,0.045072,0.0595,0.3264,0.29451,0.29036,0.21419,0.092369,202.83,10.798,3.1358,4.6746,2.6769,2.6769,4.6746,3.1358,10.798,24.297,12.996,12.997,13.025,13.43,13.459,13.401,13.126,0.076916,-0.00023894,0.0031874,0.11483,0.10081,0.055824,-0.26896,-2.3689,-0.86116,4.803,0,4.7465,4.2256,2.1252,1,0.38954,0.017597,0.021574,0.025049,0.031833,0.040235,0.049973,0.053603,0.053032,0.9578,0.98914,0.99236,0.98966,0.44017,203.81,11.664,3.1258,4.711,2.6644,2.6644,4.711,3.1258,11.664,24.226,13.26,13.251,13.289,13.432,13.579,13.368,13.036,0.076395,0.00030638,-0.031766,0.0058299,-0.012567,0.03925,-0.27158,-2.3525,-0.85533,4.843,0,4.7264,4.2461,2.1428,1,0.39602,0.0064065,0.010399,0.015419,0.024445,0.029892,0.041595,0.057399,0.064236,0.9695,0.98221,0.9893,0.97626,0.43332
8.5,69.457,23.031,9.6681,0.398,0.398,9.6681,23.031,69.457,10.578,0.62542,0.78975,0.68746,2.8547,-0.60464,3.7113,-4.051,0.0039715,0.075194,0.86213,-5.4933,-9.2679,-14.508,-3.4003,1.1448,-0.044465,10.625,9.75,0,0.17708,18.085,1,0.64133,0.13863,0.36658,0.019995,0.1237,0.31377,0.00092041,0.10628,0.0052447,0.075401,0.46667,0.43529,0.33791,0.045752,8.5,69.457,23.031,9.6681,0.398,0.398,9.6681,23.031,69.457,10.578,0.62542,0.78975,0.68746,2.8547,-0.60464,3.7113,-4.051,0.0039715,0.075194,0.86213,-5.4933,-9.2679,-14.508,-3.4003,1.1448,-0.044465,10.625,9.75,0,0.17708,18.085,1,0.64133,0.13863,0.36658,0.019995,0.1237,0.31377,0.00092041,0.10628,0.0052447,0.075401,0.46667,0.43529,0.33791,0.045752,8.5,69.457,23.031,9.6681,0.398,0.398,9.6681,23.031,69.457,10.578,0.62542,0.78975,0.68746,2.8547,-0.60464,3.7113,-4.051,0.0039715,0.075194,0.86213,-5.4933,-9.2679,-14.508,-3.4003,1.1448,-0.044465,10.625,9.75,0,0.17708,18.085,1,0.64133,0.13863,0.36658,0.019995,0.1237,0.31377,0.00092041,0.10628,0.0052447,0.075401,0.46667,0.43529,0.33791,0.045752,48.625,231.68,7.9752,10.816,8.6832,8.6832,10.816,7.9752,231.68,71.871,-3.6291,-5.378,7.4298,-1.0706,2.5133,-23.926,0.73196,0.030727,-0.062752,-6.7345,25.464,37.258,48.455,7.1497,0.26257,-0.34402,28.813,30.063,0.1875,1.013,133.24,1,0.52674,0.43647,0.42387,0.15525,0.31058,0.10875,0.18255,0.0047584,0.087633,0.086562,0.27628,0.54324,0.3733,0.017325,48.625,231.68,7.9752,10.816,8.6832,8.6832,10.816,7.9752,231.68,71.871,-3.6291,-5.378,7.4298,-1.0706,2.5133,-23.926,0.73196,0.030727,-0.062752,-6.7345,25.464,37.258,48.455,7.1497,0.26257,-0.34402,28.813,30.063,0.1875,1.013,133.24,1,0.52674,0.43647,0.42387,0.15525,0.31058,0.10875,0.18255,0.0047584,0.087633,0.086562,0.27628,0.54324,0.3733,0.017325,48.625,231.68,7.9752,10.816,8.6832,8.6832,10.816,7.9752,231.68,71.871,-3.6291,-5.378,7.4298,-1.0706,2.5133,-23.926,0.73196,0.030727,-0.062752,-6.7345,25.464,37.258,48.455,7.1497,0.26257,-0.34402,28.813,30.063,0.1875,1.013,133.24,1,0.52674,0.43647,0.42387,0.15525,0.31058,0.10875,0.18255,0.0047584,0.087633,0.086562,0.27628,0.54324,0.3733,0.017325,27,21.517,18.119,9.6437,11.295,11.295,9.6437,18.119,21.517,13.662,-3.9716,-4.3284,-4.9766,-0.5436,-0.95466,-1.6628,0.50289,-0.023684,0.97935,1.9092,-0.13676,0.41207,-1.9956,4.4757,-0.4883,0.26517,3,6,0,0.5625,4.3364,1,0.11463,0.070741,0.22311,0.14246,0.062328,0.090731,0.14351,0.070262,0.07904,0.33333,0.2963,0.28333,0.25926,0.14815,23,5.6551,8.0685,22.271,11.635,11.635,22.271,8.0685,5.6551,8.8308,-2.8679,-2.4383,-2.0575,1.5419,-2.1645,-2.8081,-1.12,-0.14009,-0.043769,1.4581,-0.21648,1.1104,-3.4385,-0.63114,-1.7912,1.5685,5,7,0,0.47917,3.7017,1,0.027175,0.067045,0.099287,0.096418,0.05212,0.034212,0.13463,0.086891,0.12329,0.11688,0.12698,0.31429,0.19048,0.12698,41.444,2.6616,0.3304,0.93679,0.70007,0.70007,0.93679,0.3304,2.6616,3.7582,2.6525,2.6526,2.6569,2.6765,2.6659,2.6426,2.7667,0.041714,0.00019913,0.0012991,-0.032499,-0.028543,-0.011243,-0.068303,-0.11862,-0.46704,0.96631,0,0.94043,0.86341,0.069307,1,0.24265,0.0077023,0.0086387,0.016429,0.028488,0.02196,0.019281,0.035388,0.049205,0.97386,0.97872,0.97322,0.97406,0.54101,0.5874,0.18277,0.042095,0.020664,0.098657,0.098657,0.020664,0.042095,0.18277,0.11124,-0.04666,-0.050086,-0.050209,-0.037727,-0.019209,-0.021023,-0.054076,-0.00077742,0.00059213,-0.010827,-0.0020556,0.01716,0.02567,0.017138,0.0028842,0.0087041,0.015625,0.03418,0.015381,0.012238,0.00012429,1,0.19488,0.037928,0.33928,0.089299,0.28939,0.16553,0.11286,0.24514,0.16381,0.54286,0.44762,0.28857,0.38571,0.3619,211.28,13.18,1.8781,4.785,3.4783,3.4783,4.785,1.8781,13.18,19.381,13.608,13.614,13.466,13.597,13.624,13.588,14.057,0.21122,-0.0012619,0.017892,-0.16052,-0.071776,-0.16738,-0.39473,-0.61323,-2.3649,4.9118,0,4.7805,4.4018,1.8012,1,0.24749,0.0042205,0.007142,0.012576,0.034658,0.041207,0.027668,0.025966,0.044146,0.9743,0.97888,0.97699,0.98389,0.5404,207.18,12.009,1.798,4.6673,3.3437,3.3437,4.6673,1.798,12.009,19.691,13.313,13.314,13.22,13.412,13.434,13.313,13.651,0.20544,-0.00068552,-0.00016397,-0.031542,-0.020904,0.0054828,-0.43695,-0.59107,-2.3001,4.8048,0,4.6955,4.3162,1.7321,1,0.25509,0.0060882,0.0034268,0.00037181,0.0153,0.03677,0.043409,0.036275,0.041366,0.97537,0.98592,0.98782,0.97826,0.5371
14.563,104.31,24.54,12.033,6.0521,6.0521,12.033,24.54,104.31,39.793,-0.96757,0.56857,-4.8493,5.0156,-0.037854,2.3789,-7.7441,-0.16531,0.0072346,5.7569,17.447,15.823,8.541,-1.349,-0.3928,1.8509,11.688,9.375,0.375,0.30339,22.906,1,0.45872,0.46696,0.41094,0.37487,0.43412,0.035891,0.26224,0.036576,0.168,0.21731,0.48841,0.48984,0.16578,0.1432,14.563,104.31,24.54,12.033,6.0521,6.0521,12.033,24.54,104.31,39.793,-0.96757,0.56857,-4.8493,5.0156,-0.037854,2.3789,-7.7441,-0.16531,0.0072346,5.7569,17.447,15.823,8.541,-1.349,-0.3928,1.8509,11.688,9.375,0.375,0.30339,22.906,1,0.45872,0.46696,0.41094,0.37487,0.43412,0.035891,0.26224,0.036576,0.168,0.21731,0.48841,0.48984,0.16578,0.1432,14.563,104.31,24.54,12.033,6.0521,6.0521,12.033,24.54,104.31,39.793,-0.96757,0.56857,-4.8493,5.0156,-0.037854,2.3789,-7.7441,-0.16531,0.0072346,5.7569,17.447,15.823,8.541,-1.349,-0.3928,1.8509,11.688,9.375,0.375,0.30339,22.906,1,0.45872,0.46696,0.41094,0.37487,0.43412,0.035891,0.26224,0.036576,0.168,0.21731,0.48841,0.48984,0.16578,0.1432,24.688,331.29,36.182,47.241,20.109,20.109,47.241,36.182,331.29,23.294,-3.6362,-6.0515,6.0793,-9.9968,13.238,-15.202,0.55155,0.046487,-0.59072,-10.969,-40.603,-66.18,-29.572,2.4922,0.54618,-0.52048,36.625,34.5,0,0.51432,229.47,1,0.48625,0.66542,0.29017,0.51201,0.36036,0.20131,0.23797,0.13295,0.085894,0.16119,0.51858,0.6058,0.062571,0.010049,24.688,331.29,36.182,47.241,20.109,20.109,47.241,36.182,331.29,23.294,-3.6362,-6.0515,6.0793,-9.9968,13.238,-15.202,0.55155,0.046487,-0.59072,-10.969,-40.603,-66.18,-29.572,2.4922,0.54618,-0.52048,36.625,34.5,0,0.51432,229.47,1,0.48625,0.66542,0.29017,0.51201,0.36036,0.20131,0.23797,0.13295,0.085894,0.16119,0.51858,0.6058,0.062571,0.010049,24.688,331.29,36.182,47.241,20.109,20.109,47.241,36.182,331.29,23.294,-3.6362,-6.0515,6.0793,-9.9968,13.238,-15.202,0.55155,0.046487,-0.59072,-10.969,-40.603,-66.18,-29.572,2.4922,0.54618,-0.52048,36.625,34.5,0,0.51432,229.47,1,0.48625,0.66542,0.29017,0.51201,0.36036,0.20131,0.23797,0.13295,0.085894,0.16119,0.51858,0.6058,0.062571,0.010049,7,13.828,22.424,4.3589,1.5417,1.5417,4.3589,22.424,13.828,3.5699,-0.78799,-0.45537,-0.020511,-0.1541,-1.1249,1.6398,-2.3053,-0.064705,-0.054024,1.0626,-2.6208,0.79174,-2.2104,-1.8813,-0.34821,0.72444,4,4,0,0.14583,3.8719,1,0.01695,0.010086,0.028947,0.0066614,0.16815,0.058076,0.059378,0.069648,0.091862,0.31818,0.36111,0.35,0.58333,0.25,40,12.796,15.528,14,10.387,10.387,14,15.528,12.796,5.2374,-5.4536,-6.1809,-1.3603,-4.0152,-1.6599,-1.2098,-2.9193,-0.044194,-0.23989,-3.508,3.1874,-6.8613,1.2629,0.35947,0.12248,0.4948,4,8,0.5,0.83333,4.7376,1,0.052021,0.029316,0.22018,0.23765,0.20883,0.10729,0.2727,0.20883,0.01996,0.20455,0.19444,0.3125,0.19444,0.097222,41.236,2.335,0.38373,0.9381,0.66319,0.66319,0.9381,0.38373,2.335,3.7516,2.643,2.6448,2.6675,2.6628,2.6493,2.6228,2.7383,0.041173,-3.0964e-05,0.0065112,0.011429,0.030708,0.016905,-0.074742,-0.11909,-0.46098,0.95898,0,0.93457,0.85909,0.0686,1,0.24885,0.0030787,0.0062872,0.010848,0.012747,0.019937,0.033575,0.036979,0.029122,0.97996,0.98258,0.97765,0.97149,0.53971,0.81885,0.012229,0.069567,0.060273,0.063595,0.063595,0.060273,0.069567,0.012229,0.043118,-0.078123,-0.074283,-0.062388,-0.049481,-0.043451,-0.047483,-0.055972,-0.00084159,-0.0017212,0.0086341,-0.0097848,-0.012963,-0.0013553,-0.00011451,0.0024341,0.0094226,0.010254,0.036621,0.019043,0.017059,9.11e-05,1,0.025277,0.091363,0.082712,0.049128,0.046468,0.0051859,0.061721,0.090886,0.23231,0.61454,0.49778,0.49467,0.46815,0.28889,216.06,12.323,1.9188,4.9715,3.5115,3.5115,4.9715,1.9188,12.323,20.31,13.64,13.647,13.605,13.867,13.911,14.073,14.516,0.21688,-0.0001738,0.025405,0.098341,0.18457,0.086581,-0.38102,-0.65208,-2.4282,5.0452,0,4.8974,4.5013,1.8866,1,0.24584,0.0098503,0.016253,0.02319,0.036043,0.045921,0.054767,0.050622,0.036422,0.95388,0.97225,0.98097,0.98839,0.5419,205.61,12.814,1.7896,4.6463,3.3825,3.3825,4.6463,1.7896,12.814,18.889,13.069,13.052,13.133,13.209,13.222,13.25,13.764,0.20664,-0.00065275,-0.066204,-0.055157,-0.10333,0.10351,-0.37632,-0.60323,-2.3135,4.7846,0,4.6784,4.2836,1.7057,1,0.24431,0.0097652,0.013603,0.01824,0.027736,0.031901,0.040254,0.052723,0.053725,0.96914,0.97693,0.97988,0.98148,0.54319
52.125,71.393,26.251,19.45,8.5844,8.5844,19.45,26.251,71.393,65.131,4.5604,4.3732,0.58601,0.99404,-8.2334,6.064,15.982,0.24031,0.19606,-0.049715,8.5698,-0.74012,-0.67615,2.0407,-0.69504,-2.6905,10.188,9.5,0.5,1.0859,22.23,1,0.10586,0.12935,0.28121,0.17637,0.32141,0.16246,0.028474,0.11697,0.093534,0.11099,0.62918,0.37791,0.4833,0.29652,52.125,71.393,26.251,19.45,8.5844,8.5844,19.45,26.251,71.393,65.131,4.5604,4.3732,0.58601,0.99404,-8.2334,6.064,15.982,0.24031,0.19606,-0.049715,8.5698,-0.74012,-0.67615,2.0407,-0.69504,-2.6905,10.188,9.5,0.5,1.0859,22.23,1,0.10586,0.12935,0.28121,0.17637,0.32141,0.16246,0.028474,0.11697,0.093534,0.11099,0.62918,0.37791,0.4833,0.29652,52.125,71.393,26.251,19.45,8.5844,8.5844,19.45,26.251,71.393,65.131,4.5604,4.3732,0.58601,0.99404,-8.2334,6.064,15.982,0.24031,0.19606,-0.049715,8.5698,-0.74012,-0.67615,2.0407,-0.69504,-2.6905,10.188,9.5,0.5,1.0859,22.23,1,0.10586,0.12935,0.28121,0.17637,0.32141,0.16246,0.028474,0.11697,0.093534,0.11099,0.62918,0.37791,0.4833,0.29652,42,343.46,33.622,14.433,4.156,4.156,14.433,33.622,343.46,107.64,-2.4975,-4.665,9.1988,18.918,9.3473,-16.28,-3.0624,-0.039952,0.18567,-7.4749,-10.077,-23.51,16.377,3.1353,0.22416,0.44731,31.938,31.063,0.15625,0.875,222.62,1,0.5344,0.55636,0.44879,0.44691,0.43581,0.049856,0.26874,0.015917,0.18548,0.13503,0.59752,0.54481,0.26962,0.012394,42,343.46,33.622,14.433,4.156,4.156,14.433,33.622,343.46,107.64,-2.4975,-4.665,9.1988,18.918,9.3473,-16.28,-3.0624,-0.039952,0.18567,-7.4749,-10.077,-23.51,16.377,3.1353,0.22416,0.44731,31.938,31.063,0.15625,0.875,222.62,1,0.5344,0.55636,0.44879,0.44691,0.43581,0.049856,0.26874,0.015917,0.18548,0.13503,0.59752,0.54481,0.26962,0.012394,42,343.46,33.622,14.433,4.156,4.156,14.433,33.622,343.46,107.64,-2.4975,-4.665,9.1988,18.918,9.3473,-16.28,-3.0624,-0.039952,0.18567,-7.4749,-10.077,-23.51,16.377,3.1353,0.22416,0.44731,31.938,31.063,0.15625,0.875,222.62,1,0.5344,0.55636,0.44879,0.44691,0.43581,0.049856,0.26874,0.015917,0.18548,0.13503,0.59752,0.54481,0.26962,0.012394,32,13.468,9.2989,11.269,7.9762,7.9762,11.269,9.2989,13.468,19.551,3.0663,2.4212,0.40197,-1.4922,-3.9889,-3.3082,-2.9392,-0.044194,0.67866,-0.16176,1.8797,-1.0178,0.25259,0.2123,0.12782,0.4948,4,5,1,0.66667,3.3333,1,0.24468,0.20709,0.0035461,0.057447,0.16809,0.048227,0.024823,0.089362,0.05461,0.32727,0.26667,0.5,0.26667,0.11111,13,17.611,18.859,16.462,24.038,24.038,16.462,18.859,17.611,8.412,0.27774,-1.0631,0.63737,0.38691,-1.655,-0.68184,-2.3959,0.080881,0.60962,-2.9867,0.022253,-6.1563,2.105,-2.5146,1.8494,-0.90556,5,7,0,0.27083,6.3293,1,0.009844,0.12868,0.016923,0.1467,0.084827,0.036607,0.036114,0.16889,0.027202,0.24675,0.34921,0.32857,0.2381,0.12698,41.924,2.2492,1.1748,1.5701e-16,0.78981,0.78981,1.5701e-16,1.1748,2.2492,2.779,2.6351,2.6351,2.6351,2.6351,2.6351,2.6171,2.8262,0.28821,-2.2204e-16,-2.2204e-16,-2.2204e-16,-2.2204e-16,-2.2204e-16,-0.067276,0.24704,-0.70802,0.93164,0,0.93164,0.87341,0.051939,1,0.0041667,0.0069444,0.0097222,0.0125,0.016667,0.019444,0.022222,0.025,0.027778,1,1,1,1,0.66667,0.85693,0.045974,0.024014,2.1684e-18,0.016144,0.016144,2.1684e-18,0.024014,0.045974,0.056803,-0.053862,-0.053862,-0.053862,-0.053862,-0.053862,-0.053493,-0.057767,-0.0058911,3.4694e-18,3.4694e-18,3.4694e-18,3.4694e-18,3.4694e-18,0.0013751,-0.0050495,0.014472,0,0.019043,0.019043,0.017853,2.17e-05,1,0.0041667,0.0069444,0.0097222,0.0125,0.016667,0.019444,0.022222,0.025,0.027778,0.99999,0.99999,0.99999,0.99999,0.66666,219.34,12.274,1.9883,4.9776,3.5641,3.5641,4.9776,1.9883,12.274,20.317,13.942,13.946,13.92,14.179,14.127,14.08,14.696,0.22006,0.00035957,0.015365,0.014395,0.088122,-0.094217,-0.36936,-0.65253,-2.4639,5.0867,0,4.985,4.5696,1.9414,1,0.24494,0.010053,0.015012,0.020454,0.028708,0.037858,0.036587,0.023522,0.026082,0.96838,0.98347,0.98155,0.98853,0.54495,203.89,11.421,1.824,4.5449,3.3013,3.3013,4.5449,1.824,11.421,19.883,12.795,12.796,12.808,13.19,13.261,13.194,13.614,0.20411,0.00095172,0.010157,0.11788,0.16116,0.13019,-0.38568,-0.60088,-2.2853,4.7779,0,4.6317,4.2477,1.6806,1,0.24895,0.0037708,0.0077688,0.012961,0.020864,0.034249,0.051915,0.053524,0.043496,0.9469,0.97671,0.98447,0.97591,0.53769
244.69,13.127,6.857,8.0059e-16,4.6097,4.6097,8.0059e-16,6.857,13.127,16.219,15.38,15.38,15.38,15.38,15.38,15.274,16.495,1.6821,-8.8818e-16,-8.8818e-16,-8.8818e-16,-8.8818e-16,-8.8818e-16,-0.39265,1.4418,-4.1323,5.4375,0,5.4375,5.0977,1.7693,1,0.0041667,0.0069444,0.0097222,0.0125,0.016667,0.019444,0.022222,0.025,0.027778,1,1,1,1,0.66667,244.69,13.127,6.857,8.0059e-16,4.6097,4.6097,8.0059e-16,6.857,13.127,16.219,15.38,15.38,15.38,15.38,15.38,15.274,16.495,1.6821,-8.8818e-16,-8.8818e-16,-8.8818e-16,-8.8818e-16,-8.8818e-16,-0.39265,1.4418,-4.1323,5.4375,0,5.4375,5.0977,1.7693,1,0.0041667,0.0069444,0.0097222,0.0125,0.016667,0.019444,0.022222,0.025,0.027778,1,1,1,1,0.66667,244.69,13.127,6.857,8.0059e-16,4.6097,4.6097,8.0059e-16,6.857,13.127,16.219,15.38,15.38,15.38,15.38,15.38,15.274,16.495,1.6821,-8.8818e-16,-8.8818e-16,-8.8818e-16,-8.8818e-16,-8.8818e-16,-0.39265,1.4418,-4.1323,5.4375,0,5.4375,5.0977,1.7693,1,0.0041667,0.0069444,0.0097222,0.0125,0.016667,0.019444,0.022222,0.025,0.027778,1,1,1,1,0.66667,218.75,416.68,84.908,32.048,12.789,12.789,32.048,84.908,416.68,287.24,-5.1629,-11.256,11.914,3.7527,21.067,-15.753,-61.933,-17.493,0.74791,-20.264,-33.684,-68.15,-43.787,24.897,-38.775,38.707,43.25,58.125,2.0625,4.5573,566.38,1,0.32296,0.27785,0.40075,0.19208,0.19949,0.23271,0.11372,0.24726,0.14282,0.11848,0.4037,0.47839,0.16858,0.41039,218.75,416.68,84.908,32.048,12.789,12.789,32.048,84.908,416.68,287.24,-5.1629,-11.256,11.914,3.7527,21.067,-15.753,-61.933,-17.493,0.74791,-20.264,-33.684,-68.15,-43.787,24.897,-38.775,38.707,43.25,58.125,2.0625,4.5573,566.38,1,0.32296,0.27785,0.40075,0.19208,0.19949,0.23271,0.11372,0.24726,0.14282,0.11848,0.4037,0.47839,0.16858,0.41039,218.75,416.68,84.908,32.048,12.789,12.789,32.048,84.908,416.68,287.24,-5.1629,-11.256,11.914,3.7527,21.067,-15.753,-61.933,-17.493,0.74791,-20.264,-33.684,-68.15,-43.787,24.897,-38.775,38.707,43.25,58.125,2.0625,4.5573,566.38,1,0.32296,0.27785,0.40075,0.19208,0.19949,0.23271,0.11372,0.24726,0.14282,0.11848,0.4037,0.47839,0.16858,0.41039,45,2.4142,1.2611,5.5511e-17,0.84776,0.84776,5.5511e-17,1.2611,2.4142,2.9829,-2.8284,-2.8284,-2.8284,-2.8284,-2.8284,-2.8091,-3.0335,-0.30936,1.1102e-16,1.1102e-16,1.1102e-16,1.1102e-16,1.1102e-16,0.072212,-0.26517,0.75997,0,1,1,0.9375,0.05984,1,0.0041667,0.0069444,0.0097222,0.0125,0.016667,0.019444,0.022222,0.025,0.027778,1,1,1,1,0.66667,35,7.8924,11.833,8.1854,10.873,10.873,8.1854,11.833,7.8924,11.99,-1.6119,-0.92734,-3.115,-4.4505,-2.647,0.53598,-3.087,0.526,-0.65815,0.37681,4.375,-1.4331,-0.87537,-1.5855,1.599,-0.4818,4,6,1,0.72917,3.3506,1,0.099426,0.075619,0.041361,0.020861,0.16308,0.12942,0.029413,0.15963,0.074426,0.25758,0.37037,0.16667,0.27778,0.24074,41.248,2.4914,0.35856,0.97859,0.69596,0.69596,0.97859,0.35856,2.4914,3.7567,2.6454,2.6474,2.6432,2.6492,2.6644,2.6327,2.7521,0.041355,-0.0020745,0.00029709,0.035444,0.0071014,-0.018648,-0.067196,-0.12007,-0.46302,0.96631,0,0.93555,0.85932,0.068715,1,0.24533,0.0063486,0.010165,0.017647,0.029079,0.024285,0.016553,0.036727,0.045731,0.9667,0.97311,0.97241,0.97024,0.53753,1.1992,0.13871,0.081027,0.092073,0.0057589,0.0057589,0.092073,0.081027,0.13871,0.22356,-0.10764,-0.10681,-0.10592,-0.089071,-0.064516,-0.052554,-0.06837,-0.00078377,0.0015983,0.0083563,-0.030464,0.0023985,0.015638,0.011825,0.0066195,0.0087752,0.01123,0.061523,0.025146,0.024984,0.00026731,1,0.016211,0.15898,0.32008,0.056288,0.22635,0.10196,0.0082624,0.043901,0.11297,0.57936,0.57407,0.32778,0.34039,0.21958,228.02,11.133,6.1038,0.19323,4.0789,4.0789,0.19323,6.1038,11.133,16.726,14.187,14.189,14.2,14.436,14.363,14.525,15.261,1.4789,-0.00032176,0.0084085,0.11472,0.17757,0.10151,-0.28014,1.1188,-3.6747,5.236,0,5.0466,4.7504,1.5441,1,0.044305,0.015042,0.0046402,0.015548,0.025639,0.033138,0.047841,0.045511,0.023894,0.95794,0.97321,0.9766,0.98104,0.62854,209.52,11.197,5.4678,0.25594,3.7032,3.7032,0.25594,5.4678,11.197,16.581,13.045,13.038,13.034,13.342,13.383,13.357,13.852,1.3072,0.00023701,-0.024522,0.14261,0.079737,0.19131,-0.20127,0.91673,-3.2673,4.8661,0,4.651,4.365,1.3121,1,0.078035,0.036149,0.008934,0.0068521,0.020712,0.021803,0.034882,0.061926,0.059386,0.94598,0.9715,0.97631,0.96393,0.60772
10.75,31.373,42.664,22.728,2.4159,2.4159,22.728,42.664,31.373,23.975,-9.2849,-9.4593,-1.0715,0.91251,-4.0841,6.8905,-3.1223,-0.002022,-0.45036,-2.1415,-1.0236,12.789,3.6181,-1.9338,0.80644,0.022639,13.875,16.75,0.59375,0.22396,41.312,1,0.57577,0.14736,0.40063,0.43961,0.26982,0.017114,0.2141,0.15436,0.0030613,0.14349,0.47637,0.48582,0.1874,0.033997,10.75,31.373,42.664,22.728,2.4159,2.4159,22.728,42.664,31.373,23.975,-9.2849,-9.4593,-1.0715,0.91251,-4.0841,6.8905,-3.1223,-0.002022,-0.45036,-2.1415,-1.0236,12.789,3.6181,-1.9338,0.80644,0.022639,13.875,16.75,0.59375,0.22396,41.312,1,0.57577,0.14736,0.40063,0.43961,0.26982,0.017114,0.2141,0.15436,0.0030613,0.14349,0.47637,0.48582,0.1874,0.033997,10.75,31.373,42.664,22.728,2.4159,2.4159,22.728,42.664,31.373,23.975,-9.2849,-9.4593,-1.0715,0.91251,-4.0841,6.8905,-3.1223,-0.002022,-0.45036,-2.1415,-1.0236,12.789,3.6181,-1.9338,0.80644,0.022639,13.875,16.75,0.59375,0.22396,41.312,1,0.57577,0.14736,0.40063,0.43961,0.26982,0.017114,0.2141,0.15436,0.0030613,0.14349,0.47637,0.48582,0.1874,0.033997,30.813,221.79,22.679,30.974,15.547,15.547,30.974,22.679,221.79,115.63,13.467,11.224,4.9154,7.6508,1.1905,-24.193,-3.4824,0.067626,0.42018,-6.9808,5.6879,-19.989,-44.714,4.2367,1.9426,-0.75715,34.625,37.813,0.5625,0.64193,223.51,1,0.61323,0.106,0.60995,0.22982,0.027017,0.25547,0.16105,0.14021,0.02087,0.094816,0.54307,0.53421,0.070707,0.02314,30.813,221.79,22.679,30.974,15.547,15.547,30.974,22.679,221.79,115.63,13.467,11.224,4.9154,7.6508,1.1905,-24.193,-3.4824,0.067626,0.42018,-6.9808,5.6879,-19.989,-44.714,4.2367,1.9426,-0.75715,34.625,37.813,0.5625,0.64193,223.51,1,0.61323,0.106,0.60995,0.22982,0.027017,0.25547,0.16105,0.14021,0.02087,0.094816,0.54307,0.53421,0.070707,0.02314,30.813,221.79,22.679,30.974,15.547,15.547,30.974,22.679,221.79,115.63,13.467,11.224,4.9154,7.6508,1.1905,-24.193,-3.4824,0.067626,0.42018,-6.9808,5.6879,-19.989,-44.714,4.2367,1.9426,-0.75715,34.625,37.813,0.5625,0.64193,223.51,1,0.61323,0.106,0.60995,0.22982,0.027017,0.25547,0.16105,0.14021,0.02087,0.094816,0.54307,0.53421,0.070707,0.02314,32,7.514,8.83,7.2111,15.541,15.541,7.2111,8.83,7.514,12.501,0.38823,-0.76198,-2.2657,-1.7816,-2.6085,-5.4905,1.7723,0.0075074,0.80649,-1.6237,2.0052,1.3972,1.5927,-0.1551,-0.3628,-0.084054,4,6,0.5,0.66667,3.2482,1,0.30568,0.13683,0.0094614,0.041485,0.17467,0.083697,0.12082,0.045852,0.044396,0.27273,0.12963,0.23333,0.31481,0.18519,31,8.8769,3.2437,5.5678,11.109,11.109,5.5678,3.2437,8.8769,16.498,-3.5604,-2.6383,-5.3675,-2.22,-1.2445,-1.4844,0.010255,-0.028018,-0.37523,2.1993,-3.5792,1.7642,-0.043769,0.68025,-0.42101,0.31369,3,6,0,0.64583,3.1272,1,0.2336,0.23729,0.2502,0.33312,0.25581,0.15247,0.29081,0.17387,0.10455,0.24242,0.27778,0.26667,0.18519,0.074074,42.347,2.3717,1.2114,0.085487,0.77643,0.77643,0.085487,1.2114,2.3717,2.8708,2.6341,2.6345,2.6577,2.6691,2.6791,2.6339,2.8521,0.29162,-2.424e-05,0.0014775,-0.0014962,-0.038658,-0.040827,-0.075619,0.25114,-0.71576,0.9668,0,0.94019,0.88222,0.053224,1,0.0066288,0.0097241,0.0064808,0.0074887,0.0081581,0.028239,0.021786,0.0033122,0.039319,0.97006,0.97997,0.96864,0.97486,0.65006,0.97607,0.21181,0.036763,0.13599,0.11999,0.11999,0.13599,0.036763,0.21181,0.093105,-0.085565,-0.087211,-0.034009,-0.06186,-0.065426,-0.060046,-0.079491,-0.0068107,0.0029849,0.0037332,-0.00062888,0.03986,0.022955,0.020415,-0.00085628,0.015527,0.015625,0.056152,0.020264,0.020335,0.00026361,1,0.25272,0.081778,0.15014,0.16556,6.7483e-05,0.016964,0.0088992,0.0061187,0.0034166,0.35099,0.4599,0.36783,0.44831,0.31884,240.85,13.663,2.1025,5.4073,3.9113,3.9113,5.4073,2.1025,13.663,23.324,14.966,14.967,15.017,15.532,15.678,15.572,16.277,0.24486,0.00070739,0.0051362,-0.11214,0.15815,0.060236,-0.44989,-0.70612,-2.7415,5.6208,0,5.5269,5.0178,2.3485,1,0.23851,0.016729,0.019952,0.023316,0.028399,0.033286,0.043599,0.049653,0.043217,0.94562,0.97433,0.98888,0.98473,0.54759,190.27,11.055,1.6799,4.248,3.0949,3.0949,4.248,1.6799,11.055,18.982,11.854,11.864,11.894,12.262,12.553,12.253,12.712,0.19105,-0.0028229,0.026298,0.079757,0.080855,0.058921,-0.35575,-0.55421,-2.139,4.4949,0,4.3262,3.964,1.4659,1,0.24848,0.0031271,0.0068329,0.011673,0.020012,0.02298,0.034463,0.059437,0.067865,0.93487,0.96732,0.98587,0.96387,0.53425
