0,0,0,0,0,0,0,0,0,0,0,0,0,0,0,0,0,0,0,0,0,0,0,0,0,0,0,0,0,0,0,0,0,0,0,0,0,0,0,0,0,0,0,0,0,0,0,0,0,0,0,0,0,0,0,0,0,0,0,0,0,0,0,0,0,0,0,0,0,0,0,0,0,0,0,0,0,0,0,0,0,0,0,0,0,0,0,0,0,0,0,0,0,0,0,0,0,0,0,0,0,0,0,0,0,0,0,0,0,0,0,0,0,0,0,0,0,0,0,0,0,0,0,0,0,0,0,0,0,0,0,0,0,0,0,0,0,0,0,0,0,0,0,0,0,0,0,0,0,0,0,0,0,0,0,0,0,0,0,0,0,0,0,0,0,0,0,0,0,0,0,0,0,0,0,0,0,0,0,0,0,0,0,0,0,0,0,0,0,0,0,0,0,0,0,0,0,0,0,0,0,0,0,0,0,0,0,0,0,0,0,0,0,0,0,0,0,0,0,0,0,0,0,0,0,0,0,0,0,0,0,0,0,0,0,0,0,0,0,0,0,0,0,0,0,0,0,0,0,0,0,0,0,0,0,0,0,0,0,0,0,0,0,0,0,0,0,0,0,0,0,0,0,0,0,0,0,0,0,0,0,0,0,0,0,0,0,0,0,0,0,0,0,0,0,0,0,0,0,0,0,0,0,0,0,0,0,0,0,0,0,0,0,0,0,0,0,0,0,0,0,0,0,0,0,0,0,0,0,0,0,0,0,0,0,0,0,0,0,0,0,0,0,0,0,0,0,0,0,0,0,0,0,0,0,0,0,0,0,0,0,0,0,0,0,0,0,0,42.575,2.4694,0.34079,0.9793,0.68141,0.68141,0.9793,0.34079,2.4694,3.8387,-2.7209,-2.7209,-2.7265,-2.7273,-2.7341,-2.7352,-2.8527,-0.042937,0.00097581,0.0030336,0.0004273,-0.01181,0.0059142,0.06939,0.1234,0.48073,0,0.98926,0.96729,0.88697,0.073112,1,0.24237,0.0097404,0.017647,0.022619,0.032581,0.034973,0.032324,0.035863,0.038523,0.97433,0.97373,0.97922,0.98508,0.5442,10.011,0.652,0.10948,0.14649,0.17097,0.17097,0.14649,0.10948,0.652,0.88941,0.66227,0.66271,0.66309,0.64778,0.64382,0.62263,0.65564,0.0096954,6.974e-05,0.0018841,-0.012508,-0.0056569,0.008156,-0.01885,-0.030942,-0.10855,0.24902,0,0.22583,0.20856,0.0041403,1,0.26189,0.0113,0.0015173,0.010999,0.00044086,0.00101,0.014303,0.022344,0.043033,0.94617,0.91634,0.90725,0.89041,0.49542,0,0,0,0,0,0,0,0,0,0,0,0,0,0,0,0,0,0,0,0,0,0,0,0,0,0,0,0,0,0,0,0,0,0,0,0,0,0,0,0,0,0,0,0,0,0,0,0,0,0,0,0,0,0,0,0,0,0,0,0,0,0,0,0,0,0,0,0,0,0,0,0,0,0,0,0,0,0,0,0,0,0,0,0,0,0,0,0,0,0,0,0
1.1875,68.099,11.57,18.011,29.155,29.155,18.011,11.57,68.099,69.171,3.4882,4.8152,-3.4511,14.431,-1.9921,5.4155,-16.884,0.020002,0.11116,5.3202,5.3896,-12.29,-0.7125,-9.0774,4.8226,-0.22395,21.813,13.438,0.03125,0.02474,49.868,1,0.14973,0.22464,0.094606,0.13806,0.12755,0.023564,0.13931,0.16871,0.12336,0.088304,0.51926,0.14814,0.29799,0.098695,1.1875,68.099,11.57,18.011,29.155,29.155,18.011,11.57,68.099,69.171,3.4882,4.8152,-3.4511,14.431,-1.9921,5.4155,-16.884,0.020002,0.11116,5.3202,5.3896,-12.29,-0.7125,-9.0774,4.8226,-0.22395,21.813,13.438,0.03125,0.02474,49.868,1,0.14973,0.22464,0.094606,0.13806,0.12755,0.023564,0.13931,0.16871,0.12336,0.088304,0.51926,0.14814,0.29799,0.098695,1.1875,68.099,11.57,18.011,29.155,29.155,18.011,11.57,68.099,69.171,3.4882,4.8152,-3.4511,14.431,-1.9921,5.4155,-16.884,0.020002,0.11116,5.3202,5.3896,-12.29,-0.7125,-9.0774,4.8226,-0.22395,21.813,13.438,0.03125,0.02474,49.868,1,0.14973,0.22464,0.094606,0.13806,0.12755,0.023564,0.13931,0.16871,0.12336,0.088304,0.51926,0.14814,0.29799,0.098695,164.94,218.75,107.35,99.613,75.498,75.498,99.613,107.35,218.75,745.73,-3.546,-3.5224,29.35,101.92,-26.159,14.145,-150.02,-4.0731,0.40967,1.4436,126.11,-85.262,16.539,10.999,-20.608,45.604,92.313,98.25,1.5,3.4362,1488.7,1,0.44693,0.05662,0.1239,0.14314,0.0020508,0.013355,0.058901,0.087822,0.07538,0.095825,0.50777,0.12748,0.19763,0.39214,164.94,218.75,107.35,99.613,75.498,75.498,99.613,107.35,218.75,745.73,-3.546,-3.5224,29.35,101.92,-26.159,14.145,-150.02,-4.0731,0.40967,1.4436,126.11,-85.262,16.539,10.999,-20.608,45.604,92.313,98.25,1.5,3.4362,1488.7,1,0.44693,0.05662,0.1239,0.14314,0.0020508,0.013355,0.058901,0.087822,0.07538,0.095825,0.50777,0.12748,0.19763,0.39214,164.94,218.75,107.35,99.613,75.498,75.498,99.613,107.35,218.75,745.73,-3.546,-3.5224,29.35,101.92,-26.159,14.145,-150.02,-4.0731,0.40967,1.4436,126.11,-85.262,16.539,10.999,-20.608,45.604,92.313,98.25,1.5,3.4362,1488.7,1,0.44693,0.05662,0.1239,0.14314,0.0020508,0.013355,0.058901,0.087822,0.07538,0.095825,0.50777,0.12748,0.19763,0.39214,57,10.405,10.716,3.4641,7.466,7.466,3.4641,10.716,10.405,11.342,-3.195,-3.6316,-1.7725,-3.1015,-3.0853,-5.4668,-4.1703,-0.16493,0.63489,0.4717,-1.4216,0.59778,-1.6209,0.92939,-1.3447,1.8466,1,5,1,1.1875,1.8152,1,0.068361,0.082647,0.17285,0.10041,0.13462,0.11951,0.031502,0.09826,0.010806,0.18182,0.28889,0.3,0.31111,0.2,52,123.07,85.182,164.79,194.43,194.43,164.79,85.182,123.07,20.453,-30.645,-20.611,-1.7278,0.93281,-20.564,13.742,-6.609,-0.25332,-5.075,20.65,40.273,-2.6395,-4.3769,15.385,-2.0108,2.8362,46,30,0.5,1.0833,193.35,1,0.007971,0.092356,0.1643,0.21534,0.10059,0.059493,0.1024,0.12615,0.078959,0.14625,0.33092,0.29348,0.19324,0.086957,42.641,2.4846,0.42547,0.9612,0.7115,0.7115,0.9612,0.42547,2.4846,3.8491,-2.7189,-2.7184,-2.7306,-2.7292,-2.7411,-2.7368,-2.8624,-0.042938,-0.00096461,-0.0014928,0.0023337,-0.013679,-0.0068406,0.077719,0.126,0.48074,0,0.98145,0.96802,0.88835,0.073308,1,0.24163,0.013398,0.017405,0.021333,0.027944,0.031572,0.038203,0.039252,0.03372,0.98263,0.98259,0.9899,0.99303,0.55091,9.9795,0.60768,0.14134,0.18481,0.18835,0.18835,0.18481,0.14134,0.60768,1.0703,0.68367,0.68508,0.64846,0.66164,0.66491,0.63041,0.61211,0.0090532,-0.0015374,0.00017971,-0.0012537,0.0044759,-0.0088424,-0.021734,-0.028864,-0.10136,0.24561,0,0.22852,0.20791,0.0041475,1,0.32188,0.091416,0.089871,0.068867,0.010964,0.017301,0.013354,0.018833,0.053307,0.94867,0.95449,0.93976,0.88867,0.46786,107.74,3.0132,0.60252,1.3567,0.75705,0.75705,1.3567,0.60252,3.0132,34.868,3.0053,2.9912,2.9003,7.4935,9.5355,9.3024,7.2803,0.076064,0.00084349,-0.049874,-0.0042338,0.68235,-0.066626,0.10929,-0.81524,-0.85163,3.5034,0,2.6217,2.2447,1.2467,1,0.67788,0.44459,0.27276,0.099436,0.13072,0.23731,0.30458,0.35609,0.39242,0.30683,0.76531,0.95633,0.87398,0.34023,314.5,19.192,2.9986,7.268,5.1845,5.1845,7.268,2.9986,19.192,28.898,20.974,21.006,20.718,20.017,20.425,20.149,20.162,0.30786,-0.00010716,0.11696,-0.67737,0.22291,-0.0014133,-0.5844,-0.80657,-3.4469,7.4429,0,7.1836,6.5522,4.0269,1,0.27309,0.039836,0.032123,0.013228,0.01562,0.028253,0.032897,0.037415,0.043103,0.99195,0.94918,0.96813,0.9466,0.51121
21.125,54.86,29.333,10.366,11.702,11.702,10.366,29.333,54.86,50.734,-8.173,-5.3577,-5.3728,13.377,-4.6899,-0.019499,-9.0484,-0.26356,-0.92099,7.4589,-13.646,25.979,-6.0355,11.087,-1.51,2.9508,13.438,11.813,1.3125,0.4401,36.857,1,0.15684,0.27163,0.48521,0.39852,0.03177,0.29947,0.34996,0.2372,0.19227,0.19239,0.48165,0.57814,0.29457,0.22739,21.125,54.86,29.333,10.366,11.702,11.702,10.366,29.333,54.86,50.734,-8.173,-5.3577,-5.3728,13.377,-4.6899,-0.019499,-9.0484,-0.26356,-0.92099,7.4589,-13.646,25.979,-6.0355,11.087,-1.51,2.9508,13.438,11.813,1.3125,0.4401,36.857,1,0.15684,0.27163,0.48521,0.39852,0.03177,0.29947,0.34996,0.2372,0.19227,0.19239,0.48165,0.57814,0.29457,0.22739,21.125,54.86,29.333,10.366,11.702,11.702,10.366,29.333,54.86,50.734,-8.173,-5.3577,-5.3728,13.377,-4.6899,-0.019499,-9.0484,-0.26356,-0.92099,7.4589,-13.646,25.979,-6.0355,11.087,-1.51,2.9508,13.438,11.813,1.3125,0.4401,36.857,1,0.15684,0.27163,0.48521,0.39852,0.03177,0.29947,0.34996,0.2372,0.19227,0.19239,0.48165,0.57814,0.29457,0.22739,31.688,159.16,128.49,72.832,82.495,82.495,72.832,128.49,159.16,530.3,-0.70709,-1.4744,-13.271,72.552,40.252,8.7765,-73.936,-3.4254,0.15783,-2.3413,-57.451,94.63,-5.9309,63.686,-31.325,38.352,72.438,81.375,0.5625,0.66016,840.75,1,0.28719,0.099493,0.17231,0.0034177,0.024258,0.0038043,0.06754,0.07927,0.17647,0.016967,0.39316,0.24593,0.10915,0.34801,31.688,159.16,128.49,72.832,82.495,82.495,72.832,128.49,159.16,530.3,-0.70709,-1.4744,-13.271,72.552,40.252,8.7765,-73.936,-3.4254,0.15783,-2.3413,-57.451,94.63,-5.9309,63.686,-31.325,38.352,72.438,81.375,0.5625,0.66016,840.75,1,0.28719,0.099493,0.17231,0.0034177,0.024258,0.0038043,0.06754,0.07927,0.17647,0.016967,0.39316,0.24593,0.10915,0.34801,31.688,159.16,128.49,72.832,82.495,82.495,72.832,128.49,159.16,530.3,-0.70709,-1.4744,-13.271,72.552,40.252,8.7765,-73.936,-3.4254,0.15783,-2.3413,-57.451,94.63,-5.9309,63.686,-31.325,38.352,72.438,81.375,0.5625,0.66016,840.75,1,0.28719,0.099493,0.17231,0.0034177,0.024258,0.0038043,0.06754,0.07927,0.17647,0.016967,0.39316,0.24593,0.10915,0.34801,38,10.073,10.768,13.892,8.2873,8.2873,13.892,10.768,10.073,10.724,-0.8251,-0.48323,-2.1655,-2.2452,-1.6937,-5.0925,-1.8908,-0.044194,-0.29593,0.29651,-0.4301,-1.6462,-1.248,0.16176,-0.15309,0.4948,1,5,0.5,0.79167,1.7855,1,0.057535,0.043301,0.041563,0.047977,0.27284,0.066741,0.12992,0.081554,0.14904,0.12727,0.22222,0.28,0.33333,0.088889,138,94.536,110.85,178.5,109.16,109.16,178.5,110.85,94.536,126.49,-7.2889,-7.8373,-6.7524,12.528,-2.817,-39.547,-11.755,0.43877,0.82552,0.68532,-12.611,10.857,-10.899,32.213,9.6997,-4.9125,36,67,0,2.875,328.37,1,0.056903,0.24512,0.066455,0.022736,0.075863,0.035072,0.1211,0.028658,0.098266,0.031208,0.11443,0.28657,0.28192,0.12935,42.924,2.5088,0.40243,0.97201,0.72612,0.72612,0.97201,0.40243,2.5088,3.8789,-2.7437,-2.7446,-2.7456,-2.7646,-2.7548,-2.7479,-2.875,-0.043271,-0.00055785,-0.0051542,0.0087672,0.0045272,-0.0081685,0.077642,0.12438,0.48447,0,0.99463,0.9751,0.89425,0.074281,1,0.24278,0.011418,0.016051,0.018717,0.023514,0.028145,0.037099,0.038792,0.035814,0.97639,0.98162,0.981,0.98358,0.5465,9.1162,0.55542,0.083844,0.20352,0.17585,0.17585,0.20352,0.083844,0.55542,0.88645,0.59384,0.59299,0.60042,0.58628,0.60078,0.57501,0.58401,0.0091695,4.6659e-05,-0.0030236,-0.00033465,0.011468,0.0044217,-0.01829,-0.0196,-0.10266,0.22314,0,0.20605,0.18992,0.0033919,1,0.25896,0.044906,0.040651,0.027559,0.013915,0.0066319,0.021346,0.044712,0.060372,0.94689,0.93192,0.94508,0.90153,0.49842,89.745,4.2048,0.70868,1.3518,0.87722,0.87722,1.3518,0.70868,4.2048,36.678,2.0871,2.0832,1.8669,3.5157,8.2658,9.19,7.5875,0.083687,0.0014721,-0.0097951,-0.70172,0.022333,0.29758,0.51596,-0.78379,-0.93697,3.3377,0,2.0303,1.8697,1.3399,1,0.73065,0.53455,0.37248,0.18805,0.053361,0.1876,0.31644,0.42765,0.49559,0.21923,0.40464,0.91523,0.92957,0.36847,319.09,18.461,3.0119,7.2773,5.3031,5.3031,7.2773,3.0119,18.461,26.922,21.319,21.322,21.477,19.85,20.435,20.505,20.725,0.30789,-0.0014521,0.0080603,0.56441,-0.36863,0.11134,-0.31981,-0.9571,-3.4472,7.5428,0,7.2797,6.6477,4.1593,1,0.27997,0.033785,0.012273,0.015697,0.03401,0.036195,0.041742,0.047855,0.049953,0.999,0.93777,0.96356,0.9585,0.51248
12.125,41.924,22.15,17.237,5.3741,5.3741,17.237,22.15,41.924,32.568,-4.4316,-4.8348,-4.2601,15.789,-6.1781,5.2719,-3.4546,-0.13599,1.3231,2.8736,-10.718,-14.82,5.9975,0.77219,-1.1045,1.5226,15.625,10.5,0,0.2526,21.955,1,0.027037,0.38182,0.32694,0.080776,0.11203,0.01311,0.037978,0.049874,0.13827,0.12218,0.41511,0.2676,0.17911,0.086222,12.125,41.924,22.15,17.237,5.3741,5.3741,17.237,22.15,41.924,32.568,-4.4316,-4.8348,-4.2601,15.789,-6.1781,5.2719,-3.4546,-0.13599,1.3231,2.8736,-10.718,-14.82,5.9975,0.77219,-1.1045,1.5226,15.625,10.5,0,0.2526,21.955,1,0.027037,0.38182,0.32694,0.080776,0.11203,0.01311,0.037978,0.049874,0.13827,0.12218,0.41511,0.2676,0.17911,0.086222,12.125,41.924,22.15,17.237,5.3741,5.3741,17.237,22.15,41.924,32.568,-4.4316,-4.8348,-4.2601,15.789,-6.1781,5.2719,-3.4546,-0.13599,1.3231,2.8736,-10.718,-14.82,5.9975,0.77219,-1.1045,1.5226,15.625,10.5,0,0.2526,21.955,1,0.027037,0.38182,0.32694,0.080776,0.11203,0.01311,0.037978,0.049874,0.13827,0.12218,0.41511,0.2676,0.17911,0.086222,42.938,161.36,146.52,91.12,71.324,71.324,91.12,146.52,161.36,706.25,-1.5281,0.73821,-20.046,127.3,11.164,7.9661,-114.06,-4.5288,-0.25859,7.6021,-43.631,11.926,-1.9606,30.797,-37.044,50.705,66.188,107.63,0.15625,0.89453,1049.1,1,0.38894,0.15297,0.0059656,0.022726,0.044759,0.0088023,0.044153,0.0041641,0.09282,0.021381,0.39947,0.10604,0.090721,0.32501,42.938,161.36,146.52,91.12,71.324,71.324,91.12,146.52,161.36,706.25,-1.5281,0.73821,-20.046,127.3,11.164,7.9661,-114.06,-4.5288,-0.25859,7.6021,-43.631,11.926,-1.9606,30.797,-37.044,50.705,66.188,107.63,0.15625,0.89453,1049.1,1,0.38894,0.15297,0.0059656,0.022726,0.044759,0.0088023,0.044153,0.0041641,0.09282,0.021381,0.39947,0.10604,0.090721,0.32501,42.938,161.36,146.52,91.12,71.324,71.324,91.12,146.52,161.36,706.25,-1.5281,0.73821,-20.046,127.3,11.164,7.9661,-114.06,-4.5288,-0.25859,7.6021,-43.631,11.926,-1.9606,30.797,-37.044,50.705,66.188,107.63,0.15625,0.89453,1049.1,1,0.38894,0.15297,0.0059656,0.022726,0.044759,0.0088023,0.044153,0.0041641,0.09282,0.021381,0.39947,0.10604,0.090721,0.32501,38,8.2462,3.7058,10,6.2008,6.2008,10,3.7058,8.2462,9.345,-5.8813,-5.6514,-1.3953,-0.94236,-3.1911,-4.6188,-0.76748,-0.12391,0.022522,0.93257,0.2087,-1.9109,-0.46087,-1.5955,-1.6442,1.3874,2,5,1,0.79167,2.5514,1,0.01012,0.072547,0.095451,0.044953,0.068972,0.0067466,0.0025481,0.28483,0.010366,0.30909,0.17778,0.32,0.26667,0.2,105,180.93,148.75,36.166,58.355,58.355,36.166,148.75,180.93,40.798,-8.3136,-7.9075,4.6933,-30.83,27.394,-37.369,1.4532,0.031191,-0.74569,-0.95234,15.36,-17.814,-5.3222,-4.4691,0.076235,-0.34922,40,100,0,2.1875,466.75,1,0.047877,0.18523,0.049003,0.20412,0.25096,0.27249,0.051211,0.074052,0.015069,0.023636,0.18556,0.157,0.19333,0.025556,43.044,2.5564,0.41995,0.97665,0.70236,0.70236,0.97665,0.41995,2.5564,3.8516,-2.7556,-2.7582,-2.7607,-2.7709,-2.767,-2.7374,-2.8862,-0.04366,0.001358,-0.0051268,0.006401,0.0086892,-0.00074795,0.075921,0.12158,0.48883,0,1.0093,0.97583,0.89675,0.07472,1,0.23678,0.011556,0.015196,0.020394,0.022653,0.021028,0.026196,0.032914,0.036027,0.96737,0.96974,0.96923,0.96855,0.54115,8.8662,0.53957,0.086897,0.20438,0.12026,0.12026,0.20438,0.086897,0.53957,0.97722,0.56222,0.56172,0.54208,0.57796,0.59495,0.58176,0.57724,0.0084554,-0.0016048,-0.0071887,-0.0074642,0.011691,-0.0047522,-0.0086726,-0.028447,-0.094668,0.21777,0,0.2002,0.18471,0.0032378,1,0.28592,0.049738,0.033087,0.010995,0.047379,0.040525,0.042597,0.050998,0.069108,0.89176,0.93697,0.95964,0.94071,0.48979,87.327,3.2721,0.44597,1.0765,0.54649,0.54649,1.0765,0.44597,3.2721,34.099,1.8235,1.8372,1.6695,4.6014,8.2042,8.4877,6.7853,0.068576,-0.00086631,0.048239,-0.42535,0.26948,-0.16048,0.1407,-0.7944,-0.76778,3.1156,0,2.0894,1.8193,1.1399,1,0.72142,0.5091,0.35127,0.18197,0.087852,0.21848,0.3102,0.39435,0.46911,0.21148,0.54471,0.94141,0.90914,0.35596,318.65,19.872,2.9113,7.3707,5.3596,5.3596,7.3707,2.9113,19.872,26.686,21.512,21.5,21.519,19.675,20.542,20.374,20.633,0.31387,0.0010006,-0.041557,-0.11517,0.040346,-0.0463,-0.50926,-0.84315,-3.5141,7.6068,0,7.2245,6.6386,4.1492,1,0.26915,0.031045,0.017594,0.0027461,0.031441,0.035869,0.033095,0.034708,0.04148,0.99811,0.91884,0.95559,0.9428,0.51116
13.563,41.325,20.574,14.739,12.332,12.332,14.739,20.574,41.325,35.192,0.80022,1.0462,-8.2186,15.541,-5.4797,-1.295,-3.406,-0.38432,0.1314,1.3529,-15.674,-3.0525,-3.2718,3.6947,-4.8246,4.3029,15.875,12.5,0.625,0.28255,22.827,1,0.033355,0.25875,0.27908,0.16615,0.094295,0.026074,0.060474,0.12185,0.18463,0.1446,0.45319,0.1685,0.13561,0.18679,13.563,41.325,20.574,14.739,12.332,12.332,14.739,20.574,41.325,35.192,0.80022,1.0462,-8.2186,15.541,-5.4797,-1.295,-3.406,-0.38432,0.1314,1.3529,-15.674,-3.0525,-3.2718,3.6947,-4.8246,4.3029,15.875,12.5,0.625,0.28255,22.827,1,0.033355,0.25875,0.27908,0.16615,0.094295,0.026074,0.060474,0.12185,0.18463,0.1446,0.45319,0.1685,0.13561,0.18679,13.563,41.325,20.574,14.739,12.332,12.332,14.739,20.574,41.325,35.192,0.80022,1.0462,-8.2186,15.541,-5.4797,-1.295,-3.406,-0.38432,0.1314,1.3529,-15.674,-3.0525,-3.2718,3.6947,-4.8246,4.3029,15.875,12.5,0.625,0.28255,22.827,1,0.033355,0.25875,0.27908,0.16615,0.094295,0.026074,0.060474,0.12185,0.18463,0.1446,0.45319,0.1685,0.13561,0.18679,13.25,110.92,119.25,2.5395,74.553,74.553,2.5395,119.25,110.92,513.73,2.2846,1.96,-18.424,101.66,13.588,-5.382,-61.913,-3.9134,0.61872,0.83627,-60.089,38.931,15.618,35.8,-41.831,43.815,60.563,101.75,0.3125,0.27604,756.33,1,0.2511,0.0075698,0.099916,0.016887,0.0025458,0.033444,0.078307,0.050765,0.012859,0.017813,0.34296,0.12119,0.096096,0.24058,13.25,110.92,119.25,2.5395,74.553,74.553,2.5395,119.25,110.92,513.73,2.2846,1.96,-18.424,101.66,13.588,-5.382,-61.913,-3.9134,0.61872,0.83627,-60.089,38.931,15.618,35.8,-41.831,43.815,60.563,101.75,0.3125,0.27604,756.33,1,0.2511,0.0075698,0.099916,0.016887,0.0025458,0.033444,0.078307,0.050765,0.012859,0.017813,0.34296,0.12119,0.096096,0.24058,13.25,110.92,119.25,2.5395,74.553,74.553,2.5395,119.25,110.92,513.73,2.2846,1.96,-18.424,101.66,13.588,-5.382,-61.913,-3.9134,0.61872,0.83627,-60.089,38.931,15.618,35.8,-41.831,43.815,60.563,101.75,0.3125,0.27604,756.33,1,0.2511,0.0075698,0.099916,0.016887,0.0025458,0.033444,0.078307,0.050765,0.012859,0.017813,0.34296,0.12119,0.096096,0.24058,64,7.4306,3.9681,14.731,14.507,14.507,14.731,3.9681,7.4306,10.009,-2.6753,-3.4024,-3.5527,-3.6293,-4.4248,-5.0631,-4.4345,0,0.23514,-1.9352,-2.3045,-3.47,0.47805,2.9039,1.1882,0,3,5,1,1.3333,3.078,1,0.17281,0.38633,0.11674,0.12442,0.0553,0.13978,0.1321,0.0023041,0.049923,0.29091,0.33333,0.38,0.35556,0.22222,120,141.33,121.54,202.72,102.34,102.34,202.72,121.54,141.33,144.57,-2.7949,-3.8455,-0.016423,-15.315,-41.953,19.657,-3.3245,0.09938,0.27817,-3.0003,1.1351,-52.37,4.5222,-8.1088,2.3744,-1.1127,60,66,1,2.5,459.28,1,0.20299,0.17607,0.23655,0.017152,0.17081,0.15899,0.0092189,0.08209,0.0021078,0.027548,0.24074,0.46061,0.2037,0.077441,42.853,2.5331,0.40288,0.97078,0.68976,0.68976,0.97078,0.40288,2.5331,3.8363,-2.7757,-2.7692,-2.7471,-2.7482,-2.7547,-2.736,-2.8725,-0.043104,-0.0039498,0.011315,-0.0053438,-0.0154,0.0014316,0.084822,0.12621,0.4826,0,0.98877,0.97241,0.89276,0.07403,1,0.23925,0.016989,0.015082,0.017907,0.024497,0.03063,0.031843,0.033155,0.035225,0.98334,0.98178,0.98612,0.98606,0.55007,9.8037,0.61614,0.10299,0.21648,0.097915,0.097915,0.21648,0.10299,0.61614,0.97221,0.64327,0.63964,0.62173,0.64937,0.63868,0.62198,0.64083,0.0093623,0.0023089,-0.0059223,0.00045299,-0.012445,-0.0059394,-0.019107,-0.031949,-0.10482,0.23877,0,0.22144,0.20424,0.0039321,1,0.27058,0.01281,0.013788,0.0095793,0.015121,0.01314,0.0083429,0.034762,0.051316,0.92694,0.95955,0.93988,0.92161,0.50375,80.25,3.0795,1.2323,1.2091,1.033,1.033,1.2091,1.2323,3.0795,34.693,1.1268,1.1353,0.86204,3.8837,7.5471,8.0387,7.0392,0.089526,-0.0013323,0.027294,-0.37676,0.28439,-0.030439,0.23374,-0.54967,-1.0024,2.9212,0,2.0489,1.6719,1.1886,1,0.7201,0.53882,0.38752,0.21547,0.037211,0.15819,0.26048,0.3609,0.43273,0.13002,0.49575,0.93689,0.94247,0.41428,319.45,19.612,2.7574,7.2359,5.2088,5.2088,7.2359,2.7574,19.612,25.651,21.854,21.844,21.997,19.683,20.357,20.274,20.665,0.30231,0.0020171,-0.031211,-0.025119,0.0019653,-0.01089,-0.39972,-1.0242,-3.3847,7.7662,0,7.2024,6.6553,4.2041,1,0.28959,0.03449,0.011403,0.010074,0.031139,0.030847,0.028197,0.030327,0.033451,0.99674,0.89992,0.92904,0.92369,0.49628
28.063,43.772,35.986,9.0993,19.629,19.629,9.0993,35.986,43.772,24.041,9.6865,9.946,2.1336,3.869,1.4571,-0.54701,-0.24228,-0.10312,-0.044287,0.82166,3.941,19.232,-2.3906,0.82999,-1.4744,1.1545,10.75,11.188,0.625,0.58464,17.837,1,0.1987,0.29203,0.01118,0.028521,0.018529,0.06338,0.030889,0.02267,0.098369,0.21889,0.26567,0.57151,0.17753,0.10739,28.063,43.772,35.986,9.0993,19.629,19.629,9.0993,35.986,43.772,24.041,9.6865,9.946,2.1336,3.869,1.4571,-0.54701,-0.24228,-0.10312,-0.044287,0.82166,3.941,19.232,-2.3906,0.82999,-1.4744,1.1545,10.75,11.188,0.625,0.58464,17.837,1,0.1987,0.29203,0.01118,0.028521,0.018529,0.06338,0.030889,0.02267,0.098369,0.21889,0.26567,0.57151,0.17753,0.10739,28.063,43.772,35.986,9.0993,19.629,19.629,9.0993,35.986,43.772,24.041,9.6865,9.946,2.1336,3.869,1.4571,-0.54701,-0.24228,-0.10312,-0.044287,0.82166,3.941,19.232,-2.3906,0.82999,-1.4744,1.1545,10.75,11.188,0.625,0.58464,17.837,1,0.1987,0.29203,0.01118,0.028521,0.018529,0.06338,0.030889,0.02267,0.098369,0.21889,0.26567,0.57151,0.17753,0.10739,46.5,275.5,30.463,16.23,45.355,45.355,16.23,30.463,275.5,235.11,-2.3328,-1.8487,8.3014,-37.344,77.569,2.9813,-25.805,-1.3681,-0.49258,0.17657,39.744,80.655,-52.732,-2.0844,-13.509,15.317,68.125,46.875,0,0.96875,530.39,1,0.036644,0.44306,0.24804,0.091256,0.037705,0.080533,0.041838,0.037207,0.1344,0.011343,0.25688,0.49239,0.13976,0.14577,46.5,275.5,30.463,16.23,45.355,45.355,16.23,30.463,275.5,235.11,-2.3328,-1.8487,8.3014,-37.344,77.569,2.9813,-25.805,-1.3681,-0.49258,0.17657,39.744,80.655,-52.732,-2.0844,-13.509,15.317,68.125,46.875,0,0.96875,530.39,1,0.036644,0.44306,0.24804,0.091256,0.037705,0.080533,0.041838,0.037207,0.1344,0.011343,0.25688,0.49239,0.13976,0.14577,46.5,275.5,30.463,16.23,45.355,45.355,16.23,30.463,275.5,235.11,-2.3328,-1.8487,8.3014,-37.344,77.569,2.9813,-25.805,-1.3681,-0.49258,0.17657,39.744,80.655,-52.732,-2.0844,-13.509,15.317,68.125,46.875,0,0.96875,530.39,1,0.036644,0.44306,0.24804,0.091256,0.037705,0.080533,0.041838,0.037207,0.1344,0.011343,0.25688,0.49239,0.13976,0.14577,46,11.959,8.2347,4.3589,7.8041,7.8041,4.3589,8.2347,11.959,4.0041,-4.7639,-4.5543,-2.5066,-3.4304,-3.6323,-0.86798,-4.006,-0.032352,-0.015751,0.72994,0.16161,2.8656,-1.4132,1.5146,0.59043,0.36222,2,3,1,0.95833,1.4025,1,0.2131,0.10569,0.25809,0.29038,0.1969,0.090023,0.12158,0.00015803,0.27297,0.33333,0.48148,0.43333,0.37037,0.33333,59,54.66,92.218,216.02,127.62,127.62,216.02,92.218,54.66,94.361,1.4974,-0.26083,-1.2335,-4.0322,16.684,-6.0998,-23.706,-0.19528,1.3648,-2.0451,-1.4406,-10.809,-7.7732,-18.22,3.437,2.1863,53,51,0,1.2292,294.14,1,0.07153,0.076214,0.032187,0.24089,0.099759,0.14003,0.013094,0.04693,0.00030378,0.025729,0.12369,0.31321,0.40042,0.14256,42.985,2.5094,0.39948,0.98843,0.70297,0.70297,0.98843,0.39948,2.5094,3.8567,-2.761,-2.7621,-2.762,-2.7618,-2.758,-2.7502,-2.871,-0.043318,0.00080628,-0.001486,-0.010149,0.00035858,-0.0047272,0.074243,0.12262,0.48499,0,0.99512,0.97607,0.89553,0.074491,1,0.24364,0.0092395,0.012649,0.017693,0.023042,0.030587,0.035795,0.035813,0.034847,0.98131,0.98163,0.98057,0.98364,0.54541,9.1304,0.49032,0.085699,0.27506,0.13992,0.13992,0.27506,0.085699,0.49032,0.93997,0.57495,0.57513,0.57573,0.59099,0.6098,0.58218,0.60022,0.0089554,-9.6849e-05,0.00036931,-0.011961,0.01616,0.0021791,-0.013203,-0.027141,-0.10027,0.22803,0,0.20581,0.19022,0.0034115,1,0.28015,0.0092253,0.0080375,0.0012192,0.0055706,0.0099115,0.030328,0.043458,0.052919,0.89449,0.91577,0.93961,0.89864,0.49726,63.951,2.3537,1.2859,1.4055,0.96412,0.96412,1.4055,1.2859,2.3537,31.83,1.1215,1.1273,1.024,1.0516,5.1791,7.0558,7.2685,0.094848,-0.0018037,0.015759,-0.099274,-0.32351,1.0024,-0.035242,-0.53169,-1.0619,2.7573,0,1.0838,1.3323,1.0716,1,0.72043,0.5258,0.3787,0.25198,0.074295,0.079728,0.24498,0.37242,0.43897,0.13756,0.18188,0.76132,0.90455,0.47653,318.99,18.778,2.8006,7.2049,5.1839,5.1839,7.2049,2.8006,18.778,26.592,21.208,21.204,21.304,20.726,19.834,20.198,20.953,0.30677,0.001491,-0.0097436,0.23647,-0.68675,0.27121,-0.48646,-1.0348,-3.4346,7.5174,0,7.1957,6.6457,4.149,1,0.27444,0.012469,0.0053163,0.011151,0.013751,0.023028,0.035875,0.043005,0.035531,0.99842,0.97326,0.94041,0.95414,0.52228
21,50.43,34.067,22.844,11.9,11.9,22.844,34.067,50.43,44.434,-10.194,-9.0628,7.4403,6.5611,-2.0228,1.4219,-4.6798,0.171,0.67561,6.459,15.921,-22.686,5.0879,-12.732,3.8067,-1.9146,15.5,15.688,0.40625,0.4375,33.308,1,0.098451,0.42164,0.40441,0.096415,0.094104,0.014782,0.26319,0.34456,0.036319,0.18037,0.55423,0.27649,0.26339,0.080124,21,50.43,34.067,22.844,11.9,11.9,22.844,34.067,50.43,44.434,-10.194,-9.0628,7.4403,6.5611,-2.0228,1.4219,-4.6798,0.171,0.67561,6.459,15.921,-22.686,5.0879,-12.732,3.8067,-1.9146,15.5,15.688,0.40625,0.4375,33.308,1,0.098451,0.42164,0.40441,0.096415,0.094104,0.014782,0.26319,0.34456,0.036319,0.18037,0.55423,0.27649,0.26339,0.080124,21,50.43,34.067,22.844,11.9,11.9,22.844,34.067,50.43,44.434,-10.194,-9.0628,7.4403,6.5611,-2.0228,1.4219,-4.6798,0.171,0.67561,6.459,15.921,-22.686,5.0879,-12.732,3.8067,-1.9146,15.5,15.688,0.40625,0.4375,33.308,1,0.098451,0.42164,0.40441,0.096415,0.094104,0.014782,0.26319,0.34456,0.036319,0.18037,0.55423,0.27649,0.26339,0.080124,229,330.59,70.811,61.714,65.771,65.771,61.714,70.811,330.59,626.98,2.9027,7.5899,-20.599,109.65,-25.42,2.5959,-129.88,-3.5832,2.1331,24.552,63.983,-76.998,-13.707,16.911,-18.688,40.118,84.375,83,3.4375,4.7708,1108.2,1,0.29651,0.050779,0.098097,0.0052345,0.026605,0.0017807,0.020714,0.058492,0.021913,0.090168,0.54955,0.14304,0.18181,0.39144,229,330.59,70.811,61.714,65.771,65.771,61.714,70.811,330.59,626.98,2.9027,7.5899,-20.599,109.65,-25.42,2.5959,-129.88,-3.5832,2.1331,24.552,63.983,-76.998,-13.707,16.911,-18.688,40.118,84.375,83,3.4375,4.7708,1108.2,1,0.29651,0.050779,0.098097,0.0052345,0.026605,0.0017807,0.020714,0.058492,0.021913,0.090168,0.54955,0.14304,0.18181,0.39144,229,330.59,70.811,61.714,65.771,65.771,61.714,70.811,330.59,626.98,2.9027,7.5899,-20.599,109.65,-25.42,2.5959,-129.88,-3.5832,2.1331,24.552,63.983,-76.998,-13.707,16.911,-18.688,40.118,84.375,83,3.4375,4.7708,1108.2,1,0.29651,0.050779,0.098097,0.0052345,0.026605,0.0017807,0.020714,0.058492,0.021913,0.090168,0.54955,0.14304,0.18181,0.39144,36,10.416,17.364,8.6603,15.749,15.749,8.6603,17.364,10.416,2.883,-0.059634,-0.87088,-2.3719,-1.0682,-3.9389,0.50812,-4.1099,-0.12825,0.58161,-1.1028,0.34562,-1.8675,2.572,0.47112,-0.81326,1.4359,5,6,1,0.75,3.8085,1,0.16725,0.3139,0.028282,0.015014,0.078212,0.060754,0.051676,0.0034916,0.060056,0.28788,0.27778,0.31667,0.16667,0.18519,89,328.35,380.81,142.01,95.663,95.663,142.01,380.81,328.35,139.51,-14.54,-17.239,19.853,-23.792,-15.461,53.545,8.1143,-0.22732,4.3741,4.4024,50.637,92.124,-10.419,-3.4582,-5.5677,2.5451,90,83,0,1.8542,1150.3,1,0.22002,0.084886,0.090269,0.17946,0.025136,0.22444,0.042982,0.032993,0.016457,0.25455,0.22716,0.46111,0.27778,0.082716,42.984,2.6404,0.33167,0.94701,0.71182,0.71182,0.94701,0.33167,2.6404,3.7823,-2.762,-2.762,-2.7591,-2.7642,-2.7427,-2.7468,-2.8873,-0.043747,0.00093269,0.0030195,0.011147,0.0017707,0.0025418,0.086482,0.1206,0.4898,0,1.002,0.97632,0.8955,0.074528,1,0.2289,0.020099,0.010582,0.018683,0.030595,0.029786,0.031181,0.03447,0.03442,0.97497,0.9739,0.96959,0.97731,0.54651,9.0024,0.46795,0.12448,0.16521,0.16701,0.16701,0.16521,0.12448,0.46795,1.0077,0.55568,0.55649,0.55358,0.58321,0.62592,0.56166,0.60033,0.0082901,0.00057753,0.0049328,-0.024816,0.017072,0.0051814,-0.0060435,-0.037102,-0.092817,0.22656,0,0.20068,0.18755,0.0033909,1,0.30379,0.012044,0.04249,0.028486,0.019136,0.020544,0.016272,0.034979,0.069175,0.87265,0.90876,0.95345,0.89056,0.4897,154.65,9.7748,2.582,0.13368,2.1644,2.1644,0.13368,2.582,9.7748,47.924,27.534,28.932,19.336,4.9316,7.6364,7.3737,3.813,0.012022,0.003437,5.2304,-5.5887,0.97592,0.19597,0.24032,-0.84222,-0.1346,9.7504,0,2.4496,3.2219,10.815,1,0.57255,0.30991,0.069691,0.14598,0.075397,0.038745,0.015227,0.0073674,0.0045589,0.82026,0.18111,0.27658,0.22369,0.047723,323.65,20.652,3.4247,7.7257,5.6743,5.6743,7.7257,3.4247,20.652,26.329,22.615,22.667,22.037,20.159,20.783,20.298,20.678,0.32699,-0.0033787,0.18286,-0.93804,0.33173,0.028126,-0.79555,-0.65933,-3.661,8.0012,0,7.2752,6.7426,4.3427,1,0.25832,0.032971,0.035013,0.020412,0.0042243,0.015764,0.020988,0.021985,0.025026,0.98536,0.88952,0.91532,0.88832,0.49521
47.438,34.009,23.963,35.665,17.258,17.258,35.665,23.963,34.009,45.793,-12.18,-13.35,2.7177,16.603,-0.11438,-2.5047,3.9097,0.2932,0.30776,-3.3488,-0.56142,-11.568,7.2787,-12.466,3.3293,-3.2827,19.938,11.125,0.5,0.98828,35.122,1,0.015036,0.12584,0.2306,0.010542,0.065133,0.046297,0.080317,0.048492,0.12588,0.17669,0.37443,0.18746,0.15639,0.22118,47.438,34.009,23.963,35.665,17.258,17.258,35.665,23.963,34.009,45.793,-12.18,-13.35,2.7177,16.603,-0.11438,-2.5047,3.9097,0.2932,0.30776,-3.3488,-0.56142,-11.568,7.2787,-12.466,3.3293,-3.2827,19.938,11.125,0.5,0.98828,35.122,1,0.015036,0.12584,0.2306,0.010542,0.065133,0.046297,0.080317,0.048492,0.12588,0.17669,0.37443,0.18746,0.15639,0.22118,47.438,34.009,23.963,35.665,17.258,17.258,35.665,23.963,34.009,45.793,-12.18,-13.35,2.7177,16.603,-0.11438,-2.5047,3.9097,0.2932,0.30776,-3.3488,-0.56142,-11.568,7.2787,-12.466,3.3293,-3.2827,19.938,11.125,0.5,0.98828,35.122,1,0.015036,0.12584,0.2306,0.010542,0.065133,0.046297,0.080317,0.048492,0.12588,0.17669,0.37443,0.18746,0.15639,0.22118,128.44,17.21,138.7,56.705,31.84,31.84,56.705,138.7,17.21,258.21,-14.542,-11.999,-30.546,115.17,-28.978,7.9294,-19.725,0.58739,1.3568,13.98,-17.495,-39.64,6.1664,8.0827,14.054,-6.5765,68.313,41.438,0,2.6758,513.94,1,0.17408,0.22759,0.38493,0.14907,0.054508,0.043599,0.0011769,0.072731,0.040266,0.14597,0.56725,0.18024,0.088035,0.13581,128.44,17.21,138.7,56.705,31.84,31.84,56.705,138.7,17.21,258.21,-14.542,-11.999,-30.546,115.17,-28.978,7.9294,-19.725,0.58739,1.3568,13.98,-17.495,-39.64,6.1664,8.0827,14.054,-6.5765,68.313,41.438,0,2.6758,513.94,1,0.17408,0.22759,0.38493,0.14907,0.054508,0.043599,0.0011769,0.072731,0.040266,0.14597,0.56725,0.18024,0.088035,0.13581,128.44,17.21,138.7,56.705,31.84,31.84,56.705,138.7,17.21,258.21,-14.542,-11.999,-30.546,115.17,-28.978,7.9294,-19.725,0.58739,1.3568,13.98,-17.495,-39.64,6.1664,8.0827,14.054,-6.5765,68.313,41.438,0,2.6758,513.94,1,0.17408,0.22759,0.38493,0.14907,0.054508,0.043599,0.0011769,0.072731,0.040266,0.14597,0.56725,0.18024,0.088035,0.13581,44,6.3549,8.1586,14.731,7.815,7.815,14.731,8.1586,6.3549,16.66,0.68733,0.13448,-1.8248,-2.6158,-4.9418,-4.4716,-0.9977,-0.044194,0.28842,-1.1088,-1.0927,1.065,2.367,1.7828,-0.39241,0.4948,2,5,1,0.91667,2.0355,1,0.032012,0.1981,0.10576,0.19273,0.020906,0.24231,0.20761,0.13894,0.026423,0.14545,0.33333,0.32,0.31111,0.15556,345,79.949,286,270.22,132.47,132.47,270.22,286,79.949,478.68,-0.034053,-0.26071,-11.172,-18.142,87.027,96.815,-34.966,0.45611,-0.075074,-1.0943,-14.223,27.515,42.255,-30.234,16.178,-5.1066,87,70,3,7.1875,1033.5,1,0.19304,0.21442,0.044193,0.060781,0.13784,0.29884,0.13395,0.20578,0.25098,0.090909,0.31034,0.42874,0.38825,0.15326,30.017,0.9428,0.49708,0.95209,0.99964,0.99964,0.95209,0.49708,0.9428,13.277,-2.758,-2.7515,-2.7426,-2.741,-2.9613,-1.1609,0,0,-0.0039697,0.011219,0.0094708,-0.002213,-0.89712,0.31107,0,0,0,0.97998,0.96533,0.62535,0.21903,1,0.78953,0.64892,0.50849,0.36816,0.15838,0.017353,0.12325,0.20552,0.22782,0.98976,0.98788,0.987,0.10906,0,6.9531,0.29144,0.11095,0.23118,0.20285,0.20285,0.23118,0.11095,0.29144,3.0899,0.60026,0.61037,0.63884,0.64026,0.67977,0.26924,0,0,-0.0038225,0.025078,0.0084825,0.0042616,0.20943,-0.072142,0,0,0.24414,0,0.21973,0.14486,0.011786,1,0.78758,0.64751,0.51296,0.37238,0.16274,0.01995,0.12007,0.20026,0.2315,0.91691,0.93044,0.9102,0.102,0,166.77,19.817,11.549,10.128,9.6998,9.6998,10.128,11.549,19.817,57.774,27.855,28.155,24.162,3.4934,6.9592,6.9573,6.2532,0.094078,0.0059097,1.1405,-6.7848,0.47973,-0.17504,0.037846,-0.27113,-1.0533,9.8923,0,2.344,3.4744,11.54,1,0.592,0.35306,0.13583,0.068488,0.12486,0.088119,0.056157,0.037615,0.0378,0.90616,0.13304,0.24949,0.24064,0.11478,319.99,20.328,3.1585,7.4207,5.3555,5.3555,7.4207,3.1585,20.328,25.834,22.022,22.021,21.749,19.601,20.582,20.379,20.732,0.30992,-0.002174,-0.011257,-0.59159,0.25514,-0.087029,-0.37491,-0.92849,-3.47,7.7875,0,7.2218,6.6664,4.2134,1,0.27769,0.031527,0.010553,0.015436,0.036223,0.029567,0.02427,0.02772,0.036009,0.99211,0.89195,0.93338,0.92562,0.4983
15.625,42.604,31.333,2.4977,10.295,10.295,2.4977,31.333,42.604,8.1696,0.077837,1.4895,-5.1608,0.66478,-1.9421,-0.72375,0,0,-5.0422,-11.419,2.9053,-5.5239,-0.70243,0.19393,0,0,9.6875,17.25,0,0.32552,19.227,1,0.526,0.04583,0.14453,0.31455,0.26414,0.12954,0.10299,0.030961,0.12631,0.37615,0.2339,0.096014,0.0016103,0,15.625,42.604,31.333,2.4977,10.295,10.295,2.4977,31.333,42.604,8.1696,0.077837,1.4895,-5.1608,0.66478,-1.9421,-0.72375,0,0,-5.0422,-11.419,2.9053,-5.5239,-0.70243,0.19393,0,0,9.6875,17.25,0,0.32552,19.227,1,0.526,0.04583,0.14453,0.31455,0.26414,0.12954,0.10299,0.030961,0.12631,0.37615,0.2339,0.096014,0.0016103,0,15.625,42.604,31.333,2.4977,10.295,10.295,2.4977,31.333,42.604,8.1696,0.077837,1.4895,-5.1608,0.66478,-1.9421,-0.72375,0,0,-5.0422,-11.419,2.9053,-5.5239,-0.70243,0.19393,0,0,9.6875,17.25,0,0.32552,19.227,1,0.526,0.04583,0.14453,0.31455,0.26414,0.12954,0.10299,0.030961,0.12631,0.37615,0.2339,0.096014,0.0016103,0,32.75,14.739,18.395,9.4027,17.295,17.295,9.4027,18.395,14.739,48.464,-2.5529,-6.0497,1.7606,11.18,2.9897,0.16894,0,0,0.62246,-10.99,3.0052,2.1559,-0.095047,-0.045268,0,0,8.6875,9.0625,0,0.68229,9.0257,1,0.23477,0.083192,0.043213,0.067718,0.27486,0.13381,0.25575,0.098366,0.062333,0.44514,0.37625,0.1531,0.0099617,0,32.75,14.739,18.395,9.4027,17.295,17.295,9.4027,18.395,14.739,48.464,-2.5529,-6.0497,1.7606,11.18,2.9897,0.16894,0,0,0.62246,-10.99,3.0052,2.1559,-0.095047,-0.045268,0,0,8.6875,9.0625,0,0.68229,9.0257,1,0.23477,0.083192,0.043213,0.067718,0.27486,0.13381,0.25575,0.098366,0.062333,0.44514,0.37625,0.1531,0.0099617,0,32.75,14.739,18.395,9.4027,17.295,17.295,9.4027,18.395,14.739,48.464,-2.5529,-6.0497,1.7606,11.18,2.9897,0.16894,0,0,0.62246,-10.99,3.0052,2.1559,-0.095047,-0.045268,0,0,8.6875,9.0625,0,0.68229,9.0257,1,0.23477,0.083192,0.043213,0.067718,0.27486,0.13381,0.25575,0.098366,0.062333,0.44514,0.37625,0.1531,0.0099617,0,33,6.6826,8.4454,4.5826,5.2759,5.2759,4.5826,8.4454,6.6826,19.946,-0.60889,-0.46574,-4.1177,-4.4434,-1.963,-0.9756,0,0,-0.36423,-0.67116,-1.5477,0.46679,-0.31919,0.26141,0,0,1,3,0,0.6875,0.90027,1,0.28111,0.32376,0.1995,0.155,0.033604,0.069239,0.0029542,0.0075702,0.1466,0.39394,0.51852,0.26667,0.074074,0,16,5.8089,12.598,24.331,23.063,23.063,24.331,12.598,5.8089,6.3096,-3.9226,-5.3813,-0.1911,-0.15754,0.18169,-2.7258,0,0,1.9552,1.0266,-3.2684,3.7911,-2.211,0.73037,0,0,7,9,0,0.33333,8.4397,1,0.10672,0.21737,0.0011204,0.089076,0.062185,0.0064426,0.04902,0.0067227,0.026611,0.37374,0.2716,0.23333,0.074074,0,43.612,2.3574,1.1948,0.086307,0.77484,0.77484,0.086307,1.1948,2.3574,2.926,-2.7312,-2.733,-2.7311,-2.7337,-2.7374,-2.7465,-2.9427,-0.29719,0.00030142,-0.0056398,0.0032245,-3.3743e-05,-0.011842,0.069625,-0.24962,0.732,0,0.98877,0.96704,0.90858,0.056268,1,0.0031086,0.0052845,0.01329,0.013626,0.025534,0.026128,0.032677,0.03661,0.029425,0.97648,0.97816,0.98262,0.98584,0.65152,10.12,0.49541,0.2667,0.021798,0.13404,0.13404,0.021798,0.2667,0.49541,0.72521,0.65334,0.65319,0.65339,0.66333,0.64485,0.58883,0.67004,0.066514,-0.0001301,-0.00099462,0.013637,-0.0086167,0.0064438,-0.012197,0.054535,-0.16515,0.25146,0,0.22607,0.21083,0.0031551,1,0.035279,0.003864,0.0097518,0.0039448,0.042154,0.085556,0.040766,0.002568,0.031158,0.91739,0.926,0.89592,0.84639,0.58231,138.96,18.354,9.1497,9.9091,3.8761,3.8761,9.9091,9.1497,18.354,119.65,27.809,27.773,30.116,8.6872,0.12944,0.021722,0,0,-0.0017971,-0.13831,7.8558,-2.2671,-0.0014649,-0.0058203,0,0,9.9922,0,0.027854,2.8951,20.527,1,0.75819,0.59874,0.44014,0.28181,0.042842,0.11762,0.13481,0.15279,0.17085,0.98638,0.33541,0.0036874,0.00016359,0,235.87,7.6893,3.7269,7.6976,7.671,7.671,7.6976,3.7269,7.6893,103.8,21.866,21.88,21.673,21.393,23.166,9.1163,0,0,-0.00062205,0.049145,-0.011947,0.030483,7.0494,-2.4427,0,0,7.7368,0,7.5582,4.914,13.527,1,0.78831,0.64741,0.50707,0.36742,0.15883,0.02024,0.11842,0.1987,0.22085,0.99289,0.97726,0.97886,0.10904,0
83.875,24.12,61.971,19.221,15.084,15.084,19.221,61.971,24.12,67.172,1.3313,3.1424,-8.8748,14.724,-17.446,-2.6288,-17.545,0.10754,-0.19594,6.1106,11.638,-17.035,10.528,-6.1673,3.8728,0.65468,18.5,20.188,0.75,1.7474,48.915,1,0.13421,0.1521,0.48367,0.26079,0.086042,0.26987,0.23662,0.05451,0.075816,0.14945,0.53492,0.24706,0.27829,0.14001,83.875,24.12,61.971,19.221,15.084,15.084,19.221,61.971,24.12,67.172,1.3313,3.1424,-8.8748,14.724,-17.446,-2.6288,-17.545,0.10754,-0.19594,6.1106,11.638,-17.035,10.528,-6.1673,3.8728,0.65468,18.5,20.188,0.75,1.7474,48.915,1,0.13421,0.1521,0.48367,0.26079,0.086042,0.26987,0.23662,0.05451,0.075816,0.14945,0.53492,0.24706,0.27829,0.14001,83.875,24.12,61.971,19.221,15.084,15.084,19.221,61.971,24.12,67.172,1.3313,3.1424,-8.8748,14.724,-17.446,-2.6288,-17.545,0.10754,-0.19594,6.1106,11.638,-17.035,10.528,-6.1673,3.8728,0.65468,18.5,20.188,0.75,1.7474,48.915,1,0.13421,0.1521,0.48367,0.26079,0.086042,0.26987,0.23662,0.05451,0.075816,0.14945,0.53492,0.24706,0.27829,0.14001,179.38,192.1,122.38,31.596,63.488,63.488,31.596,122.38,192.1,497.05,-0.77737,0.83636,9.1471,63.117,-8.9555,-9.3393,-79.001,-24.553,0.27103,6.9195,98.26,-54.334,-16.619,-0.59229,-55.948,53.87,78.5,81.75,0.25,3.737,867.43,1,0.20377,0.049959,0.10877,0.047566,0.034997,0.018117,0.0048139,0.015929,0.018012,0.12656,0.48242,0.13005,0.15758,0.36442,179.38,192.1,122.38,31.596,63.488,63.488,31.596,122.38,192.1,497.05,-0.77737,0.83636,9.1471,63.117,-8.9555,-9.3393,-79.001,-24.553,0.27103,6.9195,98.26,-54.334,-16.619,-0.59229,-55.948,53.87,78.5,81.75,0.25,3.737,867.43,1,0.20377,0.049959,0.10877,0.047566,0.034997,0.018117,0.0048139,0.015929,0.018012,0.12656,0.48242,0.13005,0.15758,0.36442,179.38,192.1,122.38,31.596,63.488,63.488,31.596,122.38,192.1,497.05,-0.77737,0.83636,9.1471,63.117,-8.9555,-9.3393,-79.001,-24.553,0.27103,6.9195,98.26,-54.334,-16.619,-0.59229,-55.948,53.87,78.5,81.75,0.25,3.737,867.43,1,0.20377,0.049959,0.10877,0.047566,0.034997,0.018117,0.0048139,0.015929,0.018012,0.12656,0.48242,0.13005,0.15758,0.36442,47,7.845,15.273,5.2915,9.0552,9.0552,5.2915,15.273,7.845,14.991,-3.5722,-3.7151,-2.6239,-4.1301,-5.2493,-0.18571,-2.8029,-0.036687,0.063543,-0.32279,-2.1518,-3.0279,0.35688,0.82684,0.20336,0.41075,2,5,1,0.97917,1.8932,1,0.10069,0.010092,0.07847,0.011897,0.13422,0.078036,0.055569,0.04674,0.077831,0.23636,0.33333,0.26,0.17778,0.17778,36,175.13,185.16,236.66,342.3,342.3,236.66,185.16,175.13,112,53.482,43.065,15.86,-69.097,53.519,-24.358,7.9016,-6.0462,10.769,-3.2376,-13.727,-35.988,37.877,8.3813,-14.493,8.2141,65,128,4,0.75,1272.7,1,0.085566,0.09153,0.057677,0.17427,0.20294,0.13676,0.07976,0.10409,0.047984,0.14205,0.33681,0.16406,0.23872,0.092882,43.401,2.5313,0.38683,1.0413,0.62417,0.62417,1.0413,0.38683,2.5313,3.9123,-2.787,-2.7893,-2.7862,-2.7867,-2.7956,-2.7694,-2.8986,-0.043705,-0.00028793,-0.0095686,-0.0068701,-0.0047985,0.00033696,0.073411,0.12424,0.48933,0,1.0078,0.98535,0.9042,0.075945,1,0.24365,0.0085815,0.014684,0.018436,0.020177,0.027393,0.031958,0.033213,0.040107,0.97784,0.9782,0.97984,0.97987,0.54307,7.1948,0.41631,0.15254,0.17704,0.1288,0.1288,0.17704,0.15254,0.41631,0.6965,0.44664,0.44538,0.45448,0.45966,0.4671,0.46903,0.48579,0.0070127,5.2302e-05,-0.0045135,-0.013184,0.0049534,-0.0017083,-0.0010833,-0.02548,-0.078515,0.18945,0,0.16064,0.14989,0.0021603,1,0.28006,0.0067006,0.040032,0.045363,0.06111,0.023462,0.030943,0.04048,0.027793,0.84536,0.85367,0.87345,0.88316,0.47909,204.39,18.917,20.296,0.668,4.0104,4.0104,0.668,20.296,18.917,97.728,24.303,24.212,26.822,9.6649,2.3057,0.32683,20.028,2.3885,6.8666e-06,-0.33762,7.6662,-1.4226,-0.10965,-7.9222,3.1664,-6.0278,9.9539,0,1.0107,4.2581,17.405,1,0.48423,0.25467,0.063262,0.064675,0.077919,0.21813,0.23931,0.25248,0.27164,0.8752,0.36979,0.082093,0.16889,0.58192,327.42,19.403,9.7564,0.50249,6.8079,6.8079,0.50249,9.7564,19.403,16.975,21.288,21.384,20.589,20.166,20.38,20.068,22.12,2.6024,0.00025732,0.36164,-0.77373,0.26705,-0.090861,-1.1573,3.0258,-6.3048,8.4449,0,7.2103,6.8213,3.281,1,0.14268,0.064077,0.0080999,0.018289,0.0011109,0.015819,0.015865,0.01228,0.0095018,0.87613,0.84159,0.85155,0.83917,0.6102
13.188,38.929,7.2395,17.205,36.461,36.461,17.205,7.2395,38.929,21.893,-5.765,-4.1859,-1.231,9.8646,-6.9397,3.7476,-3.1127,0.41331,-0.07536,5.6438,12.744,-13.805,4.3462,-1.8532,7.004,-4.6275,11.875,13,0.625,0.27474,29.401,1,0.029405,0.20601,0.22018,0.11105,0.00062129,0.073139,0.22625,0.028342,0.12753,0.20455,0.54167,0.31538,0.20246,0.30983,13.188,38.929,7.2395,17.205,36.461,36.461,17.205,7.2395,38.929,21.893,-5.765,-4.1859,-1.231,9.8646,-6.9397,3.7476,-3.1127,0.41331,-0.07536,5.6438,12.744,-13.805,4.3462,-1.8532,7.004,-4.6275,11.875,13,0.625,0.27474,29.401,1,0.029405,0.20601,0.22018,0.11105,0.00062129,0.073139,0.22625,0.028342,0.12753,0.20455,0.54167,0.31538,0.20246,0.30983,13.188,38.929,7.2395,17.205,36.461,36.461,17.205,7.2395,38.929,21.893,-5.765,-4.1859,-1.231,9.8646,-6.9397,3.7476,-3.1127,0.41331,-0.07536,5.6438,12.744,-13.805,4.3462,-1.8532,7.004,-4.6275,11.875,13,0.625,0.27474,29.401,1,0.029405,0.20601,0.22018,0.11105,0.00062129,0.073139,0.22625,0.028342,0.12753,0.20455,0.54167,0.31538,0.20246,0.30983,161.13,124.79,34.819,14.367,69.205,69.205,14.367,34.819,124.79,562.11,-4.6878,-0.73707,1.8338,135.67,-10.865,-6.2473,-57.239,-1.354,0.31747,15.795,104.07,-55.781,-12.748,9.983,-4.8753,15.159,92.625,62.063,0,3.3568,927.12,1,0.30682,0.018463,0.13996,0.095066,0.012264,0.076022,0.082075,0.002586,0.023185,0.078273,0.54154,0.087719,0.12618,0.17334,161.13,124.79,34.819,14.367,69.205,69.205,14.367,34.819,124.79,562.11,-4.6878,-0.73707,1.8338,135.67,-10.865,-6.2473,-57.239,-1.354,0.31747,15.795,104.07,-55.781,-12.748,9.983,-4.8753,15.159,92.625,62.063,0,3.3568,927.12,1,0.30682,0.018463,0.13996,0.095066,0.012264,0.076022,0.082075,0.002586,0.023185,0.078273,0.54154,0.087719,0.12618,0.17334,161.13,124.79,34.819,14.367,69.205,69.205,14.367,34.819,124.79,562.11,-4.6878,-0.73707,1.8338,135.67,-10.865,-6.2473,-57.239,-1.354,0.31747,15.795,104.07,-55.781,-12.748,9.983,-4.8753,15.159,92.625,62.063,0,3.3568,927.12,1,0.30682,0.018463,0.13996,0.095066,0.012264,0.076022,0.082075,0.002586,0.023185,0.078273,0.54154,0.087719,0.12618,0.17334,29,22.201,34.635,8.7178,20.976,20.976,8.7178,34.635,22.201,19.628,-4.2943,-4.7193,-0.7484,0.20247,0.57213,-4.4511,-4.1218,0.048529,-0.32871,-2.6738,5.1498,-6.2583,1.9601,-3.2251,1.8289,-0.54333,12,7,0.5,0.60417,10.031,1,0.055563,0.030339,0.27492,0.075016,0.12731,0.097199,0.16105,0.059813,0.05998,0.17424,0.32407,0.14167,0.2037,0.092593,218,44.642,162.95,95.441,61.823,61.823,95.441,162.95,44.642,160.79,6.003,13.689,-24.852,-44.175,-6.0229,-9.015,-2.9588,0.014165,-0.6296,26.599,-23.044,-1.5332,9.5509,-10.433,1.0043,-0.15859,27,42,0,4.5417,289.57,1,0.034274,0.038306,0.060141,0.28026,0.054833,0.0084173,0.10325,0.12435,0.17036,0.23593,0.49206,0.45476,0.21164,0.17989,43.506,2.5585,0.40586,1.0069,0.77553,0.77553,1.0069,0.40586,2.5585,3.9122,-2.7939,-2.7942,-2.8015,-2.7995,-2.797,-2.772,-2.9008,-0.044058,0.0010032,0.0023618,-0.0017747,0.004224,0.0022764,0.071256,0.11957,0.49328,0,1.0059,0.98828,0.90638,0.076311,1,0.24273,0.0048783,0.0094321,0.017103,0.022865,0.024693,0.029097,0.03064,0.03356,0.98354,0.98447,0.98199,0.98279,0.54542,6.5615,0.41641,0.016601,0.11473,0.12198,0.12198,0.11473,0.016601,0.41641,0.62602,0.41827,0.41825,0.40115,0.40566,0.42912,0.43506,0.45221,0.0067144,-0.00082379,-0.0027988,-0.0079416,-0.0067328,0.014361,-0.0076094,-0.020935,-0.075175,0.1665,0,0.14746,0.1367,0.0018066,1,0.23153,0.028987,0.058724,0.049334,0.020227,0.05837,0.097804,0.10077,0.092228,0.86457,0.86869,0.91554,0.92571,0.51026,200.62,13.703,14.513,1.487,8.1943,8.1943,1.487,14.513,13.703,91.125,22.533,22.447,25.472,12.478,2.1482,-0.16009,20.147,0.41056,0.00059879,-0.3185,9.1216,-2.2919,-0.0063392,-8.3739,0.73044,-4.5967,9.9422,0,0.91992,4.1795,17.526,1,0.45654,0.17285,0.067574,0.075119,0.049495,0.16933,0.23361,0.2492,0.27434,0.82128,0.46263,0.075914,0.1602,0.53107,322.43,19.184,3.052,7.5001,5.4227,5.4227,7.5001,3.052,19.184,27.175,22.582,22.713,21.528,20.258,20.767,20.45,20.561,0.311,0.00049067,0.48764,-0.91611,0.34724,-0.043959,-0.51183,-0.86653,-3.482,7.9847,0,7.2579,6.7173,4.2984,1,0.28216,0.043643,0.027454,0.0025033,0.014477,0.02034,0.022313,0.022928,0.027854,0.97302,0.89559,0.91675,0.8994,0.48398
6.6875,44.042,63.986,8.8809,18.072,18.072,8.8809,63.986,44.042,42.578,-1.034,-0.52451,2.0373,0.97568,-3.3269,-8.6816,6.291,0.045733,-0.1404,1.4367,24.851,7.281,6.7984,-26.629,-1.003,-0.51203,18.5,19.563,0.5,0.13932,62.611,1,0.32886,0.19642,0.011169,0.020199,0.019785,0.085944,0.021145,0.037482,0.148,0.055475,0.54633,0.35815,0.26482,0.22435,6.6875,44.042,63.986,8.8809,18.072,18.072,8.8809,63.986,44.042,42.578,-1.034,-0.52451,2.0373,0.97568,-3.3269,-8.6816,6.291,0.045733,-0.1404,1.4367,24.851,7.281,6.7984,-26.629,-1.003,-0.51203,18.5,19.563,0.5,0.13932,62.611,1,0.32886,0.19642,0.011169,0.020199,0.019785,0.085944,0.021145,0.037482,0.148,0.055475,0.54633,0.35815,0.26482,0.22435,6.6875,44.042,63.986,8.8809,18.072,18.072,8.8809,63.986,44.042,42.578,-1.034,-0.52451,2.0373,0.97568,-3.3269,-8.6816,6.291,0.045733,-0.1404,1.4367,24.851,7.281,6.7984,-26.629,-1.003,-0.51203,18.5,19.563,0.5,0.13932,62.611,1,0.32886,0.19642,0.011169,0.020199,0.019785,0.085944,0.021145,0.037482,0.148,0.055475,0.54633,0.35815,0.26482,0.22435,142.38,200.84,41.425,74.871,66.923,66.923,74.871,41.425,200.84,753.13,-0.96647,8.3094,-24.805,133.69,-0.46851,-12.536,-140.48,-2.2723,-0.96066,31.439,44.874,-49.908,-11.865,25.7,3.7208,25.441,75.063,72.563,0,2.9661,1054.6,1,0.46473,0.14435,0.01767,0.026691,0.084979,0.010251,0.053263,0.065474,0.096072,0.11082,0.59053,0.12073,0.24628,0.42788,142.38,200.84,41.425,74.871,66.923,66.923,74.871,41.425,200.84,753.13,-0.96647,8.3094,-24.805,133.69,-0.46851,-12.536,-140.48,-2.2723,-0.96066,31.439,44.874,-49.908,-11.865,25.7,3.7208,25.441,75.063,72.563,0,2.9661,1054.6,1,0.46473,0.14435,0.01767,0.026691,0.084979,0.010251,0.053263,0.065474,0.096072,0.11082,0.59053,0.12073,0.24628,0.42788,142.38,200.84,41.425,74.871,66.923,66.923,74.871,41.425,200.84,753.13,-0.96647,8.3094,-24.805,133.69,-0.46851,-12.536,-140.48,-2.2723,-0.96066,31.439,44.874,-49.908,-11.865,25.7,3.7208,25.441,75.063,72.563,0,2.9661,1054.6,1,0.46473,0.14435,0.01767,0.026691,0.084979,0.010251,0.053263,0.065474,0.096072,0.11082,0.59053,0.12073,0.24628,0.42788,34,34.824,18.085,13,11.189,11.189,13,18.085,34.824,29.585,0.88895,0.72862,0.39833,0.71218,-1.0213,-3.8388,-6.9549,-0.18111,-0.75521,-3.0977,-2.0883,-1.6911,1.5223,-0.76964,-0.84011,2.0277,5,6,1,0.70833,6.1684,1,0.027612,0.086058,0.098693,0.29285,0.31611,0.20357,0.059596,0.026983,0.11826,0.36364,0.37037,0.21667,0.44444,0.27778,202,247.57,90.229,134.81,129.27,129.27,134.81,90.229,247.57,70.091,1.1845,-5.5415,-1.1089,-31.07,-9.5676,-18.975,-4.7112,0.17678,-4.299,-39.329,-22.621,13.238,16.949,18.171,3.9013,-1.9792,46,79,0,4.2083,503.87,1,0.21582,0.090161,0.029945,0.036583,0.073501,0.095193,0.14542,0.07994,0.035866,0.1565,0.19831,0.22152,0.32068,0.061885,43.317,2.6166,0.33276,0.98285,0.71855,0.71855,0.98285,0.33276,2.6166,3.8463,-2.7918,-2.7925,-2.7954,-2.7869,-2.7716,-2.7637,-2.8882,-0.043837,0.00085599,0.00043821,-0.0039548,-0.0038684,0.0056229,0.080734,0.11948,0.49081,0,1.0049,0.98267,0.90244,0.075646,1,0.24026,0.0090282,0.010924,0.012217,0.026115,0.029349,0.029269,0.03026,0.03167,0.98304,0.98078,0.97551,0.97873,0.5447,7.5991,0.42519,0.11432,0.14155,0.1463,0.1463,0.14155,0.11432,0.42519,0.83244,0.43301,0.43614,0.43998,0.46474,0.51148,0.50951,0.54692,0.0080774,-0.00042404,0.010257,-0.0083463,-0.018175,0.0041022,-0.011241,-0.025965,-0.090436,0.19434,0,0.17383,0.15832,0.0025041,1,0.23144,0.036413,0.067681,0.061645,0.050626,0.052087,0.059894,0.10264,0.14719,0.80311,0.85288,0.93417,0.94277,0.52959,210.65,9.1814,6.0295,8.1062,1.0422,1.0422,8.1062,6.0295,9.1814,87.462,22.214,22.197,24.403,15.174,2.0186,-0.25524,22.504,0.38529,-0.00034104,-0.06356,7.9365,-3.3153,0.71988,-2.609,-0.27828,-4.3137,9.9113,0,0.81882,4.3885,17.608,1,0.46948,0.18838,0.011506,0.0012823,0.059611,0.1711,0.27558,0.3005,0.34625,0.79856,0.5425,0.065701,0.25702,0.51295,323.54,20.426,3.4543,7.8072,5.5875,5.5875,7.8072,3.4543,20.426,25.643,22.799,22.839,22.368,19.873,20.73,20.357,20.589,0.31874,0.0013559,0.15651,-0.96615,0.31529,0.00084234,-0.69011,-0.7584,-3.5687,8.0976,0,7.2728,6.7405,4.3751,1,0.27678,0.042687,0.032412,0.013266,0.013482,0.022475,0.023883,0.021871,0.025383,0.98579,0.8672,0.90326,0.88042,0.4834
43.313,51.158,46.318,6.8542,20.493,20.493,6.8542,46.318,51.158,28.936,-1.8096,-2.9848,3.8096,-1.6439,-4.8437,-0.68666,-8.8191,-0.17894,0.47833,-2.803,6.6819,-4.0566,10.024,-1.8075,-0.30817,2.0034,13.125,7.75,1.3438,0.90234,17.02,1,0.12771,0.021063,0.044394,0.10091,0.11937,0.040925,0.14305,0.34709,0.10406,0.23074,0.23439,0.27429,0.24974,0.15503,43.313,51.158,46.318,6.8542,20.493,20.493,6.8542,46.318,51.158,28.936,-1.8096,-2.9848,3.8096,-1.6439,-4.8437,-0.68666,-8.8191,-0.17894,0.47833,-2.803,6.6819,-4.0566,10.024,-1.8075,-0.30817,2.0034,13.125,7.75,1.3438,0.90234,17.02,1,0.12771,0.021063,0.044394,0.10091,0.11937,0.040925,0.14305,0.34709,0.10406,0.23074,0.23439,0.27429,0.24974,0.15503,43.313,51.158,46.318,6.8542,20.493,20.493,6.8542,46.318,51.158,28.936,-1.8096,-2.9848,3.8096,-1.6439,-4.8437,-0.68666,-8.8191,-0.17894,0.47833,-2.803,6.6819,-4.0566,10.024,-1.8075,-0.30817,2.0034,13.125,7.75,1.3438,0.90234,17.02,1,0.12771,0.021063,0.044394,0.10091,0.11937,0.040925,0.14305,0.34709,0.10406,0.23074,0.23439,0.27429,0.24974,0.15503,180.69,98.97,135.14,71.019,5.1176,5.1176,71.019,135.14,98.97,436.78,-1.1901,-4.4944,23.096,96.451,-2.512,-7.0368,-26.108,-2.5136,1.5938,-7.0573,108.63,-32.364,-7.1014,8.2685,-30.528,28.143,84.5,70.5,0,3.7643,835.12,1,0.14172,0.041326,0.16052,0.11028,0.0071673,0.022326,0.043023,0.065829,0.02364,0.20542,0.47189,0.081213,0.062377,0.22756,180.69,98.97,135.14,71.019,5.1176,5.1176,71.019,135.14,98.97,436.78,-1.1901,-4.4944,23.096,96.451,-2.512,-7.0368,-26.108,-2.5136,1.5938,-7.0573,108.63,-32.364,-7.1014,8.2685,-30.528,28.143,84.5,70.5,0,3.7643,835.12,1,0.14172,0.041326,0.16052,0.11028,0.0071673,0.022326,0.043023,0.065829,0.02364,0.20542,0.47189,0.081213,0.062377,0.22756,180.69,98.97,135.14,71.019,5.1176,5.1176,71.019,135.14,98.97,436.78,-1.1901,-4.4944,23.096,96.451,-2.512,-7.0368,-26.108,-2.5136,1.5938,-7.0573,108.63,-32.364,-7.1014,8.2685,-30.528,28.143,84.5,70.5,0,3.7643,835.12,1,0.14172,0.041326,0.16052,0.11028,0.0071673,0.022326,0.043023,0.065829,0.02364,0.20542,0.47189,0.081213,0.062377,0.22756,53,24.218,5.9039,26.287,18.327,18.327,26.287,5.9039,24.218,3.1547,-4.3657,-3.4799,-4.117,-4.3666,-0.66577,-3.0212,-5.3756,-0.10023,-0.15309,2.7991,-1.2278,-5.8012,-0.53846,1.831,-0.05588,1.1222,6,6,1,1.1042,5.1591,1,0.14009,0.20205,0.029243,0.33605,0.015959,0.22461,0.099694,0.07927,0.056155,0.27273,0.42593,0.4,0.35185,0.2037,9,145.98,116.79,141.74,30.212,30.212,141.74,116.79,145.98,71.022,8.0573,2.5092,-12.888,4.4493,16.813,-8.3438,-0.70119,-0.17477,-1.4401,-25.472,-15.767,-6.5822,-13.287,-0.75974,-2.421,1.9567,35,37,0,0.1875,249.47,1,0.13915,0.1436,0.13082,0.04646,0.011632,0.073574,0.041619,0.025718,0.081356,0.33415,0.24324,0.50811,0.36937,0.11111,43.313,2.5833,0.39883,0.99065,0.73112,0.73112,0.99065,0.39883,2.5833,3.8829,-2.7882,-2.7894,-2.7868,-2.7845,-2.7841,-2.7589,-2.8933,-0.043426,0.0010358,-0.0011279,-0.0078417,-0.0024451,0.0042367,0.077486,0.12697,0.48621,0,0.99658,0.98438,0.90235,0.075616,1,0.2462,0.0092781,0.015893,0.016291,0.021437,0.026144,0.026308,0.032152,0.038898,0.989,0.98797,0.98672,0.98721,0.54875,7.4922,0.44456,0.030661,0.16468,0.15011,0.15011,0.16468,0.030661,0.44456,0.78808,0.4588,0.4583,0.46811,0.48574,0.49473,0.49299,0.4896,0.0076232,0.001928,0.0044947,-0.01784,0.0040823,-0.00024908,-0.020066,-0.017386,-0.085351,0.18701,0,0.16968,0.15609,0.0023199,1,0.24225,0.011523,0.046118,0.024636,0.046702,0.03873,0.064582,0.063477,0.041445,0.88417,0.91268,0.94308,0.90891,0.50131,217.58,17.704,16.073,2.186,6.9899,6.9899,2.186,16.073,17.704,83.932,21.952,21.799,25.199,12.205,1.3888,1.8564,25.989,0.368,0.0018665,-0.56488,9.4151,-2.4689,0.26501,4.846,-1.4702,-4.1202,9.9612,0,4.2066,4.5329,18.22,1,0.50317,0.23338,0.022434,0.16997,0.18544,0.24717,0.31287,0.34143,0.38864,0.80412,0.45137,0.040948,0.45544,0.49186,319.55,19.251,2.964,7.9115,5.8254,5.8254,7.9115,2.964,19.251,24.934,22.527,22.735,21.193,20.072,20.403,20.033,20.667,0.32962,-0.00014945,0.77814,-0.83032,0.26758,-0.093717,-0.85274,-0.61713,-3.6905,7.9792,0,7.1473,6.6573,4.2347,1,0.23996,0.011689,0.018125,0.011128,0.0086715,0.017708,0.01661,0.014503,0.021033,0.96405,0.8875,0.90117,0.88377,0.49889
18.313,13.436,42.921,21.74,11.933,11.933,21.74,42.921,13.436,31.147,-11.152,-13.429,12.427,-6.188,0.75856,-6.4259,-0.66152,-0.0013882,0.16582,-7.9493,5.5239,-6.666,4.6364,3.5302,0.15653,0.015542,22,11.188,0.8125,0.38151,30.208,1,0.071212,0.065694,0.3312,0.17317,0.015235,0.22095,0.038419,0.046402,0.034432,0.23321,0.21338,0.14744,0.19034,0.046717,18.313,13.436,42.921,21.74,11.933,11.933,21.74,42.921,13.436,31.147,-11.152,-13.429,12.427,-6.188,0.75856,-6.4259,-0.66152,-0.0013882,0.16582,-7.9493,5.5239,-6.666,4.6364,3.5302,0.15653,0.015542,22,11.188,0.8125,0.38151,30.208,1,0.071212,0.065694,0.3312,0.17317,0.015235,0.22095,0.038419,0.046402,0.034432,0.23321,0.21338,0.14744,0.19034,0.046717,18.313,13.436,42.921,21.74,11.933,11.933,21.74,42.921,13.436,31.147,-11.152,-13.429,12.427,-6.188,0.75856,-6.4259,-0.66152,-0.0013882,0.16582,-7.9493,5.5239,-6.666,4.6364,3.5302,0.15653,0.015542,22,11.188,0.8125,0.38151,30.208,1,0.071212,0.065694,0.3312,0.17317,0.015235,0.22095,0.038419,0.046402,0.034432,0.23321,0.21338,0.14744,0.19034,0.046717,65.063,240.44,159.64,43.707,42.463,42.463,43.707,159.64,240.44,629.13,11.481,3.3632,39.237,73.593,-5.9693,-47.752,-76.003,-0.29614,-0.63083,-32.383,118.77,-11.445,14.943,-56.609,15.944,3.3156,86.5,61.75,4.0313,1.3555,957.95,1,0.34408,0.00077646,0.055291,0.039302,0.011584,0.01042,0.0061533,0.048087,0.1244,0.22103,0.43682,0.07435,0.34176,0.12853,65.063,240.44,159.64,43.707,42.463,42.463,43.707,159.64,240.44,629.13,11.481,3.3632,39.237,73.593,-5.9693,-47.752,-76.003,-0.29614,-0.63083,-32.383,118.77,-11.445,14.943,-56.609,15.944,3.3156,86.5,61.75,4.0313,1.3555,957.95,1,0.34408,0.00077646,0.055291,0.039302,0.011584,0.01042,0.0061533,0.048087,0.1244,0.22103,0.43682,0.07435,0.34176,0.12853,65.063,240.44,159.64,43.707,42.463,42.463,43.707,159.64,240.44,629.13,11.481,3.3632,39.237,73.593,-5.9693,-47.752,-76.003,-0.29614,-0.63083,-32.383,118.77,-11.445,14.943,-56.609,15.944,3.3156,86.5,61.75,4.0313,1.3555,957.95,1,0.34408,0.00077646,0.055291,0.039302,0.011584,0.01042,0.0061533,0.048087,0.1244,0.22103,0.43682,0.07435,0.34176,0.12853,50,31.727,12.822,4.3589,5.8697,5.8697,4.3589,12.822,31.727,14.494,-3.6827,-4.1928,-2.4994,-3.0439,-4.2993,-4.8198,-1.9879,0.084054,0.0007363,-1.9014,2.8212,-1.4015,-0.40773,-0.35154,1.7874,-0.94108,3,7,1,1.0417,4.9344,1,0.22945,0.10532,0.15859,0.11343,0.049497,0.062088,0.087555,0.07712,0.22042,0.25974,0.26984,0.35714,0.33333,0.079365,4,41.972,123.29,206.01,90.892,90.892,206.01,123.29,41.972,101.77,-13.479,-15.076,27.756,-11.806,-12.042,-10.76,9.424,0.47313,-4.5853,-21.135,-3.0426,20.665,-4.8415,-5.2668,4.5379,-5.2973,52,36,0,0.083333,265.14,1,0.097852,0.062113,0.06061,0.16608,0.23341,0.11487,0.11162,0.045175,0.056645,0.27797,0.36966,0.18846,0.20299,0.09188,43.345,2.6044,0.40766,1.0028,0.74892,0.74892,1.0028,0.40766,2.6044,3.9056,-2.784,-2.781,-2.7866,-2.7883,-2.7849,-2.7661,-2.8975,-0.043586,-0.00069923,0.0088446,-0.0031682,0.0075133,-0.0049769,0.085758,0.12572,0.488,0,1.0024,0.98364,0.90302,0.075748,1,0.24445,0.011493,0.01398,0.012135,0.021461,0.024643,0.031994,0.037554,0.039625,0.98167,0.98382,0.9829,0.98095,0.54765,7.7295,0.40462,0.096981,0.15027,0.12398,0.12398,0.15027,0.096981,0.40462,0.75006,0.50788,0.5101,0.48993,0.49235,0.51103,0.50119,0.50093,0.0074464,0.0028001,0.017541,-0.0060983,0.00048405,-0.0067463,-0.015996,-0.023062,-0.083371,0.19092,0,0.17529,0.16103,0.0024634,1,0.26833,0.02842,0.027073,0.006651,0.045714,0.030365,0.031288,0.041931,0.047072,0.92095,0.91276,0.94527,0.91873,0.49105,226.53,35.374,6.2748,7.2969,9.0185,9.0185,7.2969,6.2748,35.374,73.515,21.744,21.498,25.223,8.9151,-1.0927,12.674,24.52,0.32661,0.002357,-0.90939,7.9141,-1.9746,-7.2834,4.3421,-1.6943,-3.6568,9.7829,0,7.5264,4.7193,17.559,1,0.51703,0.2554,0.03895,0.15863,0.43031,0.42819,0.36209,0.42419,0.25951,0.81929,0.34926,0.03329,0.74517,0.44008,320.73,20.654,2.6372,7.9957,5.7792,5.7792,7.9957,2.6372,20.654,23.11,22.234,22.489,20.624,20.209,20.504,19.57,21.749,0.35883,-0.00357,0.94167,-0.71761,0.16551,0.21792,-1.5719,-0.4708,-4.0175,8.1513,0,7.1991,6.6819,4.2878,1,0.15892,0.08415,0.02532,0.01105,0.019316,0.0083734,0.010861,0.026111,0.027423,0.924,0.87471,0.88576,0.8525,0.53116
8.75,39.104,29.268,28.217,10.939,10.939,28.217,29.268,39.104,53.388,3.3108,0.23821,12.801,-3.7176,-0.44055,-10.548,-0.075976,0.091087,-0.5485,-13.282,-7.6982,-5.8865,3.9007,5.9155,1.3801,-1.0198,15.25,16.063,0,0.18229,34.434,1,0.1154,0.28332,0.24329,0.05022,0.20508,0.20177,0.092457,0.024884,0.024304,0.26565,0.40683,0.14747,0.32469,0.18331,8.75,39.104,29.268,28.217,10.939,10.939,28.217,29.268,39.104,53.388,3.3108,0.23821,12.801,-3.7176,-0.44055,-10.548,-0.075976,0.091087,-0.5485,-13.282,-7.6982,-5.8865,3.9007,5.9155,1.3801,-1.0198,15.25,16.063,0,0.18229,34.434,1,0.1154,0.28332,0.24329,0.05022,0.20508,0.20177,0.092457,0.024884,0.024304,0.26565,0.40683,0.14747,0.32469,0.18331,8.75,39.104,29.268,28.217,10.939,10.939,28.217,29.268,39.104,53.388,3.3108,0.23821,12.801,-3.7176,-0.44055,-10.548,-0.075976,0.091087,-0.5485,-13.282,-7.6982,-5.8865,3.9007,5.9155,1.3801,-1.0198,15.25,16.063,0,0.18229,34.434,1,0.1154,0.28332,0.24329,0.05022,0.20508,0.20177,0.092457,0.024884,0.024304,0.26565,0.40683,0.14747,0.32469,0.18331,147.69,374.34,16.579,102.49,52.206,52.206,102.49,16.579,374.34,702.56,3.8067,-16.633,73.317,45.295,1.8058,-50.929,-98.632,-0.70301,-3.7059,-88.548,92.936,-4.5253,10.079,-84.212,15.934,7.871,83.938,86.5,2,3.0768,1407,1,0.23025,0.019926,0.074807,0.0083958,0.017972,0.0022476,0.0066416,0.021903,0.037458,0.34295,0.33181,0.064812,0.44485,0.29488,147.69,374.34,16.579,102.49,52.206,52.206,102.49,16.579,374.34,702.56,3.8067,-16.633,73.317,45.295,1.8058,-50.929,-98.632,-0.70301,-3.7059,-88.548,92.936,-4.5253,10.079,-84.212,15.934,7.871,83.938,86.5,2,3.0768,1407,1,0.23025,0.019926,0.074807,0.0083958,0.017972,0.0022476,0.0066416,0.021903,0.037458,0.34295,0.33181,0.064812,0.44485,0.29488,147.69,374.34,16.579,102.49,52.206,52.206,102.49,16.579,374.34,702.56,3.8067,-16.633,73.317,45.295,1.8058,-50.929,-98.632,-0.70301,-3.7059,-88.548,92.936,-4.5253,10.079,-84.212,15.934,7.871,83.938,86.5,2,3.0768,1407,1,0.23025,0.019926,0.074807,0.0083958,0.017972,0.0022476,0.0066416,0.021903,0.037458,0.34295,0.33181,0.064812,0.44485,0.29488,45,36.541,18.354,42.462,14.377,14.377,42.462,18.354,36.541,36.177,-2.8781,-2.9869,-2.2335,-4.727,-7.5854,-2.1072,0.17461,0.22414,0.13808,0.051121,-4.0369,-5.2429,-4.1103,-2.2957,3.2993,-2.5095,8,8,1,0.9375,12.102,1,0.04518,0.09365,0.019387,0.27782,0.046011,0.098657,0.16163,0.0047385,0.063647,0.29545,0.40278,0.4875,0.22222,0.26389,15,141.86,123.95,174.68,206.79,206.79,174.68,123.95,141.86,113.64,-29.599,-25.185,-16.444,29.358,5.3708,-19.674,-1.5546,0.54651,-9.7185,-15.689,-6.3413,44.219,-20.659,-0.78412,8.5749,-6.1188,59,59,0.5,0.3125,376.73,1,0.0088292,0.1923,0.12057,0.044115,0.057126,0.13937,0.046241,0.004133,0.026886,0.24961,0.23729,0.31525,0.24294,0.079096,43.349,2.6143,0.39156,0.99756,0.74254,0.74254,0.99756,0.39156,2.6143,3.9119,-2.8004,-2.7942,-2.7848,-2.7841,-2.7882,-2.769,-2.8989,-0.043144,-0.0036373,0.010948,0.00835,0.00070977,0.0053514,0.082684,0.1327,0.48305,0,1,0.98364,0.90311,0.075764,1,0.24823,0.011705,0.015953,0.015929,0.026638,0.027387,0.027374,0.034706,0.039018,0.98553,0.98378,0.98589,0.98524,0.54758,7.4399,0.35189,0.092226,0.20188,0.13997,0.13997,0.20188,0.092226,0.35189,0.72912,0.46376,0.46561,0.4635,0.47976,0.4812,0.49107,0.49294,0.0076741,-0.00019163,0.0062868,0.011429,0.0051305,0.0040073,-0.020777,-0.017522,-0.085921,0.18604,0,0.16602,0.155,0.002286,1,0.23765,0.0028746,0.0012047,0.0062601,0.018511,0.077909,0.074273,0.061699,0.058279,0.88284,0.90755,0.92467,0.92213,0.50744,234.67,28.789,7.3058,14.821,9.9817,9.9817,14.821,7.3058,28.789,70.826,21.753,21.478,25.708,8.7902,-1.6425,16.116,24.256,0.31365,0.001727,-1.0203,8.1379,-2.3487,-8.6405,3.3371,-1.8171,-3.5117,9.8603,0,7.6297,4.889,18.081,1,0.52694,0.26047,0.036381,0.17193,0.43928,0.52041,0.46124,0.35492,0.20089,0.82359,0.34356,0.02064,0.84172,0.42959,319.11,20.718,3.1389,8.1004,5.735,5.735,8.1004,3.1389,20.718,24.047,22.053,22.303,20.161,20.312,20.472,19.614,21.554,0.36533,-0.0040372,0.91888,-0.35693,0.02886,0.26031,-1.4892,-0.32171,-4.0903,8.3653,0,7.1941,6.6482,4.236,1,0.15039,0.076362,0.016199,0.015997,0.020104,0.0050707,0.017409,0.032653,0.035341,0.88254,0.85781,0.86254,0.82922,0.51453
18.5,72.639,56.113,8.4551,4.2286,4.2286,8.4551,56.113,72.639,38.123,-10.204,-12.415,16.185,-10.739,2.6211,-11.183,2.6186,-0.0041361,0.72269,-5.8574,-25.584,4.3904,-10.335,5.9551,-0.76338,0.046308,23.25,19.938,0.5625,0.38542,54.041,1,0.24495,0.092959,0.088383,0.34472,0.15395,0.046622,0.17872,0.16427,0.18294,0.29717,0.31511,0.18226,0.19743,0.11828,18.5,72.639,56.113,8.4551,4.2286,4.2286,8.4551,56.113,72.639,38.123,-10.204,-12.415,16.185,-10.739,2.6211,-11.183,2.6186,-0.0041361,0.72269,-5.8574,-25.584,4.3904,-10.335,5.9551,-0.76338,0.046308,23.25,19.938,0.5625,0.38542,54.041,1,0.24495,0.092959,0.088383,0.34472,0.15395,0.046622,0.17872,0.16427,0.18294,0.29717,0.31511,0.18226,0.19743,0.11828,18.5,72.639,56.113,8.4551,4.2286,4.2286,8.4551,56.113,72.639,38.123,-10.204,-12.415,16.185,-10.739,2.6211,-11.183,2.6186,-0.0041361,0.72269,-5.8574,-25.584,4.3904,-10.335,5.9551,-0.76338,0.046308,23.25,19.938,0.5625,0.38542,54.041,1,0.24495,0.092959,0.088383,0.34472,0.15395,0.046622,0.17872,0.16427,0.18294,0.29717,0.31511,0.18226,0.19743,0.11828,210.25,218.19,210.63,118.3,27.231,27.231,118.3,210.63,218.19,693.29,-15.199,-36.146,127.8,-11.394,-4.6593,-94.168,-66.088,0.061652,-0.83822,-80.949,-3.5539,-2.6373,16.402,-63.16,18.629,-0.69027,85.5,73.875,5.2813,4.3802,1070.1,1,0.43414,0.091917,0.10007,0.03303,0.0046376,0.0051564,0.026532,0.004519,0.039165,0.43468,0.20175,0.096857,0.49375,0.062459,210.25,218.19,210.63,118.3,27.231,27.231,118.3,210.63,218.19,693.29,-15.199,-36.146,127.8,-11.394,-4.6593,-94.168,-66.088,0.061652,-0.83822,-80.949,-3.5539,-2.6373,16.402,-63.16,18.629,-0.69027,85.5,73.875,5.2813,4.3802,1070.1,1,0.43414,0.091917,0.10007,0.03303,0.0046376,0.0051564,0.026532,0.004519,0.039165,0.43468,0.20175,0.096857,0.49375,0.062459,210.25,218.19,210.63,118.3,27.231,27.231,118.3,210.63,218.19,693.29,-15.199,-36.146,127.8,-11.394,-4.6593,-94.168,-66.088,0.061652,-0.83822,-80.949,-3.5539,-2.6373,16.402,-63.16,18.629,-0.69027,85.5,73.875,5.2813,4.3802,1070.1,1,0.43414,0.091917,0.10007,0.03303,0.0046376,0.0051564,0.026532,0.004519,0.039165,0.43468,0.20175,0.096857,0.49375,0.062459,63,24.561,20.866,12,21.885,21.885,12,20.866,24.561,21.31,-6.9242,-5.627,-1.6709,-2.5176,-2.82,-6.3037,-7.0071,-0.088388,-0.090286,4.5425,-0.48587,7.8118,-0.64341,1.0139,0.55808,0.98961,9,6,2,1.3125,6.8152,1,0.07389,0.012134,0.031207,0.11277,0.18083,0.0099268,0.072,0.06339,0.049805,0.28283,0.22222,0.36667,0.25926,0.1358,219,66.666,120.91,65.886,51.361,51.361,65.886,120.91,66.666,46.105,-11.513,-14.65,6.8257,-53.18,6.1962,-5.1296,-21.088,-0.39024,6.4923,9.7768,11.26,21.144,-29.315,4.4407,-0.17503,4.3692,46,86,2.5,4.5625,446.97,1,0.3291,0.10104,0.089554,0.25924,0.15713,0.17492,0.041178,0.13747,0.21981,0.11416,0.30362,0.24302,0.11111,0.081395,43.273,2.582,0.35861,0.9693,0.71583,0.71583,0.9693,0.35861,2.582,3.8825,-2.7781,-2.7796,-2.7833,-2.7847,-2.7782,-2.7587,-2.892,-0.043476,0.0017727,0.00030134,-0.0035088,0.00037225,-0.0013747,0.080373,0.12589,0.48677,0,0.99072,0.9834,0.90153,0.075475,1,0.24212,0.010849,0.011687,0.017478,0.023302,0.026058,0.029329,0.033232,0.034371,0.99297,0.9943,0.99137,0.99173,0.552,7.9321,0.51708,0.048454,0.13216,0.1289,0.1289,0.13216,0.048454,0.51708,0.80274,0.48892,0.48891,0.49161,0.49417,0.52984,0.52017,0.53964,0.0076833,-0.00049261,-0.0016907,-0.018138,0.0032835,-0.0066107,-0.013821,-0.029899,-0.086024,0.19824,0,0.18042,0.16525,0.0025925,1,0.26016,0.017841,0.034155,0.037704,0.059974,0.040121,0.026389,0.062298,0.091977,0.87976,0.8856,0.94113,0.93268,0.50657,271.86,19.109,21.248,7.4403,1.3772,1.3772,7.4403,21.248,19.109,29.511,20.611,20.237,26.534,7.4509,8.456,23.295,21.17,0.31312,0.015786,-1.3434,3.6816,10.376,0.258,-0.48816,-0.99815,-3.5057,9.9575,0,7.3019,5.6638,16.515,1,0.10688,0.17113,0.14233,0.023462,0.16438,0.36266,0.41697,0.15652,0.10168,0.82692,0.23325,0.50212,0.84002,0.39171,324.38,20.819,2.8865,8.035,5.6258,5.6258,8.035,2.8865,20.819,21.995,22.63,22.642,19.93,20.55,20.407,19.681,23.493,0.35487,-0.017207,-0.011202,0.074032,-0.097994,0.10284,-0.38783,-0.99739,-3.9732,8.1518,0,7.2152,6.7579,4.3941,1,0.17578,0.11786,0.13296,0.10639,0.006319,0.017647,0.0087213,0.01017,0.019933,0.89633,0.89191,0.87926,0.90594,0.55106
6.6875,51.482,11.609,18.078,6.861,6.861,18.078,11.609,51.482,40.744,3.3908,3.6911,-0.59255,8.7812,-2.0174,-0.3654,-5.0163,0.034573,-1.0359,-2.3073,10.803,-4.1679,2.9881,-7.9608,1.8602,-0.38708,8.8125,9,0.21875,0.13932,14.803,1,0.093076,0.15021,0.01084,0.13633,0.11097,0.17149,0.2348,0.076977,0.053519,0.21907,0.44522,0.28819,0.38194,0.27238,6.6875,51.482,11.609,18.078,6.861,6.861,18.078,11.609,51.482,40.744,3.3908,3.6911,-0.59255,8.7812,-2.0174,-0.3654,-5.0163,0.034573,-1.0359,-2.3073,10.803,-4.1679,2.9881,-7.9608,1.8602,-0.38708,8.8125,9,0.21875,0.13932,14.803,1,0.093076,0.15021,0.01084,0.13633,0.11097,0.17149,0.2348,0.076977,0.053519,0.21907,0.44522,0.28819,0.38194,0.27238,6.6875,51.482,11.609,18.078,6.861,6.861,18.078,11.609,51.482,40.744,3.3908,3.6911,-0.59255,8.7812,-2.0174,-0.3654,-5.0163,0.034573,-1.0359,-2.3073,10.803,-4.1679,2.9881,-7.9608,1.8602,-0.38708,8.8125,9,0.21875,0.13932,14.803,1,0.093076,0.15021,0.01084,0.13633,0.11097,0.17149,0.2348,0.076977,0.053519,0.21907,0.44522,0.28819,0.38194,0.27238,78.063,128.28,45.821,64.315,95.634,95.634,64.315,45.821,128.28,588.66,-0.87752,3.2478,-11.67,113.53,-16.502,-0.90853,-102.63,-2.0337,-0.8578,12.557,49.642,-24.808,9.7925,1.6658,-2.8586,22.769,61.313,60.063,1.4063,1.6263,675.16,1,0.50103,0.19863,0.062353,0.070577,0.033494,0.04866,0.071042,0.013808,0.092026,0.099805,0.61151,0.092151,0.26073,0.35961,78.063,128.28,45.821,64.315,95.634,95.634,64.315,45.821,128.28,588.66,-0.87752,3.2478,-11.67,113.53,-16.502,-0.90853,-102.63,-2.0337,-0.8578,12.557,49.642,-24.808,9.7925,1.6658,-2.8586,22.769,61.313,60.063,1.4063,1.6263,675.16,1,0.50103,0.19863,0.062353,0.070577,0.033494,0.04866,0.071042,0.013808,0.092026,0.099805,0.61151,0.092151,0.26073,0.35961,78.063,128.28,45.821,64.315,95.634,95.634,64.315,45.821,128.28,588.66,-0.87752,3.2478,-11.67,113.53,-16.502,-0.90853,-102.63,-2.0337,-0.8578,12.557,49.642,-24.808,9.7925,1.6658,-2.8586,22.769,61.313,60.063,1.4063,1.6263,675.16,1,0.50103,0.19863,0.062353,0.070577,0.033494,0.04866,0.071042,0.013808,0.092026,0.099805,0.61151,0.092151,0.26073,0.35961,52,17.437,20.482,6.0828,9.616,9.616,6.0828,20.482,17.437,20.97,3.7497,3.7866,-4.2805,-3.9434,-5.7487,-3.4463,-2.3118,0,-0.034789,0.022522,-2.4053,2.6218,2.9715,2.6167,0.61945,0,4,5,1,1.0833,4.5887,1,0.13495,0.061598,0.057026,0.11602,0.18393,0.032522,0.024858,0.18682,0.083977,0.32727,0.37778,0.58,0.4,0.13333,78,7.3845,126.8,140.27,169.05,169.05,140.27,126.8,7.3845,174.88,26.586,21.486,-18.9,-16.883,16.999,25.901,13.497,0.46679,0.86091,-16.184,19.514,-3.6029,-4.9112,-9.2524,3.3517,-5.2262,34,41,2.5,1.625,270.58,1,0.052327,0.020923,0.11453,0.1663,0.16031,0.027141,0.090831,0.00056763,0.0084482,0.23947,0.42818,0.43902,0.30894,0.17344,43.203,2.5739,0.33103,0.99238,0.72603,0.72603,0.99238,0.33103,2.5739,3.8942,-2.7798,-2.7773,-2.7812,-2.7786,-2.7778,-2.7516,-2.8895,-0.042914,-0.00031412,0.0083716,-0.0065175,-0.0054314,0.0027209,0.077882,0.1336,0.48047,0,0.99414,0.98145,0.90005,0.075239,1,0.2471,0.010823,0.014893,0.017781,0.020299,0.024507,0.02765,0.03307,0.037292,0.98763,0.98892,0.98762,0.98723,0.54797,8.2217,0.49725,0.048055,0.18558,0.12779,0.12779,0.18558,0.048055,0.49725,0.78372,0.50396,0.50869,0.50847,0.5267,0.53269,0.53966,0.55403,0.0085775,-0.00048715,0.016055,-0.01587,-0.0094633,0.0038864,-0.010727,-0.020406,-0.096035,0.19922,0,0.18677,0.17128,0.0027733,1,0.21953,0.006366,0.0026335,0.03306,0.044108,0.038049,0.050881,0.073906,0.074289,0.91176,0.93301,0.95,0.95997,0.5226,315.61,39.92,3.5327,2.2764,17.431,17.431,2.2764,3.5327,39.92,15.325,20.579,20.466,21.006,23.035,19.192,12.094,26.446,0.36632,-0.0028961,-0.43028,-0.76137,-13.841,9.4078,3.9598,-1.6178,-4.1013,9.9828,0,8.3125,6.5753,15.34,1,0.033659,0.36556,0.36039,0.087009,0.28515,0.25175,0.048518,0.21471,0.19441,0.74755,0.81585,0.69586,0.52908,0.48107,318.76,19.357,3.0845,7.6068,5.4201,5.4201,7.6068,3.0845,19.357,26.288,22.277,22.408,21.291,19.803,20.549,20.321,20.399,0.313,0.0023611,0.49807,-0.87768,0.32142,-0.095513,-0.58586,-0.79325,-3.5044,7.8787,0,7.1957,6.6408,4.1993,1,0.27403,0.037293,0.023877,0.0024733,0.024126,0.031486,0.027291,0.025806,0.032204,0.97418,0.88858,0.92044,0.90399,0.48942
54.625,15.438,23.881,27.133,8.8047,8.8047,27.133,23.881,15.438,31.973,-2.2226,-5.3584,3.5507,-5.2885,1.7216,-5.5532,-7.0888,-0.43498,0.17322,-11.13,1.7675,8.9879,-3.5965,-0.78043,-4.594,4.8701,11.625,13.25,1.2188,1.138,30.401,1,0.43266,0.085773,0.13193,0.17756,0.3386,0.19511,0.039136,0.14355,0.044952,0.30832,0.2652,0.3184,0.37107,0.34172,54.625,15.438,23.881,27.133,8.8047,8.8047,27.133,23.881,15.438,31.973,-2.2226,-5.3584,3.5507,-5.2885,1.7216,-5.5532,-7.0888,-0.43498,0.17322,-11.13,1.7675,8.9879,-3.5965,-0.78043,-4.594,4.8701,11.625,13.25,1.2188,1.138,30.401,1,0.43266,0.085773,0.13193,0.17756,0.3386,0.19511,0.039136,0.14355,0.044952,0.30832,0.2652,0.3184,0.37107,0.34172,54.625,15.438,23.881,27.133,8.8047,8.8047,27.133,23.881,15.438,31.973,-2.2226,-5.3584,3.5507,-5.2885,1.7216,-5.5532,-7.0888,-0.43498,0.17322,-11.13,1.7675,8.9879,-3.5965,-0.78043,-4.594,4.8701,11.625,13.25,1.2188,1.138,30.401,1,0.43266,0.085773,0.13193,0.17756,0.3386,0.19511,0.039136,0.14355,0.044952,0.30832,0.2652,0.3184,0.37107,0.34172,136.69,319.08,147.99,96.006,40.44,40.44,96.006,147.99,319.08,570.53,-0.63366,-14.771,61.968,89.681,-15.337,-21.162,-63.376,1.4715,-2.1988,-60.036,73.208,-32.392,19.036,28.443,38.948,-16.475,70.688,73.375,0,2.8477,904.42,1,0.23301,0.089861,0.025712,0.07896,0.060336,0.014369,0.015011,0.022004,0.065443,0.32198,0.46801,0.091227,0.22535,0.34128,136.69,319.08,147.99,96.006,40.44,40.44,96.006,147.99,319.08,570.53,-0.63366,-14.771,61.968,89.681,-15.337,-21.162,-63.376,1.4715,-2.1988,-60.036,73.208,-32.392,19.036,28.443,38.948,-16.475,70.688,73.375,0,2.8477,904.42,1,0.23301,0.089861,0.025712,0.07896,0.060336,0.014369,0.015011,0.022004,0.065443,0.32198,0.46801,0.091227,0.22535,0.34128,136.69,319.08,147.99,96.006,40.44,40.44,96.006,147.99,319.08,570.53,-0.63366,-14.771,61.968,89.681,-15.337,-21.162,-63.376,1.4715,-2.1988,-60.036,73.208,-32.392,19.036,28.443,38.948,-16.475,70.688,73.375,0,2.8477,904.42,1,0.23301,0.089861,0.025712,0.07896,0.060336,0.014369,0.015011,0.022004,0.065443,0.32198,0.46801,0.091227,0.22535,0.34128,34,26.463,9.2258,7.2111,15.505,15.505,7.2111,9.2258,26.463,29.164,-3.5861,-5.3569,-2.8111,-6.3515,3.1095,1.3496,-3.6696,-0.10456,0.61787,-4.564,-2.3484,-3.3231,-1.3878,2.6668,-0.5777,1.1707,8,6,1,0.70833,6.7216,1,0.062137,0.078107,0.090835,0.046904,0.016289,0.053361,0.075662,0.11827,0.26389,0.21591,0.33333,0.275,0.27778,0.125,222,148.8,74.723,270.01,7.0716,7.0716,270.01,74.723,148.8,226.3,-6.087,1.3851,-11.911,-21.631,-51.615,-11.554,11.782,0.034053,-3.7978,15.318,-1.4839,13.175,-6.6096,8.5104,-2.6487,-0.38126,52,80,2,4.625,694.37,1,0.28883,0.0086156,0.1198,0.1983,0.054916,0.21029,0.12173,0.039596,0.067345,0.16477,0.35972,0.36375,0.13333,0.14306,43.198,2.5802,0.37966,0.9809,0.71671,0.71671,0.9809,0.37966,2.5802,3.9085,-2.7707,-2.7711,-2.778,-2.7809,-2.7784,-2.7558,-2.8819,-0.043305,0.00029008,-0.00031841,-0.0022549,0.0036067,-0.00048881,0.087329,0.12573,0.48485,0,0.99561,0.98145,0.89995,0.07524,1,0.24212,0.0085614,0.013494,0.010739,0.022645,0.027004,0.032821,0.034528,0.038541,0.98649,0.9867,0.98681,0.98452,0.54755,8.1108,0.48417,0.014832,0.17004,0.16278,0.16278,0.17004,0.014832,0.48417,0.77104,0.53626,0.53656,0.51832,0.52219,0.53151,0.51895,0.52861,0.0077953,0.00052701,0.0028457,-0.01559,-0.013482,0.004232,-0.012188,-0.025271,-0.087277,0.20117,0,0.18384,0.16898,0.0026934,1,0.25649,0.033462,0.016778,0.009175,0.0026457,0.027439,0.045021,0.046422,0.077822,0.92454,0.91801,0.92743,0.91262,0.48867,389.15,17.985,3.1226,7.3888,5.1853,5.1853,7.3888,3.1226,17.985,63.618,20.043,19.821,21.625,27.014,27.638,27.66,24.373,0.33071,-0.0011104,-0.83308,0.28718,0.59509,0.22706,0.018266,-1.5937,-3.7027,9.98,0,9.0202,8.1073,7.1238,1,0.43119,0.18879,0.096191,0.022002,0.066643,0.11723,0.145,0.15444,0.15811,0.75016,0.95465,0.98048,0.93786,0.43376,318.55,19.991,2.9268,7.767,5.6546,5.6546,7.767,2.9268,19.991,23.96,22.376,22.593,20.631,20.123,20.293,19.77,21.167,0.34085,0.0005042,0.81394,-0.63223,0.29369,0.090213,-1.1815,-0.58333,-3.8162,7.918,0,7.1357,6.6364,4.1918,1,0.19726,0.040143,0.0057577,0.007737,0.0052319,0.0095625,0.020637,0.019943,0.018609,0.95145,0.89642,0.90396,0.88444,0.52193
7.5,62.071,41.25,32.326,9.4182,9.4182,32.326,41.25,62.071,52.247,2.949,0.6284,10.466,-0.77969,-2.2383,0.22063,-9.3513,0.049825,0.73237,-6.2369,12.279,1.3017,-4.7149,-7.7577,3.2495,-0.55785,13.25,13.063,0.28125,0.15625,23.961,1,0.00060094,0.2451,0.082061,0.13456,0.081624,0.055053,0.0010111,0.044551,0.026783,0.25686,0.38941,0.16557,0.36478,0.1326,7.5,62.071,41.25,32.326,9.4182,9.4182,32.326,41.25,62.071,52.247,2.949,0.6284,10.466,-0.77969,-2.2383,0.22063,-9.3513,0.049825,0.73237,-6.2369,12.279,1.3017,-4.7149,-7.7577,3.2495,-0.55785,13.25,13.063,0.28125,0.15625,23.961,1,0.00060094,0.2451,0.082061,0.13456,0.081624,0.055053,0.0010111,0.044551,0.026783,0.25686,0.38941,0.16557,0.36478,0.1326,7.5,62.071,41.25,32.326,9.4182,9.4182,32.326,41.25,62.071,52.247,2.949,0.6284,10.466,-0.77969,-2.2383,0.22063,-9.3513,0.049825,0.73237,-6.2369,12.279,1.3017,-4.7149,-7.7577,3.2495,-0.55785,13.25,13.063,0.28125,0.15625,23.961,1,0.00060094,0.2451,0.082061,0.13456,0.081624,0.055053,0.0010111,0.044551,0.026783,0.25686,0.38941,0.16557,0.36478,0.1326,91.25,122.03,163.07,58.868,32.862,32.862,58.868,163.07,122.03,618.5,2.3162,0.1747,4.7352,106.21,-17.943,-11.848,-106.34,-0.90044,-0.1821,-8.5949,80.286,-35.851,15.691,-8.9293,15.053,10.082,75.813,65.563,0.28125,1.901,806.34,1,0.45029,0.20277,0.066111,0.080319,0.043641,0.037983,0.059778,0.012234,0.074788,0.16061,0.48704,0.10899,0.27581,0.26537,91.25,122.03,163.07,58.868,32.862,32.862,58.868,163.07,122.03,618.5,2.3162,0.1747,4.7352,106.21,-17.943,-11.848,-106.34,-0.90044,-0.1821,-8.5949,80.286,-35.851,15.691,-8.9293,15.053,10.082,75.813,65.563,0.28125,1.901,806.34,1,0.45029,0.20277,0.066111,0.080319,0.043641,0.037983,0.059778,0.012234,0.074788,0.16061,0.48704,0.10899,0.27581,0.26537,91.25,122.03,163.07,58.868,32.862,32.862,58.868,163.07,122.03,618.5,2.3162,0.1747,4.7352,106.21,-17.943,-11.848,-106.34,-0.90044,-0.1821,-8.5949,80.286,-35.851,15.691,-8.9293,15.053,10.082,75.813,65.563,0.28125,1.901,806.34,1,0.45029,0.20277,0.066111,0.080319,0.043641,0.037983,0.059778,0.012234,0.074788,0.16061,0.48704,0.10899,0.27581,0.26537,16,11.969,17.87,16.093,8.4393,8.4393,16.093,17.87,11.969,28.273,-6.1323,-6.5328,-3.4414,6.0286,-1.3365,5.2714,1.8892,-0.044194,0.18111,-0.89546,1.5656,2.1223,4.0808,-0.8758,-1.166,0.4948,6,9,0,0.33333,6.7376,1,0.15368,0.13088,0.068772,0.12737,0.0042105,0.024912,0.030877,0.052632,0.14351,0.19192,0.20988,0.3,0.20988,0.074074,95,154.48,263.95,167.63,131.97,131.97,167.63,263.95,154.48,95.312,-23.759,-22.108,-9.1424,-11.261,-13.749,6.4349,1.6002,-0.06935,-3.1787,-4.3572,-55.709,-16.106,19.812,-14.34,-1.4641,0.77646,55,75,0,1.9792,494.96,1,0.35525,0.015455,0.047514,0.14701,0.084803,0.010107,0.30212,0.18205,0.1735,0.1503,0.36889,0.228,0.15111,0.12,43.214,2.5153,0.42185,1.0193,0.72897,0.72897,1.0193,0.42185,2.5153,3.924,-2.7739,-2.7735,-2.7754,-2.7727,-2.7885,-2.7596,-2.8833,-0.043427,0.00039037,0.002744,-0.0069525,-0.0098106,0.0074325,0.075849,0.1243,0.48622,0,1.0088,0.98145,0.90029,0.07529,1,0.24488,0.0078278,0.011448,0.015304,0.022802,0.028428,0.030603,0.030879,0.03685,0.97223,0.97096,0.9773,0.97435,0.54023,8.2578,0.6016,0.12921,0.20112,0.1642,0.1642,0.20112,0.12921,0.6016,0.59978,0.54829,0.54718,0.54065,0.53271,0.49895,0.52642,0.56467,0.0085681,0.002317,0.003547,-0.014834,-0.01064,0.014854,-0.013231,-0.023397,-0.095929,0.20117,0,0.18921,0.17204,0.0028355,1,0.20848,0.054404,0.033916,0.04204,0.036718,0.033545,0.040165,0.064459,0.05797,0.95697,0.93339,0.88616,0.94013,0.53317,381.97,17.559,2.9571,7.0201,4.8849,4.8849,7.0201,2.9571,17.559,63.671,20.069,19.888,21.097,26.177,27.423,27.46,23.735,0.30403,-0.004977,-0.69251,0.11328,0.81234,0.12103,0.073792,-1.8212,-3.404,9.9325,0,8.8026,7.9577,6.9457,1,0.45635,0.20138,0.10264,0.025485,0.076544,0.12873,0.15708,0.16539,0.17194,0.7417,0.93072,0.97717,0.93225,0.41773,318.74,19.617,2.8663,7.8731,5.7842,5.7842,7.8731,2.8663,19.617,25.133,22.105,22.322,20.634,19.977,20.528,20.042,20.95,0.34471,0.005613,0.82765,-0.77766,0.41583,0.011102,-1.2314,-0.46765,-3.8594,7.8813,0,7.1855,6.6405,4.2044,1,0.1962,0.025503,0.012854,0.017264,0.0052017,0.021856,0.028789,0.025131,0.024736,0.95313,0.89485,0.91898,0.89192,0.52086
9.5625,84.383,5.6544,20.278,12.654,12.654,20.278,5.6544,84.383,43.019,-4.3584,-4.2338,-3.3507,1.5876,10.108,-3.0516,-0.81439,0.041219,-0.10538,0.11623,3.1668,27.688,-1.9602,6.4543,0.83355,-0.4615,20.375,14.25,0.21875,0.19922,33.148,1,0.15918,0.33955,0.069383,0.06043,0.17884,0.091269,0.019552,0.1033,0.050081,0.074735,0.095092,0.4454,0.14349,0.097137,9.5625,84.383,5.6544,20.278,12.654,12.654,20.278,5.6544,84.383,43.019,-4.3584,-4.2338,-3.3507,1.5876,10.108,-3.0516,-0.81439,0.041219,-0.10538,0.11623,3.1668,27.688,-1.9602,6.4543,0.83355,-0.4615,20.375,14.25,0.21875,0.19922,33.148,1,0.15918,0.33955,0.069383,0.06043,0.17884,0.091269,0.019552,0.1033,0.050081,0.074735,0.095092,0.4454,0.14349,0.097137,9.5625,84.383,5.6544,20.278,12.654,12.654,20.278,5.6544,84.383,43.019,-4.3584,-4.2338,-3.3507,1.5876,10.108,-3.0516,-0.81439,0.041219,-0.10538,0.11623,3.1668,27.688,-1.9602,6.4543,0.83355,-0.4615,20.375,14.25,0.21875,0.19922,33.148,1,0.15918,0.33955,0.069383,0.06043,0.17884,0.091269,0.019552,0.1033,0.050081,0.074735,0.095092,0.4454,0.14349,0.097137,167.31,221.49,60.094,96.25,48.163,48.163,96.25,60.094,221.49,318.65,0.70566,2.2281,-0.81701,-13.751,109.83,-16.322,-13.898,-1.2138,0.90756,8.6853,38.481,34.182,-16.809,-3.3291,-14.395,13.59,65,32.813,0.21875,3.4857,446.41,1,0.18883,0.074762,0.11234,0.029721,0.14819,0.15356,0.074757,0.16714,0.15966,0.050262,0.21528,0.4924,0.12147,0.11955,167.31,221.49,60.094,96.25,48.163,48.163,96.25,60.094,221.49,318.65,0.70566,2.2281,-0.81701,-13.751,109.83,-16.322,-13.898,-1.2138,0.90756,8.6853,38.481,34.182,-16.809,-3.3291,-14.395,13.59,65,32.813,0.21875,3.4857,446.41,1,0.18883,0.074762,0.11234,0.029721,0.14819,0.15356,0.074757,0.16714,0.15966,0.050262,0.21528,0.4924,0.12147,0.11955,167.31,221.49,60.094,96.25,48.163,48.163,96.25,60.094,221.49,318.65,0.70566,2.2281,-0.81701,-13.751,109.83,-16.322,-13.898,-1.2138,0.90756,8.6853,38.481,34.182,-16.809,-3.3291,-14.395,13.59,65,32.813,0.21875,3.4857,446.41,1,0.18883,0.074762,0.11234,0.029721,0.14819,0.15356,0.074757,0.16714,0.15966,0.050262,0.21528,0.4924,0.12147,0.11955,31,15.992,15.293,30.315,14.013,14.013,30.315,15.293,15.992,13.487,1.8644,3.9202,-6.8118,2.7103,-0.30107,-6.1803,-2.7214,-0.016176,-1.3921,3.0653,0.3647,-0.52515,4.3334,-1.7658,0.48772,0.18111,5,7,1,0.64583,6.9145,1,0.061987,0.061677,0.25522,0.003578,0.077072,0.033867,0.0069663,0.02182,0.013169,0.33766,0.28571,0.28571,0.46032,0.095238,255,86.408,175.57,112.58,242.66,242.66,112.58,175.57,86.408,137.65,-56.51,-44.341,-20.735,27.803,-26.193,-31.994,-29.218,-0.15627,-0.26743,44.533,-28.413,-15.809,13.585,22.276,5.4963,1.7496,62,73,0.5,5.3125,648.47,1,0.25677,0.19761,0.077859,0.013319,0.04501,0.028777,0.019096,0.14376,0.045546,0.2142,0.19482,0.39863,0.379,0.10502,43.313,2.5817,0.368,0.99065,0.70336,0.70336,0.99065,0.368,2.5817,3.8784,-2.7867,-2.7864,-2.7809,-2.7828,-2.7805,-2.7655,-2.8995,-0.043523,-0.00059472,-0.00062574,-0.0031701,-0.006908,-0.0019793,0.080583,0.1272,0.48729,0,0.99658,0.9834,0.90236,0.075624,1,0.24164,0.014119,0.014118,0.018048,0.023342,0.029836,0.032326,0.033217,0.034802,0.98659,0.98797,0.98643,0.98911,0.55017,7.8145,0.49996,0.069335,0.20074,0.11644,0.11644,0.20074,0.069335,0.49996,0.7222,0.506,0.50634,0.48985,0.50318,0.50991,0.49857,0.52325,0.0079889,-0.0020321,-0.0054373,-0.021942,-0.011368,-0.0046149,-0.002482,-0.020944,-0.089445,0.19043,0,0.17578,0.1628,0.0025124,1,0.2354,0.00099444,0.0056989,0.036669,0.024858,0.013506,0.021828,0.029096,0.067503,0.92424,0.9302,0.93949,0.93932,0.51652,366.04,20.695,3.4761,8.2639,6.0028,6.0028,8.2639,3.4761,20.695,49.191,19.744,19.735,19.851,20.453,24.449,26.826,27.899,0.41703,0.0013598,-0.031301,0.27975,-0.36559,0.74599,-1.1329,-1.2499,-4.6692,9.6997,0,7.9224,7.6258,6.5657,1,0.26638,0.00081774,0.019157,0.032309,0.087767,0.13622,0.17268,0.19044,0.18568,0.72139,0.75949,0.92445,0.97815,0.54654,321.3,20.484,2.9669,7.4256,5.2704,5.2704,7.4256,2.9669,20.484,25.246,21.902,21.915,21.752,20.826,19.663,20.29,20.984,0.31318,-0.00060529,0.047407,-0.28372,-0.56955,0.27973,-0.7269,-0.94735,-3.5064,7.7461,0,7.2152,6.6937,4.2388,1,0.26637,0.011778,0.0086061,0.0055335,0.013708,0.029077,0.039302,0.039824,0.024332,0.99611,0.94585,0.90632,0.92582,0.51253
17.563,49.276,23.378,31.478,25.498,25.498,31.478,23.378,49.276,68.128,-2.9528,-3.5823,6.3005,5.0994,-7.951,-9.6925,0.9387,0.12582,0.48106,-0.75738,19.375,-7.3685,-0.85547,-10.215,1.6267,-1.4086,16.875,13.75,0.5,0.36589,31.915,1,0.031221,0.054973,0.010302,0.13382,0.052281,0.099653,0.064553,0.18417,0.088799,0.16902,0.32757,0.30556,0.21646,0.12263,17.563,49.276,23.378,31.478,25.498,25.498,31.478,23.378,49.276,68.128,-2.9528,-3.5823,6.3005,5.0994,-7.951,-9.6925,0.9387,0.12582,0.48106,-0.75738,19.375,-7.3685,-0.85547,-10.215,1.6267,-1.4086,16.875,13.75,0.5,0.36589,31.915,1,0.031221,0.054973,0.010302,0.13382,0.052281,0.099653,0.064553,0.18417,0.088799,0.16902,0.32757,0.30556,0.21646,0.12263,17.563,49.276,23.378,31.478,25.498,25.498,31.478,23.378,49.276,68.128,-2.9528,-3.5823,6.3005,5.0994,-7.951,-9.6925,0.9387,0.12582,0.48106,-0.75738,19.375,-7.3685,-0.85547,-10.215,1.6267,-1.4086,16.875,13.75,0.5,0.36589,31.915,1,0.031221,0.054973,0.010302,0.13382,0.052281,0.099653,0.064553,0.18417,0.088799,0.16902,0.32757,0.30556,0.21646,0.12263,163.81,188.11,212.18,57.842,16.352,16.352,57.842,212.18,188.11,528.96,8.2129,16.069,-40.453,105.74,-12.55,-28.03,-81.198,-1.9083,0.67974,31.569,104.2,-32.573,-3.603,-28.466,-6.7308,21.366,70.125,78,0.8125,3.4128,920.8,1,0.19616,0.069873,0.098837,0.045637,0.0218,0.085871,0.0082691,0.095314,0.078924,0.24446,0.48941,0.097276,0.28766,0.21127,163.81,188.11,212.18,57.842,16.352,16.352,57.842,212.18,188.11,528.96,8.2129,16.069,-40.453,105.74,-12.55,-28.03,-81.198,-1.9083,0.67974,31.569,104.2,-32.573,-3.603,-28.466,-6.7308,21.366,70.125,78,0.8125,3.4128,920.8,1,0.19616,0.069873,0.098837,0.045637,0.0218,0.085871,0.0082691,0.095314,0.078924,0.24446,0.48941,0.097276,0.28766,0.21127,163.81,188.11,212.18,57.842,16.352,16.352,57.842,212.18,188.11,528.96,8.2129,16.069,-40.453,105.74,-12.55,-28.03,-81.198,-1.9083,0.67974,31.569,104.2,-32.573,-3.603,-28.466,-6.7308,21.366,70.125,78,0.8125,3.4128,920.8,1,0.19616,0.069873,0.098837,0.045637,0.0218,0.085871,0.0082691,0.095314,0.078924,0.24446,0.48941,0.097276,0.28766,0.21127,49,15.126,16.977,23.259,10.881,10.881,23.259,16.977,15.126,1.5383,-0.05054,-0.13703,-3.9557,-1.3691,-3.9362,-3.052,-3.2346,-0.24899,0.42375,1.0796,-1.5444,3.9026,2.2587,2.387,-2.8503,2.7877,3,6,0.5,1.0208,4.574,1,0.055135,0.064939,0.065137,0.018818,0.028031,0.0793,0.088348,0.11189,0.11121,0.31818,0.35185,0.3,0.27778,0.22222,214,149.69,105.41,112.47,233.75,233.75,112.47,105.41,149.69,113.55,-36.07,-28.343,1.0275,-6.8144,-27.681,-11.356,-31.006,1.0038,-8.1954,1.717,-27.768,-26.063,-28.792,2.2292,23.292,-11.238,43,66,2.5,4.4583,349.66,1,0.19068,0.044208,0.12187,0.14936,0.028253,0.030883,0.056014,0.065036,0.06589,0.18182,0.1835,0.27121,0.16667,0.22391,43.22,2.5594,0.37773,0.94334,0.71226,0.71226,0.94334,0.37773,2.5594,3.8698,-2.7804,-2.7793,-2.7824,-2.7799,-2.7686,-2.7633,-2.8859,-0.043365,-0.00029374,0.0031932,-0.0047379,0.0052486,-0.010068,0.071422,0.1259,0.48552,0,0.99707,0.9812,0.90041,0.075294,1,0.24569,0.0070495,0.014651,0.018782,0.024099,0.02702,0.034192,0.03785,0.035369,0.98633,0.98493,0.98394,0.98651,0.54609,8.2222,0.457,0.080106,0.17754,0.12679,0.12679,0.17754,0.080106,0.457,0.90889,0.49663,0.49983,0.49577,0.52601,0.56425,0.53535,0.54529,0.0084606,-0.00086144,0.0090992,-0.019968,-0.0013738,-0.011735,-0.0059313,-0.019809,-0.094726,0.21045,0,0.18774,0.1713,0.0028141,1,0.25564,0.025397,0.0076047,0.013545,0.028373,0.041935,0.033332,0.035975,0.098501,0.84391,0.88167,0.93295,0.90281,0.48853,363.41,17.158,2.6226,6.6118,4.8076,4.8076,6.6118,2.6226,17.158,64.23,18.634,18.506,19.205,25.111,26.731,26.161,22.634,0.29806,0.0002498,-0.4775,-0.18762,0.80897,0.3758,-0.22059,-1.6152,-3.3372,9.6382,0,8.287,7.571,6.5259,1,0.46149,0.21599,0.12468,0.045863,0.066288,0.13347,0.18143,0.2018,0.20824,0.70324,0.91981,0.97833,0.90722,0.41586,320.31,19.969,2.8105,7.9183,5.8684,5.8684,7.9183,2.8105,19.969,23.973,22.503,22.701,21.224,19.94,20.527,19.833,21.035,0.34403,-0.00054957,0.73856,-1.0071,0.35767,0.15827,-1.1984,-0.50047,-3.8518,7.9728,0,7.1852,6.673,4.277,1,0.2031,0.024079,0.0074698,0.012423,0.0084704,0.0049724,0.019421,0.024195,0.021133,0.96601,0.88268,0.90757,0.87556,0.51654
