-1222.9,-1381.5,-427.56,-89.685,-315.81,181.15,136.33,-116.54,-116.16,16.22,9.4648,50.781,-107.5,112.41,-74.437,-77.419,-37.301,-123.83,-52.437,-95.746,5.3425,-71.716,-37.683,46.549,-26.01,0.76773,0.027659,31.101,29.422,19.399,11.5,11.368,12.147,18.16,-9.334,-4.4731,-16.727,-18.608,-2.786,0.073542,-9.9053,0.25162,-3.4253,-3.1415,-4.6148,0.76785,7.1213,-8.056,-4.261,9.9264,-1
-1194.2,-1354.7,-331.63,-95.529,-229.69,166.08,82.739,-112.53,-99.273,37.806,28.454,9.4509,0.11543,-17.137,-20.82,-9.16,-17.369,-36.367,-2.458,106.07,7.5452,47.912,59.698,-38.401,52.452,-6.1342,14.685,-34.862,-12.548,-10.933,-15.989,11.491,-21.003,-7.4571,16.141,8.0551,26.614,3.2706,-3.2306,2.0664,7.0479,1.6184,0.34995,-2.6439,13.542,-11.781,7.1411,1.9829,-14.109,27.465,-1
-669.19,-1211.7,-229.13,-16.091,-65.375,-32.206,6.0851,191.02,-4.8604,-101.08,-119.74,67.823,-40.662,-173.92,-36.157,-135.53,-163.62,-29.171,-12.438,137.47,24.583,-54.455,218.25,73.779,32.95,60.588,56.367,31.368,3.3731,2.4275,34.682,39.126,10.628,40.072,-0.80049,55.644,-2.2335,11.46,-37.38,-63.34,34.076,-26.883,26.046,0.61639,7.3121,56.597,32.699,-46.232,47.067,-2.2568,-1
-835.84,-928.47,15.807,-96.415,-55.576,83.785,-105.39,-52.174,-60.513,16.425,-25.643,20.999,-65.629,-19.374,32.707,-129.95,-144.59,-26.695,24.553,38.126,107.27,34.083,80.219,-105.37,-16.901,31.869,2.1704,-55.159,-19.443,-4.1132,-55.943,-1.0233,2.924,-22.586,-30.07,-26.177,1.0596,-5.5275,19.601,7.5507,-14.755,29.351,-16.093,-4.6004,-5.1726,-0.62345,-19.269,-6.7454,-13.413,-4.051,-1
-768.31,-1067.6,42.293,-42.806,-116.19,90.013,-74.197,24.605,-23.783,-34.719,-6.3046,28.031,-45.988,-97.678,7.8026,-157.19,-90.291,-23.721,-37.417,31.739,96.592,22.905,114.26,-62.772,8.6724,25.634,23.741,-65.51,-10.779,-8.0511,-76.843,1.062,44.821,-26.479,-35.995,-11.897,-17.719,-6.5671,16.652,11.291,-23.492,27.838,19.809,-4.9699,20.48,-7.5532,0.22654,12.124,-24.025,-31.629,-1
-869.69,-1052.4,89.261,7.0036,-128.15,119.99,-145.21,38.616,-28.953,-34.638,2.599,-48.341,-43.245,-54.072,-93.987,-29.246,-57.264,-110.78,23.509,92.444,-76.483,-6.1142,35.155,-71.68,86.335,33.035,-58.258,36.492,-16.169,17.336,-9.5133,4.7524,28.663,4.4881,12.486,-13.078,29.252,-1.3376,7.2099,-3.6576,0.69965,12.23,9.5356,-2.2921,-14.899,4.2033,9.555,-9.2096,4.6882,7.3999,-1
-764.15,-1033.7,60.387,-62.659,-160.17,46.265,-48.99,70.482,45.911,-53.945,-151.06,5.8837,-56.96,-91.95,-69.606,-1.6719,-83.939,-122.09,-3.5601,55.422,-88.36,46.608,56.066,-58.869,94.985,42.467,-72.986,21.378,-1.8714,46.031,-9.9017,-19.612,34.644,-10.387,10.811,-3.6559,38.343,-4.7527,0.62771,-3.339,8.2174,10.64,8.4837,-4.4775,-13.68,-0.91088,-3.1919,-10.999,16.442,-4.7117,-1
-738.23,-1065,194.68,-61.118,-12.276,158.23,-21.473,149.22,-215.7,-208.94,62.02,76.088,109.85,-86.505,-104.3,59.666,-80.332,-96.364,-67.926,17.399,19.324,37.718,92.139,-35.302,-62.379,31.938,95.865,-48.426,-33.921,-26.832,61.859,-30.568,-18.61,41.058,-33.243,-44.868,2.2629,-1.7704,-20.176,16.594,-21.673,56.842,-49.066,6.3979,0.78772,37.734,-12.693,24.655,-5.3729,-36.788,-1
-764.79,-1047.8,-45.105,-28.035,-137.02,31.633,74.762,55.399,9.9744,-4.2886,-59.651,-111.61,-7.2519,3.5911,-92.72,-56.997,-97.724,-104.91,-26.982,72.118,-114.56,43.537,42.71,-37.085,91.493,44.946,-30.746,25.537,-3.1843,24.165,-18.713,-26.168,46.196,-31.794,18.613,33.077,-5.9325,0.15198,-19.582,40.157,26.315,-27.574,-8.7041,-30.226,17.686,12.34,-0.37528,-24.759,-2.9534,-0.78132,-1
-839.26,-1036.9,119.07,-83.974,-101.16,83.568,-44.519,136.03,-8.8778,-7.4823,-43.363,6.5636,-54.863,-6.0675,-46.298,94.561,-94.193,-20.921,28.751,77.727,34.505,92.697,69.931,-12.781,-45.778,-19.432,61.367,-4.1978,15.298,-3.2315,35.349,6.754,-5.8057,-21.837,0.56024,-53.609,3.9669,21.047,51.324,-20.864,-21.663,-22.164,-18.118,11.534,11.078,-0.059386,-12.676,-1.6736,21.395,-2.2426,-1
-895.23,-1042.9,-219.13,-27.997,53.136,27.551,98.343,-56.27,-111.46,-91.909,-71.872,-34.443,-15.995,-10.83,-18.177,67.316,-58.05,67.088,29.505,132.3,-15.257,-23.305,21.204,-35.748,23.571,-37.276,-25.992,18.102,41.945,-5.1622,1.2069,23.68,59.087,-16.889,22.181,48.655,1.2907,-1.6369,16.097,7.4915,-15.182,5.1314,-14.855,-2.0842,30.711,-4.7862,-19.975,9.5897,33.459,-17.536,-1
-990.22,-471.75,14.488,-63.718,-301.1,71.421,139.86,-46.776,79.842,79.835,27.284,-78.474,13.356,-4.1619,13.994,-126.8,-114.46,-77.286,-56.23,2.6828,187.98,133.45,-7.4229,-86.807,-15.299,87.547,-78.423,-82.002,-28.646,104.32,2.6327,-16.361,-9.8759,86.83,10.16,-4.9937,-63.764,74.234,-30.507,-10.789,30.421,-3.5411,-38.606,14.763,-9.9898,4.6599,-6.7012,27.705,3.8243,2.6157,-1
-673.09,-1116.6,40.58,100.73,-83.743,50.89,-113.08,-67.052,126.04,26.813,-119.06,-50.302,-4.7498,-254.23,88.212,72.141,61.962,53.273,133.69,98.057,-89.34,8.9668,-22.436,29.223,35.765,-10.948,-32.054,73.065,26.888,19.881,11.455,-42.459,64.853,-13.705,9.0079,-0.3894,-9.0063,-28,22.454,14.593,27.018,-2.4933,-6.7246,-20.094,25.365,13.806,0.9487,-27.112,-27.08,-2.7644,-1
-733.9,-1027.4,67.138,-41.024,-100.33,-4.5965,-26.108,88.459,39.453,-55.931,-43.211,-43.169,8.9798,-132.8,-24.505,183.95,57.957,92.748,74.01,70.268,61.724,44.548,30.329,0.35645,-33.477,-79.494,97.254,0.4535,9.053,-5.5302,50.794,33.059,-11.631,-19.137,-21.006,16.897,-55.062,11.822,52.457,-26.319,-34.131,-29.239,-6.5652,-0.082604,53.066,-17.334,-11.015,26.512,-26.261,24.089,-1
-844.52,-1076.7,23.409,3.355,-116.01,98.883,-71.977,-75.368,92.12,-69.453,-69.89,-60.192,23.333,-179.42,-18.029,150.24,12.137,104.9,74.149,94.198,-25.062,-10.3,14.789,17.013,41.423,-79.963,-8.2072,51.617,0.51106,-26.618,-2.1441,41.825,63.114,-16.846,-19.322,18.575,-34.614,-25.24,-5.3987,3.5524,29.821,-2.5312,-25.086,-16.22,13.049,14.724,13.655,42.846,-11.818,16.623,-1
-932.81,-992.23,-81.526,7.7864,-81.434,-38.095,65.911,-93.223,-69.319,-30.667,-19.435,-42.842,82.64,-83.927,97.153,48.482,-8.7909,196.38,52.599,53.997,-5.5523,46.822,-43.784,-10.28,-13.877,53.574,-10.963,5.7026,54.465,-109.55,10.522,13.593,5.0226,-15.601,-33.491,41.545,17.67,-63.143,-26.892,8.6305,-0.81182,40.352,-16.664,-26.546,-6.7027,31.526,4.2911,-41.135,-16.028,-14.349,-1
-1489.3,-1403.2,-544.62,-51.651,-348.96,-105.88,-205.84,-23.634,-60.537,-111.37,21.657,-39.174,-123.63,-61.139,-49.54,-6.2921,-107.33,-77.079,42.007,-67.069,-16.166,4.212,20.376,-113.36,-11.633,-78.31,-14.275,-9.6395,-19.845,-19.295,19.438,-15.476,-41.36,-27.985,11.444,-0.54909,8.9066,-28.915,11.052,-16.215,-6.5182,-9.0609,-14.891,10.256,0.053865,-9.6657,-15.566,-1.0952,9.1357,-1.0919,-1
-1167.6,-1308.6,-82.209,-148.78,-257.01,-25.679,-112.55,32.442,83.621,-12.516,34.725,8.4248,43.89,-3.568,91.191,-49.022,115.77,15.98,-36.825,86.937,-15.016,-74.908,31.933,77.498,-10.642,14.735,2.536,-7.6504,-7.6588,28.695,-35.562,1.6971,-22.415,21.77,-36.815,-23.494,16.294,4.4536,-18.69,-5.531,0.83267,39.993,4.5386,-0.74894,-1.6806,3.8201,14.104,2.7159,-44.76,-6.2409,-1
-64.463,-856.6,635.77,-317.26,-77.708,171.98,-232.91,64.179,23.483,45.815,-98.943,44.482,20.577,-207.91,160.3,-12.018,209.27,114.47,123.14,23.863,-20.766,12.702,-63.335,9.2494,31.689,-47.968,8.7224,85.711,16.534,16.112,-50.155,7.4825,30.953,-41.824,-15.228,36.726,-15.304,-22.723,-19.094,37.815,-30.364,7.5974,-25.791,-19.692,12.578,-5.0942,-1.6545,-0.74336,10.482,-7.4782,-1
217.52,-732.42,789.72,-542.39,-17.877,74.907,-287.03,72.719,-51.476,-37.026,-16.64,-5.3163,66.785,79.291,-35.112,-2.3494,14.417,0.59175,13.87,153.67,250.25,-28.805,-68.179,18.343,4.9651,-91.649,14.432,6.1219,-58.244,0.99948,-108.36,-47.162,-67.031,-12.782,-40.027,-29.214,3.2043,65.579,17.458,19.525,-5.1568,-55.312,49.007,16.576,-26.431,18.219,28.164,-38.851,-11.336,11.34,-1
1454.5,-280.82,1136.7,-424.62,248.5,-458.61,-647.55,116.16,-352.3,-244.86,117.74,53.769,123.88,155.05,-84.847,124.58,-3.3639,90.68,187.9,89.834,159.53,-154.83,-19.644,47.938,60.186,-94.331,0.36032,114.95,45.814,-72.651,1.8494,44.518,8.7245,-24.845,-2.0527,-40.258,6.9836,-9.3434,-78.683,34.622,22.477,-18.48,50.627,12.35,-20.586,20.794,-2.3865,-43.543,-21.044,15.405,-1
-390.52,-931.96,541.15,-194.31,107.74,-623.34,-15.059,31.415,-144.83,67.879,35.888,39.93,44.49,-132.62,128.35,-114.54,364.21,-103.96,170.41,-64.092,-42.592,-9.1874,1.556,-35.813,-7.6517,21.116,-27.657,9.1452,31.846,20.749,21.456,-14.476,52.719,53.921,-42.666,-34.886,-15.105,-28.354,-11.009,-100.95,-11.362,2.864,42.821,34.41,57.225,13.28,-7.2808,-8.418,-1.9425,21.893,-1
653.02,-592.4,1110.2,-519.16,146.74,-78.977,-406.87,39.252,-60.558,15.082,-125.6,66.648,16.085,-305.85,132.86,20.173,189.3,150.87,103.07,-42.236,-55.587,-29.277,5.0632,12.888,9.0839,-45.121,-10.151,91.629,15.744,35.26,-13.046,4.1236,-12.709,11.355,-33.796,3.7065,-4.2383,-54.635,-48.764,16.634,2.811,6.3408,0.99122,3.3615,-3.1552,20.118,32.836,-11.507,55.753,-12.37,-1
1203.9,-512.92,1540.2,-821.15,133.64,-11.215,-102.19,137.44,-115.66,-105.88,-127.65,-18.119,35.538,-264.46,185,21.914,224.39,87.661,235.08,-55.115,69.317,32.659,-23.768,-62.217,-32.112,-28.229,-65.48,-48.151,-1.5104,-28.435,-59.171,-31.159,-52.069,-22.732,-9.5217,30.518,-19.213,-7.4393,-21.567,3.5718,-15.679,1.3238,40.172,44.992,-16.183,15.991,-29.405,-16.141,12.544,16.293,-1
926.18,-602.85,1260.1,-875.08,-191.66,480.85,-59.589,90.936,-28.844,115.08,-320.19,-38.18,31.849,-215.02,54.188,102.96,-24.703,79.524,-64.71,-14.57,-40.354,-37.351,-27.889,-114.92,22.931,21.327,5.4308,34.006,-16.348,-9.5613,31.655,-34.103,52.223,36.869,-23.774,49.207,-8.6431,34.616,-38.263,43.133,2.1188,12.011,2.7062,-9.7487,-38.901,8.4884,-19.758,29.441,-2.2963,-24.315,-1
2747.5,129.61,966.17,-1103.3,-269.11,703.78,168.3,53.128,-91.532,62.498,-355.8,-35.361,29.686,-351.66,132.25,102.07,-10.585,182.77,13.264,-40.65,62.756,70.619,-75.803,-130.78,-65.203,-41.838,-39.596,-64.887,-38.848,62.861,15.395,-84.863,72.561,74.248,8.0928,91.36,-43.816,18.513,-131.78,-14.703,4.2922,-15.407,9.2823,16.133,-8.9569,2.0392,-32.391,16.091,-11.491,-6.6275,-1
-1951.5,1036.8,350.46,148.93,-685.73,-124.18,318,619.27,78.076,-467.08,8.8795,30.379,334.83,-74.678,-118.24,-47.809,-27.379,-83.747,-8.2094,-36.545,3.3811,-142.95,-70.068,52.532,14.939,56.149,117.33,-3.6555,22.781,13.24,-62.087,-15.734,33.496,-41.583,-43.449,-1.7423,-52.278,-94.462,21.492,10.175,151.63,-4.0628,-15.117,83.627,43.582,-6.3723,-2.1531,19.767,8.2744,6.0712,-1
550.05,-710.35,1127.1,-591.1,71.292,115.71,25.209,30.762,31.993,8.7327,117.03,228.03,82.083,15.401,-21.54,-25.063,-20.947,-92.656,-96.505,34.645,0.92633,-72.959,75.582,76.337,-5.5553,-89.575,33.325,25.204,21.355,25.597,54.483,-31.831,-91.828,-56.899,-36.237,-51.766,42.714,-8.4485,-53.315,-66.285,-1.3791,20.019,18.53,5.9425,51.316,11.12,-30.116,-6.7793,-9.114,11.617,-1
-821.38,-1118.3,-300.78,-70.071,-255.27,-187.57,72.555,-33.879,5.4074,29.476,40.916,188.8,44.665,69.005,-74.161,91.184,3.6669,-1.4487,-46.35,59.061,7.372,-90.429,-5.9738,47.115,-11.702,-3.7278,25.543,4.4788,-3.5861,-31.399,-19.138,-9.1213,18.584,49.974,-18.028,37.829,0.69473,44.119,41.024,4.127,-0.23632,32.602,-22.742,-13.611,3.2152,-13.883,1.6528,-2.7614,-42.072,-16.166,-1
2730.1,129.12,1407.1,-1050.1,-59.227,484.41,-217.64,53.255,-224.57,-47.695,-113.22,-133.98,67.354,250.5,-160.09,64.925,-97.681,-125.15,3.65,15.068,-193,-15.89,24.355,38.479,12.135,-35.818,78.643,-23.119,56.492,-21.349,60.091,-2.608,-2.9813,-0.18899,41.872,1.6407,19.279,15.647,-7.415,6.7441,24.013,-28.217,42.9,14.72,-43.886,25.025,-16.28,18.27,27.344,-10.063,-1
-1625.2,51.32,-446.7,-108.12,450.42,-182.36,83.527,7.1072,53.495,3.9926,59.291,-26.932,-22.721,-126.56,13.782,-114.49,-57.528,-138.09,6.4081,19.873,7.519,-63.77,-40.047,-13.403,-2.7491,-5.9811,1.7871,-0.022201,2.6232,-32.401,10.412,-22.052,-0.84733,11.044,-2.7407,-7.5136,-1.3397,10.686,3.1922,-4.9913,-3.145,-8.5209,0.31124,3.1158,-1.296,1.4615,4.4717,-0.53266,11.851,-3.0202,-1
-940.43,-90.794,-179.03,-94.452,-13.296,199.16,109.17,112.08,145.85,94.555,4.0218,-72.579,56.556,-22.941,-88.964,48.34,134.99,56.495,-184.79,-4.951,12.686,37.702,-4.2572,-25.214,74.679,-27.331,-83.995,-80.577,37.455,-8.1079,22.665,9.0319,112.58,-47.355,97.795,-41.311,19.099,32.064,27.448,15.848,139.63,21.635,-49.601,4.4485,-8.3479,-5.467,-8.3099,18.36,-15.911,30.148,-1
-968.23,127.78,-248.66,208.58,-102.69,-12.779,64.362,-38.8,155.89,91.094,42.912,-44.546,110,8.02,-28.942,77.563,94.424,91.193,-34.096,-64.041,126.8,-7.4667,8.1698,-88.187,-48.414,-39.301,45.019,33.751,21.166,9.6556,-81.431,6.1473,40.76,-37.759,-5.3637,122.19,-13.953,58.513,9.0911,-33.316,50.892,56.264,7.7416,-5.7562,-23.915,-18.151,21.611,18.533,-16.283,-11.208,-1
-1032.4,100.11,-268.49,152.8,78.704,125.01,45.257,52.465,-37.436,131.42,27.04,-129.64,-27.748,143.3,-26.703,-49.418,53.298,26.676,56.005,33.961,33.148,61.895,47.754,-62.397,7.5984,-41.291,18.224,3.581,-60.356,4.9939,7.2659,8.8605,5.7112,-26.585,26.974,-56.531,-35.466,-20.379,-22.494,6.2013,-7.1816,43.839,33.318,-7.0207,-17.442,-32.38,2.6097,2.5165,18.587,-1.1186,-1
-1102.8,28.456,69.972,-10.429,52.148,55.851,45.341,8.5296,-213,57.388,84.54,22.349,-28.579,99.402,49.651,60.919,10.158,-6.2382,20.32,-74.156,24.491,17.429,111.73,-22.055,81.971,58.034,24.92,-8.8441,78.541,-29.764,-21.115,36.393,-51.62,59.596,51.577,-3.1693,106.95,14.866,20.07,-16.528,2.6317,31.659,-53.583,9.3593,13.789,-40.888,29.931,16.769,-35.788,-29.578,-1
-871.47,160.81,14.995,-73.649,-19.632,-86.812,-82.932,19.533,-7.1596,117.77,63.981,-66.672,90.018,64.16,-10.121,-67.665,-15.265,106,-69.491,-134.43,-29.068,88.926,12.792,-51.527,-27.755,118.59,22.948,57.842,-75.823,86.401,111.97,47.975,-50.451,73.289,-42.163,-20.732,39.382,22.054,-62.726,23.188,-65.281,-9.8451,89.151,-19.173,-9.9244,-14.831,0.14295,45.585,-40.924,-10.443,-1
-844.54,83.939,-91.457,-4.2057,31.172,-24.495,197.74,-164.51,65.43,130.5,2.5953,-24.326,-14.362,31.143,-72.584,98.255,49.178,20.166,-3.6668,-90.489,-60.74,166.2,10.22,-15.381,26.093,46.57,56.851,7.8807,-17.644,55.477,105.81,-76.442,-66.797,16.845,17.652,-98.348,-68.274,-0.059267,-101.17,85.546,61.05,-41.033,-6.9354,-10.917,-0.45733,-11.55,29.328,-15.005,14.262,41.56,-1
-1216,27.316,156.38,15.297,128.91,-138.58,8.5664,109.52,-21.804,130.62,63.131,-102.4,30.035,26.983,-80.67,37.356,46.847,98.62,-2.7421,-72.86,-30.758,187.57,-24.994,169.78,-97.304,51.184,-1.499,61.496,-21.438,-18.679,-30.558,19.967,-83.923,7.6975,-51.059,0.37903,-82.816,-53.2,-25.85,24.665,53.742,-24.29,7.389,-16.264,10.369,5.4611,-14.478,-6.4871,5.7676,-27.05,-1
-1182.9,79.737,143.79,285.51,154.47,219.86,-74.827,83.081,-86.167,117.16,-5.733,-64.273,18.064,-61.815,-51.363,126.47,82.761,-12.158,-23.563,-88.421,26.481,52.2,42.277,62.42,15.677,128.46,-197.41,87.7,34.391,0.56719,2.1261,-66.871,29.191,79.27,23.776,-104.97,62.459,-65.3,-11.044,12.219,64.785,-17.342,14.676,-31.954,58.607,-0.18117,23.666,17.259,-64.28,-27.646,-1
-1265.6,-10.201,626.15,17.043,82.887,-166.78,143.45,40.401,-13.168,202.32,18.824,-20.51,-13.124,95.184,45.165,-12.057,-23.463,56.006,-7.3517,-130.95,68.245,177.52,24.913,179.94,-182.25,-15.437,69.188,-44.418,10.236,5.3242,-19.77,-2.9805,-66.743,-44.434,18.422,-68.159,69.661,76.97,84.784,-13.189,-64.83,-9.1436,39.49,4.0395,10.735,27.971,2.9892,44.875,44.28,-31.305,-1
-1009.2,19.249,128.17,40.186,54.855,-225.65,82.485,144.15,67.892,144.79,10.205,-119.71,-13.951,13.007,-12.577,101.07,-33.809,109.96,-83.692,21.667,33.089,45.971,44.716,-31.525,1.3579,52.701,-69.116,3.0752,118.26,4.8624,-2.6451,-10.103,-21.366,-16.743,102.07,-38.691,29.782,8.0126,76.384,-10.632,-56.458,6.029,-23.414,74.444,16.792,20.698,36.65,19.032,-26.388,37.468,-1
-1058.2,161.43,-25.908,135.81,-33.881,-44.737,71.329,-13.701,54.294,387.18,126.03,-48.965,39.169,68.429,1.7607,14.842,45.039,77.735,-4.4422,-132.58,23.352,78.745,22.616,-75.992,70.062,33.996,76.351,4.0968,127.53,-19.446,-78.884,-20.905,-29.607,-27.574,32.814,-0.54131,62.008,89.661,19.972,-10.495,-41.436,22.95,-23.21,42.502,26.775,27.72,-12.043,14.413,-25.501,11.491,-1
6.5784,-632.74,-51.101,296.14,57.739,-138.31,-138.44,121.14,84.644,38.023,27.016,-157.15,-101.51,-147.37,-62.321,-106.55,64.583,24.435,13.411,50.77,-112.65,-75.783,42.757,-75.46,-24.814,38.554,4.1934,0.51932,-41.54,33.014,-46.779,-7.9128,22.144,-1.2293,-17.826,9.9058,-8.3494,13.317,-29.972,-9.7531,-24.301,15.337,-34.358,0.76134,58.83,24.907,-10.768,7.4383,32.015,0.92315,-1
131.42,-557.6,-107.3,-207.12,-116.11,-164.94,-105.63,-52.99,215.48,73.359,-72.238,-210.69,22.505,-145.24,-113.2,91.258,43.779,-22.267,-50.805,2.1679,65.271,17.615,-50.231,-23.375,102.24,39.792,25.908,-20.892,134.36,108.26,-3.819,-25.831,0.13395,53.848,35.634,-32.749,30.998,-4.2862,-23.835,-6.8288,-0.25958,-7.1068,-58.671,-6.6253,26.902,-19.529,34.497,6.2679,-12.468,-21.807,-1
-386.8,-800.9,-126.69,-113.45,-10.133,-179.39,-94.816,98.986,25.971,-18.181,48.774,85.028,-70.912,-126.66,-10.328,58.727,-0.38794,33.485,-53.821,-12.657,25.659,-10.667,7.2375,-59.144,64.592,127.82,-38.108,6.8849,18.547,34.256,42.014,32.963,-0.044245,-27.163,-13.966,-54.279,-12.55,-25.193,-14.037,-24.736,48.28,51.226,18.635,-3.1881,-39.373,-7.4898,3.3703,23.092,-7.986,-0.28248,-1
-29.618,-603.76,-27.487,286.5,-24.844,-167.71,16.083,36.506,-0.035653,-67.406,-5.3003,0.90181,28.747,3.8501,-1.7994,18.588,47.758,-2.9311,10.171,50.245,4.636,4.6902,41.885,90.329,-103.71,20.993,18.312,4.0131,4.0151,-3.1198,8.1182,29.998,-74.615,-26.098,18.286,89.442,-16.974,-2.0344,17.53,2.9605,-67.762,13.013,-42.981,25.984,22.935,-32.182,6.3177,32.849,1.8574,3.0953,-1
-127.47,-629.67,-34.503,224.82,-32.593,-174.73,-11.505,-114.07,165.3,-13.211,-80.939,-120.08,84.382,-62.899,-112.77,60.164,40.839,33.354,10.565,67.607,-19.219,16.387,-5.4481,52.056,-75.156,-7.8016,-35.39,-29.589,11.869,27.348,18.869,41.047,-29.621,-38.91,-11.17,38.006,-45.625,1.0151,-16.606,-8.9304,-7.1553,3.6333,-28.563,7.2771,-10.094,-2.3131,-11.577,49.71,-24.627,8.0783,-1
11.049,-532.13,-61.071,89.708,-28.03,-179.15,-126.35,-98.266,295.77,96.636,-158.52,-150.6,32.673,33.775,-114.43,55.319,-108.09,-8.7252,-4.0278,108.95,-3.0292,-38.232,-38.719,37.424,28.14,67.873,24.793,-53.084,2.5776,-12.858,27.307,16.795,-12.29,-48.278,1.2029,5.255,7.402,-25.217,43.034,3.5803,-31.098,-21.198,-11.58,-8.0085,-9.5739,-0.59213,-2.928,14.41,-5.1307,-2.0509,-1
559.5,-307.78,75.875,326.12,-34.648,-249.64,-67.071,151.22,203.71,86.415,-134.92,-137.63,-80.702,103.91,-216.17,90.876,-43.001,64.093,33.253,173.42,-31.961,12.565,5.7252,-8.0006,-3.3517,62.185,-6.1492,-63.322,-30.385,-2.0283,4.9564,-2.603,-6.7169,-5.4299,-5.3815,-6.6531,30.023,-9.0464,7.1062,38.493,-58.119,70.367,-58.245,17.565,74.459,-6.2303,-7.5895,10.272,-1.8642,-22.192,-1
622.01,-267.03,1.6391,78.625,119.67,-206.97,-62.749,-165.1,326.68,148.78,-217.25,55.573,-20.769,2.2642,16.501,-38.439,-205.4,-43.865,-26.928,119.15,-13.412,28.53,-18.046,36.353,-20.071,117.6,-35.842,-11.07,25.733,18.572,42.846,21.286,-62.159,-63.248,-15.71,-98.956,-30.888,10.72,-8.5894,-66,21.699,57.161,-65.196,-48.757,20.82,-3.7405,-16.415,12.92,14.825,0.66672,-1
77.39,-642.35,129.1,522.93,-162.72,-159.39,-51.621,-48.987,226.46,92.806,25.95,56.727,-24.289,-71.474,-107.78,78.207,-38.619,-76.456,77.559,121.5,-31.596,130.08,-15.049,69.268,-6.8479,56.48,-15.955,47.579,-44.076,10.949,-31.58,7.1066,-25.79,-50.451,25.029,34.735,-79.698,-14.172,-41.006,-35.31,27.182,-17.53,-3.9534,24.861,-21.389,28.049,0.066548,28.048,-2.7088,20.577,-1
295.03,-493.23,213.89,349.74,-7.2913,-222.75,-56.516,95.661,152.03,57.824,-69.506,-101.96,74.519,58.827,-79.124,180.63,-133.96,-75.105,-8.1676,2.8443,53.138,105.12,-2.1649,22.223,-90.142,26.545,-14.802,17.171,49.501,7.0766,-34.542,30.629,-103.78,3.9297,55.161,-6.4406,-51.7,-22.86,-55.928,-8.5785,11.36,-5.2685,-62.505,27.536,42.294,16.255,-7.801,19.005,-24.842,-4.6453,-1
-149.73,-636.1,-130.35,5.793,-184.45,-141.69,-114.22,29.072,134.8,87.374,-0.5563,-162.22,-77.743,18.506,-156.31,-20.232,0.40432,-32.851,-20.338,10.398,13.826,-31.652,-73.756,43.502,-44.268,43.987,-33.049,7.1215,-24.535,56.403,-58.998,15.459,42.514,-54.329,-32.967,22.027,-34.307,9.519,-18.336,-18.059,22.891,-16.707,17.977,-5.3688,-5.3531,-1.6171,13.943,22.53,-20.556,-15.677,-1
588.38,-378.54,-53.79,-178.16,-86.672,-224.25,-135.01,-84.461,320.55,196.7,-59.801,-305.11,3.3946,-41.37,-215.92,192.53,-50.341,-95.927,-1.25,13.926,-121.86,-21.227,-13.35,37.13,-10.172,43.751,-19.677,-34.778,-29.146,-46.519,8.7876,39.914,-35.383,11.204,17.048,-13.32,32.897,22.658,5.4596,5.4173,21.512,-32.305,-57.623,-9.781,-6.4262,-25.838,-17.457,33.773,-15.219,-25.459,-1
141.57,-561.83,-105.9,-6.8393,-14.234,-213.36,-197.29,39.404,255.93,142.75,-15.057,-129.77,70.871,58.631,-81.17,25.175,-53.408,-68.005,-7.021,31.716,-38.238,-4.3381,-27.672,-13.973,-35.413,42.734,-15.001,0.30112,2.3464,7.2024,19.907,-40.681,8.8436,4.9551,8.6464,-28.509,6.2328,30.424,7.742,-25.1,19.993,-28.77,-23.309,-14.352,-12.95,-9.0571,-26.349,58.349,-18.625,6.3222,-1
-996.26,-735.41,-463.05,-95.259,-43.439,-262.36,0.46997,-69.067,-214.66,-101.39,-66.859,23.198,-164.68,41.171,32.746,2.8706,9.1894,-28.071,-5.323,14.197,-38.359,-94.355,-0.64197,18.859,-7.7451,-42.982,-22.704,7.8589,-12.328,-40.147,-33.77,-11.274,-11.216,-1.6804,10.94,1.4468,-7.0938,-7.2014,3.7134,-1.2623,9.3731,1.9368,-10.921,-6.7236,1.619,-5.8284,4.6741,5.6957,-2.4645,1.9478,-1
-765.19,-713.79,-199.54,-161.35,57.507,-95.845,-46.958,-32.208,-127.19,-43.719,13.556,-22.221,41.514,-23.61,-13.323,28.633,54.49,-83.175,-37.167,11.047,-4.5717,56.428,-25.233,-59.295,40.746,17.6,-3.9347,3.9357,1.0818,25.958,39.381,17.388,-10.849,-4.9908,4.3275,12.627,-7.0401,-16.254,-13.328,9.5328,-36.291,-14.518,-19.206,2.8527,3.8509,6.3334,-21.825,13.288,-22.62,-7.3705,-1
-785.02,-680.33,-274.84,-66.714,86.306,-92.402,-55.757,-14.834,-127.51,-45.157,68.003,-99.653,-1.3279,-47.401,-25.499,20.727,53.035,-78.088,-55.046,15.926,28.338,62.681,-16.689,-55.928,44.497,26.178,10.372,18.125,4.6098,26.4,32.469,42.525,-29.195,12.102,-4.1868,58.45,35.875,10.678,-9.8702,-32.441,-21.454,-4.4414,-20.434,-5.8966,3.6391,23.485,-20.693,2.2697,2.9138,-0.6868,-1
-497.81,-682.94,-197.81,-135.8,-159.65,-11.966,-84.225,50.98,-71.592,-69.363,-13.714,-55.81,18.902,-11.392,-47.276,-21.129,162.02,81.28,-36.479,28.244,-47.468,-21.269,87.908,-10.875,-14.354,19.642,34.084,-33.77,77.759,49.975,13.348,-6.1033,1.8278,-24.521,-20.251,15.776,33.837,-8.3157,-17.033,-19.123,5.3229,10.004,12.138,-11.993,-19.933,12.069,-11.388,7.815,-11.428,-17.011,-1
-813.83,-734.23,-170.78,-142.48,198.93,-192.76,-86.444,-115.82,-108.41,-22.059,38.454,17.204,57.342,48.66,-33.281,31.453,66.285,-59.434,18.212,26.062,-19.496,29.401,20.765,-56.952,8.699,10.018,32.304,10.567,32.811,34.503,19.713,5.2624,-12.1,-12.09,4.4125,48.003,39.078,26.975,-18.446,-17.059,9.313,-6.1171,-15.133,12.465,-7.4644,15.657,-14.62,-16.312,20.132,-2.3827,-1
-807.33,-727.16,-207.12,-129.35,28.969,-146.63,-112.03,-82.97,-71.845,-41.101,58.975,20.495,53.334,77.214,-78.247,19.408,33.89,-71.396,-16.732,23.666,-42.358,23.772,23.795,-43.648,-33.363,23.737,13.409,-13.589,23.623,44.032,19.847,2.7343,6.9202,0.0075607,15.37,16.673,27.687,13.019,-18.598,51.316,-25.562,-47.093,-8.3889,13.58,-1.0783,8.3562,21.065,-5.9096,2.0233,20.255,-1
-628.67,-693.26,-130.7,-70.709,-172.4,-107.42,-28.149,-33.322,-72.941,-56.568,88.676,-74.349,-115.06,-203.65,25.097,0.34589,45.568,-4.1198,-145.38,4.4491,18,54.904,-29.006,-7.1437,-0.60172,39.901,36.471,-9.6034,64.207,50.021,65.853,3.2232,-13.675,25.101,-2.908,7.5303,9.1267,-12.597,4.5339,-38.532,-13.864,9.9028,30.236,-21.425,-64.854,12.493,24.436,-17.708,35.161,-29.507,-1
-630.53,-693.02,-127.74,-114.81,-23.857,-36.708,-29.428,22.85,-105.97,-61.88,33.363,-108.25,-75.526,-165.45,40.331,6.7591,59.531,10.926,-70.977,4.275,-5.2621,58.542,-63.51,-8.9336,-28.582,37.083,60.037,6.3887,93.916,22.194,49.601,-16.055,-36.866,10.07,-8.8529,37.579,64.464,23.702,9.1688,-26.921,9.3709,10.995,12.082,-10.71,-4.9029,-4.0696,-15.628,23.228,-11.686,-22.715,-1
-740.67,-728.01,-246.64,-107.68,-117.81,-172.54,-90.818,-99.396,-73.243,-45.444,35.987,16.634,68.872,56.759,-93.298,-1.7835,95.226,-4.0278,-29.057,18.473,-39.279,-0.26944,36.415,-20.563,-54.374,19.439,36.963,-29.586,38.576,68.626,5.5904,13.101,0.15198,-1.4067,-0.35743,46.966,8.2958,11.262,-24.746,-29.387,-28.399,-3.2438,15.1,2.7713,15.29,-5.7478,22.166,-12.526,-2.5852,-3.7628,-1
-806.57,-714.49,-231.64,-75.554,-78.938,-124.6,-72.361,-69.533,-108.52,-60.716,53.156,-42.51,1.5962,-28.347,-35.421,9.8063,79.595,-41.881,-80.472,8.7726,14.37,33.582,-16.431,-23.086,17.996,30.105,9.2517,1.1614,14.592,45.762,33.59,23.016,-42.004,17.854,3.8905,32.691,21.233,25.925,-4.0235,-5.1767,-16.543,-10.148,-0.85176,-1.828,14.776,-11.734,-2.611,9.7823,-28.721,-0.57687,-1
-756.48,-696.27,-310.98,-144.26,24.923,-15.666,-62.48,-9.6393,-159.38,-73.919,55.807,-63.233,8.8866,-7.6917,-19.746,22.458,23.109,-62.335,-34.609,-6.5536,-48.439,4.0876,110.97,-19.917,4.0698,3.1776,36.812,-25.116,54.658,81.778,39.868,26.892,-34.726,-5.963,-11.342,11.167,-4.3758,4.2806,-20.391,-7.7812,19.398,-0.85126,4.6462,-4.3982,25.744,-1.6721,-15.278,8.2141,-12.949,11.583,-1
-472.17,-715.9,138.78,-115.59,204,-201.35,-38.613,-60.016,-89.788,-77.76,-79.905,60.91,-40.459,-77.035,-28.112,-12.697,27.175,-0.37226,-84.884,-18.177,-13.493,11.984,74.9,-16.646,-70.752,41.176,31.222,-25.017,51.469,50.562,38.139,43.836,-98.386,45.082,-3.5101,-54.812,-57.335,-28.187,-31.229,-15.287,-10.385,-21.507,-6.6757,3.7722,3.926,8.1805,-11.166,18.063,-21.843,-15.58,-1
-760.87,-700.46,-257.71,-67.643,48.36,-75.656,-87.052,-64.118,-129.65,-48.024,31.105,-62.658,-45.955,-92.355,49.589,16.226,81.609,-32.968,-95.942,12.788,8.9757,43.659,-54.685,-33.129,-23.426,37.129,11.953,-3.1873,32.535,56.96,53.08,5.3938,-42.557,32.651,7.1602,-11.092,-5.052,-9.1008,-3.8868,9.0409,-23.975,-27.969,-16.47,-10.266,-11.386,5.4541,-17.988,1.5583,-13.135,-4.9968,-1
-2489,-361.5,-499.83,-419.94,-277.14,372.83,-298.76,173.17,19.789,9.1234,-17.708,-52.461,106.09,-17.895,37.319,8.3543,63.94,19.696,42.153,-41.901,7.9588,-7.6192,-114.98,-9.6128,-0.60349,9.4118,-63.222,62.081,-24.665,10.31,-65.311,-13.21,-30.754,-37.645,28.068,-30.194,10.998,-29.86,-12.923,-16.942,8.2543,-5.933,-12.705,6.4365,-2.5733,-17.739,6.2269,-3.1667,-6.6271,-8.2531,1
-1759.1,-501.03,-68.076,-152.94,61.145,-56.642,-85.223,37.915,31.397,-2.6375,-125.92,-114.34,-5.8414,22.003,34.148,-98.23,84.75,74.872,-18.231,-41.299,31.017,87.929,6.2648,-25.105,32.856,-28.578,10.957,-21.468,53.659,38.75,38.04,-54.298,-46.309,20.328,46.386,3.5869,46.681,-10.614,-49.59,-47.977,-50.74,4.4612,21.896,-24.772,-24.795,30.206,-10.288,23.082,24.335,-28.338,1
-1696,-682.15,62.189,-42.238,103.41,-88.002,-276.17,173.55,5.3089,41.901,-129.77,7.2877,8.5218,-47.911,107.67,-113.63,80.408,-19.637,-24.938,-45.992,-72.335,38.627,40.33,-21.953,-84.57,-45.523,46.253,8.0474,69.684,-13.371,12.994,22.23,-43.75,-32.166,13.4,-17.406,-108.99,114.01,38.16,49.009,-46.501,-52.918,-3.3301,120.18,-33.241,3.5264,17.101,-6.1495,35.876,-28.44,1
-1658.9,-502.77,-9.8885,-191.23,85.639,-111.04,-120.56,-73.459,-144.24,110.8,-114.92,-83.797,-67.568,103.97,20.804,-80.833,1.3146,23.18,53.867,-36.887,62.565,147.59,-63.248,0.95095,-4.1894,31.234,17.398,20.224,18.604,82.243,37.718,49.085,-7.3981,-50.517,-37.197,42.299,-65.476,59.511,-12.66,41.241,12.292,-30.803,47.537,5.2395,-0.17204,30.658,-13.257,25.966,19.663,-10.692,1
-1319.9,-716.24,-23.87,-84.289,-54.446,-122.58,-96.367,-63.562,-78.12,102.36,-125.57,-77.814,110.99,11.01,-116.01,-43.331,12.648,65.982,-10.545,-79.593,64.18,206.84,-27.676,-23.514,43.79,32.442,-6.5649,-1.3556,18.292,3.7355,-16.85,56.286,2.5575,37.991,15.894,47.595,-59.035,58.954,89.704,-20.574,-18.57,-13.755,51.368,51.514,-2.4833,-14.554,9.5236,11.916,17.776,-34.752,1
-1092.7,-650.22,-112.85,-268.66,-22.448,-91.308,-75.293,138.13,-91.613,81.191,-97.965,-229.87,38.039,68.386,-130.14,-90.746,54.121,92.28,4.5307,-88.642,37.689,146.89,67.49,-41.169,9.6158,-49.314,30.289,-59.327,71.412,-18.146,-44.71,-75.723,-2.0276,-27.228,-8.1784,-7.3957,49.999,19.867,-16.945,-14.232,-18.801,0.15017,31.081,34.376,5.65,-27.859,-3.7248,21.475,43.902,-24.896,1
-1310.1,-358.43,-178.2,-139.23,-198.36,81.453,27.816,-6.8782,-182.36,335.48,17.488,-107.53,-52.147,-18.557,-0.70821,43.047,-59.905,5.8059,14.338,-12.74,171.66,64.428,-58.868,-65.565,-105.36,-37.972,9.9364,-74.489,-10.187,-35.45,28.022,84.344,121.25,-5.5264,56.459,84.824,-1.9363,72.297,-36.203,-26.549,-31.516,-39.622,1.6742,8.8958,-9.121,27.953,11.041,-40.213,29.217,7.9109,1
-1523.4,-352.53,-214.49,-131.28,-246.55,-70.53,-43.473,139.29,-151.97,209.6,-22.068,-150.64,-80.28,73.766,-95.511,-140.54,13.128,-38.863,71.949,-61.405,112.96,110.73,-61.47,-64.441,-47.624,14.079,12.138,-41.771,83.575,41.127,52.748,56.855,22.146,-39.825,-63.511,116.36,-11.679,-73.796,-11.128,29.202,-31.964,1.347,84.318,-2.9018,-33.584,14.863,-30.897,54.72,-11.126,22.529,1
-1271,-273.24,-190.07,-203.09,-8.0704,25.28,-5.2776,35.668,-141.21,339.41,5.9444,-141.67,-87.204,123.48,-63.802,-148.32,3.8414,143.32,-83.126,-68.745,72.277,177.89,-3.1177,-45.366,3.2136,-49.985,39.853,32.469,89.324,15.095,-47.073,45.833,-2.7205,77.45,38.272,26.921,33.866,4.7164,41.236,32.115,-5.632,84.412,39.066,-17.423,-38.462,16.752,-21.221,18.197,33.014,8.8008,1
-1649.8,-360.59,-252.43,19.421,-18.823,99.234,-124.61,118.78,-59.809,-68.633,-100.59,-26.868,-94.839,35.748,3.4994,-74.154,-105.81,85.636,-51.183,-107.76,0.51242,15.607,-15.902,-53.753,15.493,-131.33,17.188,13.032,55.983,48.075,-19.482,18.166,-5.8286,49.61,58.353,12.956,5.6571,-12.782,54.606,20.004,-81.63,59.297,-66.535,19.756,-19.149,22.051,-20.397,-18.06,10.351,-9.0776,1
-1404.2,5.4708,-118.62,8.3419,332.8,24.278,99.239,-101.46,-114.92,384.62,-177.97,-15.848,-33.477,-103,45.693,46.066,-70.256,-10.78,50.008,-40.427,109.12,91.303,-101.51,-38.213,-138.48,15.618,54.166,-63.008,9.1108,7.2412,126.72,98.747,-93.376,-64.74,18.258,47.935,12.407,-36.088,-75.742,-121.65,-7.3525,-8.0875,-10.78,-29.253,-14.675,-30.643,15.689,7.5828,-13.958,-20.027,1
-1626.4,-527.9,-393.47,80.504,-8.456,-18.445,-223.17,217.97,-101.5,-36.268,-49.926,-76.687,11.593,-46.977,40.769,-128.41,-55.88,75.423,-0.47163,-76.142,-39.954,41.74,36.981,-4.4841,-0.39631,-89.695,40.491,-16.669,93,-85.159,-18.508,5.8889,-54.509,-3.9256,64.348,-49.779,-82.982,14.693,-12.513,-24.48,134.02,-54.165,-4.1672,-5.3363,4.7307,41.62,11.429,-2.5835,13.338,-30.113,1
-893.23,-378.16,-358.74,146.15,-1.7701,-278.08,-86.438,123.47,-246.81,-30.543,-290.42,-15.689,-19.712,37.26,73.326,-21.731,161.72,-9.8664,-52.24,119.09,56.062,-12.774,-96.519,-89.852,-13.49,48.454,221.55,-38.149,-7.2244,19.55,-55.072,-25.266,44.99,-42.138,4.3374,50.298,-124.07,-68.56,-69.9,9.6782,-0.62541,51.83,-72.341,-16.538,-9.6971,-80.818,20.776,-3.8242,34.234,14.018,1
-833.65,-1035.8,-320.71,-157.17,-218.24,-24.637,-327.65,-44.38,-55.686,-157.67,-14.277,-91.991,-88.887,-137.36,-98.936,-66.21,-24.275,-15.671,5.4869,-26.52,-58.113,9.5344,27.5,-7.4688,-33.988,24.044,-7.175,-3.0992,-16.345,-20.982,4.8453,2.1397,0.42438,12.594,3.0108,-7.8288,5.2179,-6.0685,0.074392,5.7868,13.186,2.7065,-5.1932,-10.296,-8.8927,4.4351,6.2478,5.0017,-3.0914,2.0858,-1
217.03,-679.43,220.46,-57.164,-311.41,122.97,213.18,-39.07,-102.25,9.615,-28.227,11.388,91.858,-92.832,29.489,-5.5133,-14.181,-15.855,43.789,-53.003,105.87,-49.636,-29.089,-21.265,38.598,-11.896,-39.637,15.677,-56.964,-8.8535,-36.255,6.5363,0.68218,-48.694,58.118,27.229,40.956,-39.881,-31.765,-5.575,9.0138,12.065,-28.962,-7.742,-4.814,13.236,9.5875,-3.0634,39.388,9.6848,-1
353.47,-621.5,322.54,-161.79,-285.13,114.4,157.96,-12.64,-85.047,72.673,-47.177,55.958,123.26,-80.82,43.492,-54.659,-40.321,-27.259,57.605,-52.175,48.73,-31.309,-55.841,11.727,-47.466,-5.715,-77.763,28.136,-6.5531,-31.815,-22.453,19.937,-23.875,-38.904,100.04,31.031,49.066,-26.853,-30.29,7.3945,2.593,13.476,-16.065,-4.4971,0.48857,10.378,-5.6987,-1.2663,-2.5574,-18.269,-1
518.57,-573.84,144.12,-137.05,-294.71,363.28,-13.01,-73.697,-9.1185,106.16,-22.748,43.063,126.23,-57.285,57.808,14.103,53.568,28.564,-69.981,62.672,-14.761,42.115,61.666,85.978,33.617,39.68,-59.485,54.652,40.925,-24.459,32.301,17.071,-10.124,30.637,24.014,56.79,21.358,-59.193,-30.732,-110.16,-25.698,-48.306,-5.695,1.0645,9.0608,2.2724,-36.946,2.3669,-15.816,-46.061,-1
-62.97,-772.11,253.87,-91.739,-192.46,-4.2654,19.764,39.113,-73.091,-122.04,-15.42,1.8925,98.042,-32.562,55.57,52.197,59.594,-21.416,-61.892,100.76,6.8889,12.49,21.477,19.95,14.575,-10.42,-70.252,121.69,-32.385,56.484,75.216,-7.7922,-19.87,-77.037,-41.311,-60.028,49.007,-40.267,-56.022,-13.897,7.4919,43.928,-41.206,-2.1919,17.667,10.153,-4.0696,30.23,-5.8549,14.419,-1
756.05,-500.03,175.15,-156.95,-260.14,412.04,-67.212,-46.076,7.3168,50.494,-20.399,4.1838,77.371,-30.305,-55.186,56.373,33.208,-61.404,-5.654,-16.742,90.172,2.6828,-39.335,-39.351,53.861,-145.04,-1.6158,55.459,53.665,13.568,-1.0088,-25.489,19.386,7.3436,-11.034,6.4375,103.47,-109.92,-26.147,66.47,2.0883,87.755,-39.606,18.315,8.2696,-0.40731,29.818,4.503,-6.8176,33.01,-1
-252.94,-838.22,340.17,-310.96,-200.2,49.407,-158.11,-8.5181,-37.577,28.337,-45.541,-6.5795,52.366,65.682,74.933,78.328,115.43,13.058,-88.442,73.61,23.148,-0.16943,5.4644,-7.9752,2.0241,53.639,-39.201,40.899,26.652,-48.836,69.606,16.193,-29.913,-26.228,57.525,-45.839,74.501,-14.035,-12.765,-4.5681,2.9823,0.3432,-4.8909,-23.686,2.6277,8.0363,-34.189,21.45,0.076819,-24.193,-1
683.56,-510.74,149.34,-174.11,-346.47,363.13,85.205,-17.737,-1.6606,-14.803,7.636,24.35,101.19,-68.247,29.193,29.995,65.419,34.516,-50.905,41.362,81.25,91.777,35.151,-60.834,23.92,39.142,28.936,43.462,24.579,20.732,45.016,2.0087,-4.576,8.0459,-28.937,-22.042,76.482,-73.924,-13.87,57.93,-6.1374,56.419,11.234,-17.427,-0.92189,-4.819,-14.76,-6.7077,10.326,6.0929,-1
127.79,-676.84,162.66,-168.92,-300.73,-11.112,217.36,7.4646,-73.331,-127.2,-25.248,26.442,73.605,-15.573,43.116,29.615,75.564,37.523,-15.639,25.741,60.935,73.709,10.747,-49.23,-67.105,-9.8542,27.565,46.04,24.179,18.706,34.502,30.819,-26.986,-19.078,13.817,6.0866,47.43,-65.633,-37.762,34.295,8.9532,17.2,14.211,-30.776,-4.4724,1.7132,-11.729,20.824,-4.0933,3.898,-1
-98.536,-770.3,419.86,-186.4,-144.62,-93.748,-93.248,35.998,-66.55,80.945,-0.23821,-3.6289,53.56,38.362,85.579,40.053,119.54,35.109,-88.565,79.513,10.443,30.698,-46.714,-76.949,24.325,89.297,4.5487,39.342,-73.213,-37.539,-16.448,-18.122,0.51209,3.821,50.987,-27.203,98.216,-10.284,-6.9049,4.3104,-7.2628,4.8713,6.5707,-13.979,0.10543,2.7032,-23.978,25.823,-36.04,-34.396,-1
297.31,-604.8,352.23,-225.68,-141.48,-21.761,-78.494,-4.1814,-32.322,94.188,-13.694,11.747,98.204,71.651,-77.235,50.852,45.11,-93.165,1.6338,-41.449,35.557,9.9922,-45.082,-10.001,-48.238,-131.05,-82.69,34.284,-32.989,-33.358,-58.313,12.527,-22.069,-89.835,78.03,3.1982,67.62,-58.565,-53.269,-69.379,25.245,-4.492,-49.057,8.2739,25.387,21.638,16.059,87.898,-82.901,3.558,-1
-146.6,-781.42,325.17,-266.49,-185.51,-72.409,-40.347,13.026,-63.67,-31.004,-42.496,13.472,138.59,-5.3063,125.52,45.821,68.593,36.044,25.098,76.811,-11.497,-37.569,-92.246,-131.88,-17.497,-13.172,-10.833,29.023,-16.261,-42.39,3.1113,15.607,-29.006,-13.74,60.946,-27.063,71.007,-10.537,-19.244,6.4442,-2.5379,-23.816,16.102,-37.311,-3.6714,2.8846,-39.198,15.273,9.4626,-10.459,-1
-48.898,-751.66,-103.7,173.42,-260.83,-90.237,247.54,21.76,-42.223,-190.77,-15.818,14.193,127.85,-100.49,58.047,52.877,-5.6625,-31.645,-49.085,-69.193,134.85,-75.204,-102.2,-59.096,120.99,-80.559,18.167,-36.525,-53.029,26.89,-99.133,4.8176,21.786,-40.383,-31.004,30.264,-12.66,-8.5958,3.456,-17.639,-3.4517,-1.3449,-6.0152,22.414,1.4087,13.123,21.666,41.686,-23.046,22.831,-1
-1084.3,-562.16,-756.48,-23.816,-407.81,-40.475,-47.985,267.35,-42.883,-28.235,-173.73,-164.48,-33.389,18.333,-88.125,-11.471,9.0118,-10.9,-9.8989,-47.332,-13.906,-36.318,3.7268,-15.963,-42.646,-52.934,-44.948,-21.193,16.999,-9.6551,-16.864,-65.958,10.979,-6.2671,-17.731,-20.649,12.64,-0.15856,1.5266,-0.21149,-8.4623,6.7822,6.1555,-12.172,3.3851,1.0116,-2.8877,0.60232,1.3009,1.0255,-1
-738.57,-818.76,180.41,-216.78,-169.48,-91.494,-86.205,62.646,82.498,-41.625,27.423,119.42,56.245,34.444,39.924,-78.729,48.866,43.74,-21.724,-9.7616,-195.13,171.93,1.9719,31.689,8.0683,7.0289,-3.8402,-7.3466,-9.1639,6.5185,-14.142,-29.365,-14.011,36.78,32.581,9.5058,-2.2995,-3.3188,7.9632,18.543,-36.203,6.9733,-0.63472,-18.143,16.851,-30.798,11.772,-4.2942,-21.562,1.4341,-1
-745.22,-754.45,7.0438,-176.84,-236.69,-80.888,-111.49,-94.61,60.077,-0.5078,-8.5806,123.84,31.507,-63.844,-71.548,42.639,90.267,-33.468,-49.619,-170.73,-99.348,31.005,-53.393,14.743,2.1164,-0.18508,6.9464,4.5468,16.623,-17.432,-5.1284,7.3629,-28.978,-22.192,29.459,13.122,-17.843,16.536,-11.67,21.36,-25.439,-6.9607,-25.605,-19.865,6.5262,-23.372,21.808,19.983,1.2588,8.0425,-1
-818.09,-93.281,-415.8,67.579,-297.73,-86.866,13.387,-86.016,73.138,-17.834,313.53,2.2779,126.04,-145.07,163.03,116.75,-11.816,108.73,-21.258,-28.947,-14.402,-8.0205,-37.775,0.038712,-0.7807,53.819,-5.3109,27.743,21.27,16.262,-17.48,21.685,-47.617,-33.186,-33.016,55.886,32.379,-18.044,-14.493,-25.747,-42.914,-26.624,-25.999,6.2648,7.0856,28.44,-61.42,43.4,-48.125,-4.9367,-1
-495.44,-686.82,10.424,-217.36,-263.89,-36.831,35.882,-206.72,-268.5,-126.3,18.884,143.15,73.935,19.558,225.34,-11.786,78.679,-80.854,54.055,104.68,43.475,95.327,28.547,-50.03,-10.185,-20.431,5.2171,-4.6127,-11.68,-6.7426,-17.028,-71.052,40.509,-46.502,10.713,11.86,-20.729,17.538,-33.278,-7.1018,18.412,26.854,-0.15956,14.958,17.983,-10.418,1.1791,14.509,10.167,-18.202,-1
-651.48,-771.86,129.61,-225,-199.62,-137.07,-121.91,-55.037,155.82,-18.917,73.869,179.24,10.111,-28.64,153.12,52.358,193.6,-35.106,159.57,136.53,77.58,44.573,6.0344,-45.329,-26.496,-30.879,-32.268,-17.719,-6.2349,14.331,-22.937,-26.723,0.24123,3.6965,33.067,3.9039,-12.239,15.925,6.3142,-7.44,-20.915,-23.88,17.943,-25.675,20.368,-50.733,56.913,19.533,-0.11937,-15.724,-1
-723.72,-766.69,151.48,-165.72,-148.06,-56.351,-2.1087,86.35,13.081,-31.272,114.24,133.56,53.679,-15.093,143.66,66.697,7.6889,-84.904,-80.482,-49.8,-100.91,147.02,63.566,53.548,35.009,13.35,-27.683,-15.898,-11.512,22.278,-28.057,1.5248,0.34251,5.017,2.7468,4.0606,-13.422,-12.542,-2.2449,28.068,-25.167,-24.15,4.282,-21.236,24.088,-17.343,12.571,12.219,-8.612,-7.5975,-1
-587.66,-661.17,-50.192,-94.666,-195.32,-88.826,-116.85,-159.01,-43.942,-64.53,85.768,166.87,18.871,-29.264,71.595,56.101,156.79,-4.5029,64.746,45.805,-97.15,26.4,-21.553,-25.973,-13.802,-2.2737,1.0158,-5.7095,14.004,3.8146,-26.112,-34.344,-15.049,-3.4328,58.234,21.592,-30.945,29.453,-11.963,-5.329,3.3713,-1.6258,1.724,-3.2022,2.0172,-18.952,-49.186,12.706,-9.1329,-4.867,-1
-567.12,-757.84,292.47,-44.803,-13.524,-149.97,-56.665,48.49,-164.21,-180.17,95.649,153.54,44.446,96.048,116.56,-134.23,211.39,61.513,61.093,-41.339,-43.535,22.868,13.816,-2.9723,-5.2908,7.4262,2.2684,-17.912,-5.5103,8.9506,-17.998,2.7607,-14.486,71.64,-3.0169,-8.4327,-6.3411,-8.5626,-32.781,21.027,-21.94,27.174,-2.9503,13.258,9.6885,2.4389,17.527,23.949,12.981,0.66965,-1
-504.77,-737.11,273.18,-215.98,-138.83,-132.46,-21.753,-82.553,48.259,-52.062,99.18,221.14,112.45,110.17,51.676,-200.94,135.21,151.11,-105.54,-181.14,-34.369,153.24,-59.479,-60.174,6.186,-5.4411,9.428,-1.356,-3.8538,-13.945,-30.643,-78.785,1.7963,37.692,103.71,14.742,-23.94,-58.179,-4.7816,22.432,4.902,-16.223,20.741,8.2733,-11.064,-22.804,-8.5151,-2.8166,19.425,-20.474,-1
-469.69,-801.64,337.44,-143.16,-59.795,-143.16,-70.55,61.769,-41.036,-142.47,68.552,224.37,122.05,-30.392,29.868,-175.5,22.253,242.75,-31.962,-31.248,-34.814,130.08,33.896,-30.785,8.726,5.5672,2.5434,-22.724,-9.0486,34.671,-44.659,-48.795,28.364,196.78,12.177,-55.696,73.27,-38.379,0.14288,-33.721,49.998,-1.0545,-9.3593,4.6111,12.055,-48.512,6.1514,-11.504,-10.704,8.4689,-1
-36.588,-814.26,590.67,-55.726,91.464,-169.13,-232.43,-66.499,59.612,-138.5,122.86,92.663,124.35,40.435,68.896,99.682,15.289,-135.27,16.3,-1.8105,184.84,-92.469,-21.416,-147.13,-60.005,-39.521,-40.653,-34.602,-8.2615,39.147,-83.673,-28.028,-17.678,31.276,31.983,1.0063,-26.752,30.863,-52.845,20.372,-51.908,-57.023,40.413,20.129,-15.194,17.304,-87.25,-44.194,17.882,-14.626,-1
-254.79,-641.42,32.659,105.6,-57.805,-154.05,-198.16,-74.899,10.58,-185.5,83.58,59.34,69.771,16.576,160.89,-16.419,48.84,55.056,-6.6234,-95.579,92.808,-7.2574,-66.537,-31.688,-46.002,-24.289,-68.68,-33.192,-25.682,5.457,-23.243,55.818,-43.793,-20.9,20.09,9.5435,-45.616,24.973,-19.678,20.083,-16.277,1.1828,6.3596,8.2863,18.341,23.516,60.135,16.917,12.29,-18.596,-1
326.9,-559.1,97.436,349.69,32.671,141.01,-155.07,-184.42,272.08,20.453,153.16,258.78,139.07,-127.29,-170.72,-31.265,75.482,-65.481,-4.2413,-35.22,191.96,-1.2688,-89.409,7.9407,-14.992,-9.5516,-90.478,-31.318,-53.89,88.446,-90.513,7.9183,44.525,11.937,-9.5102,26.394,-16.597,37.467,15.431,-44.29,21.047,-33.91,-30.125,-72.243,15.272,-61.911,34.655,-12.096,-46.939,-6.2659,-1
1050.9,-443.52,-20.572,195.95,-93.942,121.15,2.327,-335.06,-24.644,-104.89,-34.663,179.19,-65.038,-272.89,-24.19,-24.565,-124.47,141.01,19.78,84.366,-1.9804,-167.23,-85.986,-109.97,-21.399,9.5027,14.846,-49.508,-18.632,114.8,-143.97,-82.207,6.9362,127.18,55.383,-2.4268,44.564,-4.1953,-59.654,45.433,-100.78,-7.33,43.544,8.2473,11.813,3.0884,-45.263,-3.6453,27.248,-38.981,-1
-266.27,-704.15,175.32,187.74,-3.2515,229.18,290.14,237.58,251.9,76.029,154.17,212.98,79.501,56.713,51.285,-49.325,-33.622,-108.72,-97.025,-119.56,-127.28,-41.668,-77.068,-10.037,27.06,62.239,71.362,-22.956,-18.794,106.76,-122.59,9.9635,53.146,-28.479,-111.9,5.6388,8.4613,20.034,-47.696,-15.669,47.916,20.151,-30.79,-13.911,26.246,-47.051,-19.107,2.8323,18.699,-2.6935,-1
-187.85,-693.03,181.9,98.79,-67.209,235.94,315.82,107.01,182.43,76.529,112.07,197.13,70.23,82.747,74.971,61.767,-34.192,-16.6,3.4136,24.073,-105.59,-40.503,-111.91,-8.2059,11.46,43.938,56.274,-25.092,-2.5885,106.95,-121.1,-44.298,50.207,10.87,-47.092,5.4893,20.763,27.248,-53.214,-42.006,59.905,25.879,-32.747,-9.3991,3.0988,-43.369,-18.639,-33.348,12.487,-29.348,-1
-1024.3,-1751.6,-395.95,-338.01,-298.44,-269.42,-191.65,-39.475,155.2,8.3798,-5.3007,-131.3,-69.191,45.458,-80.771,-123.21,-38.013,-100.74,-113.48,-33.723,-37.755,5.7027,52.021,-45.544,-30.839,-3.6457,-3.7653,-73.569,7.5247,-18.85,-59.097,2.3667,-1.8425,6.0032,13.182,0.32959,4.8013,9.4181,-6.4957,4.1753,-10.186,3.3834,7.003,4.4569,0.64277,-3.1072,-3.3053,6.3377,0.061211,-2.9966,-1
-1531.6,-531.4,-326.77,31.031,-27.041,134.14,-50.025,24.11,2.0361,20.503,86.545,-96.419,83.489,-53.234,-9.3216,143.38,-106.64,127.64,8.1672,-6.5286,-30.277,-8.6142,11.418,-20.618,35.3,-23.861,45.366,46.077,-34.418,-155.26,-28.674,118.32,-34.07,-29.818,-21.024,-59.332,-13.39,-34.31,62.82,-45.939,7.8114,28.008,-58.544,37.323,-24.575,-33.972,-39.546,-5.3165,-18.892,37.762,-1
-1427.9,-609.83,-212.28,-193.8,-226.9,32.14,115.49,45.281,21.345,208.31,-29.262,53.957,113.66,-105,-15.13,30.21,-28.569,17.924,77.343,22.215,19.326,-54.572,-62.465,48.572,-31.156,-74.845,37.464,125.31,73.888,45.66,91.268,-54.792,66.395,155.94,-29.363,-21.055,-8.192,108.64,-111.6,60.775,-72.14,-9.688,94.42,141.74,-34.235,-81.392,-106.34,9.7304,-38.054,7.9424,-1
-1351.3,-903.49,-275.98,-105.28,-214.15,61.989,139.58,91.643,26.551,267.43,-42.592,-101.44,106.64,-52.129,142.3,124.42,-42.172,107.56,-32.353,26.374,30.462,-10.065,-32.519,62.952,4.608,-6.3872,36.985,99.953,30.946,57.406,71.897,28.654,60.787,131.04,20.009,-30.364,-27.882,104.69,-87.426,38.633,-48.582,64.896,108.75,115.96,-27.258,-58.206,-55.784,34.96,-61.134,3.7865,-1
-1486.3,-723.58,-428.94,456.91,216.24,369.68,-174.58,51.347,79.493,-195.63,96.216,13.269,121.63,9.3924,118.19,-45.977,114.84,-12.326,36.979,-20.512,-16.712,68.528,45.77,56.3,52.906,20.041,56.621,105.02,74.899,-58.878,33.061,113.65,48.48,61.743,3.3588,50.464,-46.93,46.093,-77.063,60.333,-17.576,14.165,122.09,161.74,-20.096,-49.436,-57.592,34.095,-78.785,15.075,-1
-1228.8,-961.55,-247.05,-139.06,-104.2,-46.976,47.321,53.905,78.292,20.959,36.482,-22.003,48.457,-142.89,-42.545,126.86,-145.32,117.64,25.475,-19.336,-34.609,58.358,100.87,79.714,-24.238,22.129,41.78,38.019,14.775,-15.006,122.31,9.6572,97.841,58.69,-42.544,-62.712,60.76,5.2728,-0.93226,34.318,-40.59,42.636,18.416,25.269,30.671,25.954,-15.764,15.064,-41.362,-21.188,-1
-1421.2,-440.24,-243.6,-14.576,-82.953,-147.46,353.12,56.531,136.44,-113.93,-74.445,-120.6,171.97,-59.78,65.006,30.95,80.512,-35.17,-69.618,65.638,98.236,-34.024,-120.47,50.756,-43.267,-3.9342,-52.509,85.948,147.39,33.709,-33.386,-170.27,53.665,13.682,0.61636,14.044,92.975,65.926,84.719,-25.801,84.61,45.928,-34.459,78.98,-2.4397,-15.779,-44.436,-14.17,46.331,11.289,-1
-1648,-202.51,-306.85,146.27,112.75,41.992,-94.565,28.96,59.365,-188.66,-1.6616,-4.1815,154.78,-34.892,22.8,35.615,43.961,1.8919,7.927,14.363,120.48,-93.46,-203.04,0.17913,11.992,-25.902,-17.13,88.62,-22.074,6.79,0.021586,3.4675,-42.893,43.701,17.079,52.42,94.535,31.194,18.583,20.047,20.083,41.135,62.845,52.555,-11.014,-33.028,47.454,-9.8114,64.346,2.951,-1
-1347.1,-839.39,-311.91,267.48,74.024,180.21,-205.86,2.2601,36.656,-141.12,52.802,7.4902,59.681,-43.861,33.165,32.402,62.63,16.912,61.57,1.472,67.842,-70.71,-126.23,-12.259,70.442,-34.696,59.974,32.629,-108.04,-57.977,-10.849,68.124,24.482,-32.155,52.763,125.61,43.694,7.1611,24.069,-2.4903,-0.063078,-20.114,-19.275,6.699,8.6234,18.389,13.474,18.218,-12.168,10.738,-1
-1425.3,-810.22,-322.88,143.26,45.882,97.095,243.71,203.28,241.52,-213.97,-15.496,-72.248,123.35,-29.855,38.994,27.601,95.943,-6.3545,23.41,18.061,118.45,-67.123,-109.53,34.095,8.996,-4.612,-29.677,70.054,13.103,27.147,-45.287,-2.1751,5.285,-13.725,-57.716,-8.9623,114.12,13.253,13.589,51.591,15.771,39.178,88.25,7.9396,0.50656,0.13811,-5.0292,14.091,2.229,33.933,-1
-1476.5,-728.29,-374.66,168.59,49.831,-52.684,262.56,232.13,218.16,-89.236,-42.015,-24.656,141.23,-10.019,100.67,73.64,83.961,57.02,-52.785,-21.669,81.113,-28.725,-106.52,25.591,66.19,-25.37,22.805,58.509,-51.81,-5.3388,-14.676,108.46,142.59,12.64,66.351,-113.61,91.813,17.18,51.985,24.655,-17.882,89.021,26.382,-19.052,11.165,17.377,73.34,57.339,-9.1108,0.16672,-1
-1461.8,-680.22,-271.25,103.76,-23.27,-37.749,-124.96,-18.786,101,-150.48,49.263,101.8,59.292,-45.948,33.437,48.716,22.305,31.236,34.899,9.2273,44.122,-51.324,-137.15,6.8094,51.244,-36.39,52.57,53.987,-88.046,47.98,-3.401,109.09,90.039,-31.315,20.543,-56.514,88.876,-6.7731,56.197,42.283,21.151,-86.43,3.8541,29.287,52.878,26.003,-0.15313,-26.983,36.915,9.5191,-1
-1814.4,23.573,-282.61,253.1,169.92,109.67,-124.71,54.586,84.441,-103.28,33.291,106.53,73.427,-32.612,-9.1202,51.395,46.244,9.957,-1.1688,26.85,104.48,-90.839,-218.53,-11.671,39.088,-28.903,3.439,64.753,-44.492,9.2781,-39.891,46.882,-49.254,21.868,110.06,185.52,47.916,35.59,12.641,14.997,40.537,-8.5236,37.626,60.287,13.866,-17.598,26.06,-11.732,51.919,19.731,-1
-1903.9,-993.71,-536.34,-167.78,-106.53,-204.83,-157.87,-334.57,295.83,-188.8,-70.497,43.031,-27.294,-130.74,-123.68,-58.342,-48.267,29.819,-60.816,26.677,-34.641,-48.368,-57.199,-51.082,-46.078,-22.812,36.292,-32.514,0.70712,-14.813,3.4784,-10.171,-17.678,-8.1031,10.943,-2.97,-1.76,-28.191,-17.969,6.8043,-0.40764,-0.11248,-5.6705,5.9683,-0.01817,2.0872,-5.8896,-0.77039,-0.34069,-4.1334,-1
-800.97,-955.95,-392.12,-159.57,-0.84323,411.78,429.99,-147.4,-251.55,38.774,60.571,-133.11,328.32,56.081,-59.413,-64.9,17.52,-57.949,28.276,-3.241,9.7293,18.764,-15.123,31.446,-20.877,54.021,68.785,11.682,-42.469,11.833,14.407,45.809,-0.77573,9.6334,7.371,62.004,46.186,6.8263,11.421,-37.114,-8.4429,-17.13,-48.055,-16.291,25.875,-5.2362,-2.6515,-12.544,22.427,20.742,-1
-1378.9,-1009.6,73.734,-286.88,4.132,-73.507,67.639,-95,-32.798,-104.4,-131.91,-107.6,9.0775,-43.949,-13.709,53.182,83.165,-7.8247,73.462,-31.666,4.6281,136.36,39.188,-12.515,56.97,9.0587,9.8157,-20.819,32.293,-37.798,4.9229,59.009,39.099,-25.489,-15.808,42.394,13.071,48.249,24.752,-27.992,-20.26,34.726,-68.688,28.871,89.001,-0.64565,14.485,-16.992,-16.422,5.8708,-1
-1171.3,-1018.7,282.39,-430.82,56.926,55.483,194.32,-29.82,-179.45,-106.97,-80.188,17.318,14.241,-36.71,3.0239,45.373,36.199,-23.645,58.249,-12.201,5.8391,62.761,5.4374,-3.1291,39.834,23.265,-16.503,5.2439,9.6055,-0.8242,-7.5738,-46.873,-27.113,39.517,56.391,-32.394,15.733,-8.2351,16.394,-52.354,34.763,-16.421,-7.6645,-80.396,-41.597,4.8203,5.7138,-28.411,-0.73385,-7.0839,-1
-991.12,-1074.3,632.84,-475.26,77.26,-33.389,230.59,-46.504,-203.32,-169.91,-109.33,15.61,-5.7733,-23.355,85.95,-26.609,36.515,12.341,23.269,8.8686,40.766,41.611,4.7382,0.040428,39.548,22.625,-64.493,-2.9905,-34.48,2.6063,-77.278,3.2612,-15.167,42.608,42.366,-10.221,-1.0507,-54.205,2.1627,16.811,47.672,-7.1416,-9.4968,-56.375,-40.55,-17.041,-41.427,-54.706,0.71019,-18.625,-1
-1240.6,-1022.8,229.3,-451.37,104.43,-9.6696,244.23,-57.678,-204.84,-81.925,-118.61,11.458,-12.776,-7.1801,0.73453,51.844,-20.649,-3.4263,16.039,-43.912,-3.9339,88.025,9.7342,56.995,26.452,12.725,-44.245,60.914,-48.819,-19.728,-40.365,28.107,25.089,24.239,-14.335,41.632,35.898,-50.119,16.052,25.81,54.943,-6.3753,-62.226,25.261,-2.9351,-43.706,-33.374,-39.847,-29.776,28.952,-1
-1549,-983.88,60.484,-324.26,104.98,-197.22,44.452,-30.3,-33.909,-141.93,-122.12,2.1466,7.8124,-30.423,30.522,50.139,2.6458,6.3562,27.016,-52.806,-25.326,68.443,15.136,62.671,17.682,31.835,-37.494,113.65,-29.915,40.054,21.484,5.6583,3.1933,17.742,-7.615,-31.936,32.471,18.276,29.13,22.191,21.817,39.834,-47.187,-31.548,16.026,-18.773,-3.0842,-14.748,-1.0921,-9.7626,-1
-1042.5,-1034.5,288.05,-344.67,-26.631,98.367,106.57,61.45,-28.774,-169.58,-85.601,120.1,59.192,21.691,-38.711,68.435,45.884,-5.9211,57.006,-8.574,34.704,76.486,72.892,-39.265,72.177,-7.176,30.624,-20.43,34.274,-20.143,-38.534,-11.875,29.636,-35.007,3.2672,-42.683,2.4926,6.4117,27.637,17.995,8.9586,22.798,-56.596,51.49,99.689,5.9573,1.4336,-39.58,-0.27161,10.304,-1
-1250,-930.85,-207.34,-279.42,154.54,37.861,255.19,-82.358,-192.04,-23.34,-89.26,-89.323,42.396,-28.549,1.6753,83.867,-10.704,-22.044,24.694,-19.609,-28.455,80.76,33.654,25.561,74.312,42.23,-33.556,-36.051,18.335,10.858,6.9688,-92.493,-40.995,36.24,29.023,-94.6,-40.511,7.2326,-0.82769,-38.369,22.346,0.95209,-35.753,-13.557,-19.433,16.949,32.023,0.6132,-32.513,-24.916,-1
-1331.9,-981.34,1.866,-376.33,99.948,-23.391,119.89,-48.712,-159.49,-88.063,-103.53,-52.281,5.8326,-45.206,9.7127,54.638,58.238,-37.949,54.027,-15.761,2.2748,88.447,32.097,42.669,60.842,-27.837,-46.713,12.064,-24.323,0.62418,-13.343,14.689,-3.2925,7.8653,-33.143,26.593,16.186,3.2104,19.499,35.821,23.335,4.5603,-50.799,-4.1843,27.942,-4.6459,0.040064,-44.27,12.621,1.3446,-1
-1280.4,-1015,410.39,-412.96,56.351,-186.08,10.811,-184.15,-28.794,-117.02,-91.44,-118.28,-8.1036,-56.214,44.202,47.331,39.031,-5.4645,28.968,-30.137,-5.2992,52.732,50.351,14.849,60.077,64.711,-34.569,-6.9669,36.858,2.4783,-40.94,10.64,4.5101,31.803,49.08,-12.118,-18.126,-27.378,6.6893,-0.1762,15.777,-30.626,-11.88,-46.167,-49.707,6.8522,18.669,-46.488,-15.869,8.1311,-1
-1253.5,-1027.5,327.81,-399.81,30.837,-160.41,43.075,-55.848,-15.095,-153,-101.1,-56.38,-1.505,-48.107,58.914,41.052,-40.908,52.073,38.622,-3.7615,65.35,95.224,62.241,-18.242,59.351,17.119,58.127,32.351,16.252,-21.96,-40.031,-52.99,25.721,3.7486,13.366,-56.548,-12.614,0.27136,52.335,25.99,25.509,4.9627,-14.709,40.93,64.275,-6.4503,-12.533,-28.505,-1.9075,14.601,-1
-1150.3,-945.63,302.43,-392.42,107.59,-199.34,169.31,-16.616,-159.81,-59.316,-125.63,-85.295,-14.37,-61.495,-2.4022,18.55,-3.6524,1.9131,44.994,-38.048,3.745,76.395,-44.326,74.296,-5.6571,51.145,-30.064,108.65,-69.058,26.854,11.106,-50.165,-32.632,77.481,36.509,-5.7658,73.769,-24.441,29.745,-15.403,62.608,36.853,12.185,0.623,-30.828,-29.581,-51.695,-14.106,-2.0133,-20.586,-1
